#
# There is insufficient memory for the Java Runtime Environment to continue.
# Native memory allocation (malloc) failed to allocate 555696 bytes. Error detail: Chunk::new
# Possible reasons:
#   The system is out of physical RAM or swap space
#   This process is running with CompressedOops enabled, and the Java Heap may be blocking the growth of the native heap
# Possible solutions:
#   Reduce memory load on the system
#   Increase physical memory or swap space
#   Check if swap backing store is full
#   Decrease Java heap size (-Xmx/-Xms)
#   Decrease number of Java threads
#   Decrease Java thread stack sizes (-Xss)
#   Set larger code cache with -XX:ReservedCodeCacheSize=
#   JVM is running with Zero Based Compressed Oops mode in which the Java heap is
#     placed in the first 32GB address space. The Java Heap base address is the
#     maximum limit for the native heap growth. Please use -XX:HeapBaseMinAddress
#     to set the Java Heap base and to place the Java Heap above 32GB virtual address.
# This output file may be truncated or incomplete.
#
#  Out of Memory Error (arena.cpp:168), pid=14012, tid=12596
#
# JRE version: OpenJDK Runtime Environment Corretto-21.0.11.10.1 (21.0.11+10) (build 21.0.11+10-LTS)
# Java VM: OpenJDK 64-Bit Server VM Corretto-21.0.11.10.1 (21.0.11+10-LTS, mixed mode, sharing, tiered, compressed oops, compressed class ptrs, g1 gc, windows-amd64)
# No core dump will be written. Minidumps are not enabled by default on client versions of Windows
#

---------------  S U M M A R Y ------------

Command Line: --add-opens=java.base/java.lang=ALL-UNNAMED --add-opens=java.base/java.lang.invoke=ALL-UNNAMED --add-opens=java.base/java.util=ALL-UNNAMED --add-opens=java.prefs/java.util.prefs=ALL-UNNAMED --add-exports=jdk.compiler/com.sun.tools.javac.api=ALL-UNNAMED --add-exports=jdk.compiler/com.sun.tools.javac.util=ALL-UNNAMED --add-opens=java.base/java.util=ALL-UNNAMED --add-opens=java.prefs/java.util.prefs=ALL-UNNAMED --add-opens=java.base/java.nio.charset=ALL-UNNAMED --add-opens=java.base/java.net=ALL-UNNAMED --add-opens=java.base/java.util.concurrent=ALL-UNNAMED --add-opens=java.base/java.util.concurrent.atomic=ALL-UNNAMED --add-opens=java.xml/javax.xml.namespace=ALL-UNNAMED --add-opens=java.base/java.time=ALL-UNNAMED -Xmx4096M -Dfile.encoding=UTF-8 -Duser.country=US -Duser.language=en -Duser.variant -javaagent:D:\.gradle\wrapper\dists\gradle-9.1.0-bin\9agqghryom9wkf8r80qlhnts3\gradle-9.1.0\lib\agents\gradle-instrumentation-agent-9.1.0.jar org.gradle.launcher.daemon.bootstrap.GradleDaemon 9.1.0

Host: 13th Gen Intel(R) Core(TM) i5-13420H, 12 cores, 15G,  Windows 11 , 64 bit Build 26100 (10.0.26100.8521)
Time: Sat Jun  6 19:17:15 2026 SE Asia Standard Time elapsed time: 2095.294360 seconds (0d 0h 34m 55s)

---------------  T H R E A D  ---------------

Current thread (0x00000258fed127d0):  JavaThread "C2 CompilerThread2" daemon [_thread_in_native, id=12596, stack(0x000000dbbe000000,0x000000dbbe100000) (1024K)]


Current CompileTask:
C2:2095294 104728       4       com.android.tools.r8.ir.optimize.d1::a (496 bytes)

Stack: [0x000000dbbe000000,0x000000dbbe100000]
Native frames: (J=compiled Java code, j=interpreted, Vv=VM code, C=native code)
V  [jvm.dll+0x6df899]
V  [jvm.dll+0x8bc52b]
V  [jvm.dll+0x8beaba]
V  [jvm.dll+0x8bf193]
V  [jvm.dll+0x28aa16]
V  [jvm.dll+0xc917d]
V  [jvm.dll+0xc96cc]
V  [jvm.dll+0x30147e]
V  [jvm.dll+0x606397]
V  [jvm.dll+0x25bad7]
V  [jvm.dll+0x25bead]
V  [jvm.dll+0x2546e0]
V  [jvm.dll+0x251c10]
V  [jvm.dll+0x1d1bce]
V  [jvm.dll+0x26198a]
V  [jvm.dll+0x25ff15]
V  [jvm.dll+0x3ff815]
V  [jvm.dll+0x8672bd]
V  [jvm.dll+0x6de09d]
C  [ucrtbase.dll+0x2cd30]
C  [KERNEL32.DLL+0x2e957]
C  [ntdll.dll+0x87c1c]


---------------  P R O C E S S  ---------------

Threads class SMR info:
_java_thread_list=0x00000258ffeac810, length=226, elements={
0x00000258953bee60, 0x00000258fa0064c0, 0x00000258fa008f30, 0x00000258fa00b9a0,
0x00000258fa00c660, 0x00000258fa00d1f0, 0x00000258fa00dfe0, 0x00000258fa017000,
0x00000258fa0206d0, 0x00000258fa281f50, 0x00000258fa27ef80, 0x00000258fadc4d40,
0x00000258fae68950, 0x00000258fc242c20, 0x00000258fc2f01d0, 0x00000258fc2f0860,
0x00000258fc2ed3e0, 0x00000258fcf48ad0, 0x00000258fcf45ce0, 0x00000258fcf45650,
0x00000258fd2ec520, 0x00000258fd2ecbb0, 0x00000258fd2eaae0, 0x00000258fb56cc00,
0x00000258fb56a4a0, 0x00000258fcfa6910, 0x00000258fcfa7630, 0x00000258fcfa8350,
0x0000025881973690, 0x00000258fb56ecd0, 0x00000258fb56d290, 0x00000258fb56d920,
0x00000258fb56dfb0, 0x00000258fcfab7d0, 0x00000258fef63630, 0x0000025903372b90,
0x0000025903370430, 0x0000025903372500, 0x00000259033717e0, 0x0000025903385970,
0x0000025903388df0, 0x000002590337d630, 0x00000258fef5c010, 0x0000025883873a90,
0x00000258fd2ef310, 0x00000258fd2ef9a0, 0x00000258fd2f0030, 0x00000258fd2f06c0,
0x0000025891b746c0, 0x0000025891b79c10, 0x0000025891b7a2a0, 0x0000025891b76e20,
0x0000025891b7a930, 0x0000025891b77b40, 0x0000025891b781d0, 0x0000025891b78ef0,
0x0000025891b774b0, 0x0000025891b7afc0, 0x0000025891b7b650, 0x0000025891b7bce0,
0x0000025891b78860, 0x0000025891b7d720, 0x0000025891b7d090, 0x0000025891b7c370,
0x0000025891b7e440, 0x0000025891b7f160, 0x0000025891b7ca00, 0x0000025891b80ba0,
0x0000025891b81230, 0x0000025891b7ddb0, 0x0000025891b825e0, 0x0000025891b82c70,
0x0000025891b7fe80, 0x0000025891b80510, 0x0000025891b818c0, 0x0000025891b7f7f0,
0x0000025891b84020, 0x0000025891b84d40, 0x0000025891b83300, 0x0000025891b83990,
0x0000025891b846b0, 0x0000025891b853d0, 0x0000025891b81f50, 0x0000025891b88ee0,
0x0000025891b85a60, 0x0000025891b874a0, 0x0000025891b881c0, 0x0000025891b87b30,
0x0000025891b89570, 0x0000025891b860f0, 0x0000025891b86780, 0x0000025891b88850,
0x0000025891b89c00, 0x0000025891b8a290, 0x0000025891b86e10, 0x0000025891b8afb0,
0x0000025891b8bcd0, 0x0000025891b8b640, 0x0000025891b8dda0, 0x0000025891b8d710,
0x0000025891b8c360, 0x0000025891b8e430, 0x0000025891b8eac0, 0x0000025891b8f150,
0x0000025891b8d080, 0x0000025891b90b90, 0x0000025891b91220, 0x000002588385b760,
0x000002588385c480, 0x000002588385cb10, 0x0000025883859690, 0x000002588385d1a0,
0x0000025883859d20, 0x000002588385d830, 0x000002588385aa40, 0x0000025883860620,
0x000002588385f900, 0x000002588385e550, 0x0000025883860cb0, 0x0000025883861340,
0x00000258838619d0, 0x0000025883862060, 0x000002588385ebe0, 0x0000025883863410,
0x00000258838f8b60, 0x0000025883862d80, 0x00000258838626f0, 0x00000258fed127d0,
0x0000025883864e50, 0x0000025883863aa0, 0x0000025883864130, 0x00000258838647c0,
0x0000025883865b70, 0x00000258838654e0, 0x0000025883869680, 0x000002588386cb00,
0x000002588386c470, 0x000002588386bde0, 0x000002588386b0c0, 0x000002588386a3a0,
0x0000025883869d10, 0x000002588386aa30, 0x0000025883870ca0, 0x000002588386e540,
0x000002588386d820, 0x0000025883871330, 0x000002588386deb0, 0x000002588386ebd0,
0x000002588386f8f0, 0x00000258838719c0, 0x0000025883872050, 0x0000025883870610,
0x000002588386f260, 0x0000025883872d70, 0x000002588386ff80, 0x0000025883876880,
0x0000025883874120, 0x00000258838747b0, 0x0000025883875b60, 0x00000258838782c0,
0x0000025903370ac0, 0x00000259033745d0, 0x0000025903371150, 0x0000025903371e70,
0x00000259033766a0, 0x0000025903373220, 0x0000025903376010, 0x00000259033773c0,
0x0000025903378770, 0x0000025903376d30, 0x0000025903379b20, 0x000002590337b560,
0x000002590337c280, 0x000002590337a840, 0x000002590337aed0, 0x000002590337bbf0,
0x0000025903378e00, 0x000002590337f700, 0x000002590337cfa0, 0x000002590337fd90,
0x0000025903381140, 0x000002590337e350, 0x000002590337dcc0, 0x000002590337e9e0,
0x0000025903380420, 0x0000025903383f30, 0x00000259033824f0, 0x0000025903383210,
0x000002590338aec0, 0x000002590338a830, 0x000002590338e9d0, 0x000002590338b550,
0x000002590338e340, 0x000002590338f060, 0x000002590338bbe0, 0x000002590338c270,
0x000002590338c900, 0x000002588159d680, 0x000002588159e3a0, 0x00000258815a1eb0,
0x00000258815a4610, 0x00000258815a66e0, 0x0000025881978550, 0x0000025881972970,
0x0000025881977ec0, 0x00000258fc2eee20, 0x00000258fc2ee790, 0x00000258fc2ef4b0,
0x00000258fc2efb40, 0x00000258fcf48440, 0x00000258fcf47090, 0x00000258815a6d70,
0x0000025881979270, 0x00000259000c41b0, 0x00000259000c4840, 0x00000259000c1a50,
0x00000259000c2e00, 0x00000259000c5bf0, 0x00000259000c4ed0, 0x00000259000c3490,
0x00000259000c5560, 0x00000259000c2770, 0x00000259000c6280, 0x00000259000c6910,
0x00000259000c6fa0, 0x00000258fb5683d0
}

Java Threads: ( => current thread )
  0x00000258953bee60 JavaThread "main"                              [_thread_blocked, id=16308, stack(0x000000dbb5800000,0x000000dbb5900000) (1024K)]
  0x00000258fa0064c0 JavaThread "Reference Handler"          daemon [_thread_blocked, id=5020, stack(0x000000dbb6000000,0x000000dbb6100000) (1024K)]
  0x00000258fa008f30 JavaThread "Finalizer"                  daemon [_thread_blocked, id=4348, stack(0x000000dbb6100000,0x000000dbb6200000) (1024K)]
  0x00000258fa00b9a0 JavaThread "Signal Dispatcher"          daemon [_thread_blocked, id=11820, stack(0x000000dbb6200000,0x000000dbb6300000) (1024K)]
  0x00000258fa00c660 JavaThread "Attach Listener"            daemon [_thread_blocked, id=5000, stack(0x000000dbb6300000,0x000000dbb6400000) (1024K)]
  0x00000258fa00d1f0 JavaThread "Service Thread"             daemon [_thread_blocked, id=16232, stack(0x000000dbb6400000,0x000000dbb6500000) (1024K)]
  0x00000258fa00dfe0 JavaThread "Monitor Deflation Thread"   daemon [_thread_blocked, id=16236, stack(0x000000dbb6500000,0x000000dbb6600000) (1024K)]
  0x00000258fa017000 JavaThread "C2 CompilerThread0"         daemon [_thread_in_native, id=16188, stack(0x000000dbb6600000,0x000000dbb6700000) (1024K)]
  0x00000258fa0206d0 JavaThread "C1 CompilerThread0"         daemon [_thread_blocked, id=6020, stack(0x000000dbb6700000,0x000000dbb6800000) (1024K)]
  0x00000258fa281f50 JavaThread "Common-Cleaner"             daemon [_thread_blocked, id=6832, stack(0x000000dbb6800000,0x000000dbb6900000) (1024K)]
  0x00000258fa27ef80 JavaThread "Notification Thread"        daemon [_thread_blocked, id=6040, stack(0x000000dbb6900000,0x000000dbb6a00000) (1024K)]
  0x00000258fadc4d40 JavaThread "Daemon health stats"               [_thread_blocked, id=25544, stack(0x000000dbb7100000,0x000000dbb7200000) (1024K)]
  0x00000258fae68950 JavaThread "Incoming local TCP Connector on port 56566"        [_thread_in_native, id=16832, stack(0x000000dbb7500000,0x000000dbb7600000) (1024K)]
  0x00000258fc242c20 JavaThread "Daemon periodic checks"            [_thread_blocked, id=24288, stack(0x000000dbb7600000,0x000000dbb7700000) (1024K)]
  0x00000258fc2f01d0 JavaThread "Cache worker for journal cache (D:\.gradle\caches\journal-1)"        [_thread_blocked, id=24076, stack(0x000000dbb7e00000,0x000000dbb7f00000) (1024K)]
  0x00000258fc2f0860 JavaThread "File lock request listener"        [_thread_in_native, id=21724, stack(0x000000dbb7f00000,0x000000dbb8000000) (1024K)]
  0x00000258fc2ed3e0 JavaThread "Cache worker for file hash cache (D:\.gradle\caches\9.1.0\fileHashes)"        [_thread_blocked, id=22980, stack(0x000000dbb6a00000,0x000000dbb6b00000) (1024K)]
  0x00000258fcf48ad0 JavaThread "Cache worker for file content cache (D:\.gradle\caches\9.1.0\fileContent)"        [_thread_blocked, id=14476, stack(0x000000dbb8700000,0x000000dbb8800000) (1024K)]
  0x00000258fcf45ce0 JavaThread "File watcher server"        daemon [_thread_in_native, id=3232, stack(0x000000dbb8000000,0x000000dbb8100000) (1024K)]
  0x00000258fcf45650 JavaThread "File watcher consumer"      daemon [_thread_blocked, id=24632, stack(0x000000dbb8800000,0x000000dbb8900000) (1024K)]
  0x00000258fd2ec520 JavaThread "jar transforms"                    [_thread_blocked, id=24844, stack(0x000000dbb8b00000,0x000000dbb8c00000) (1024K)]
  0x00000258fd2ecbb0 JavaThread "jar transforms Thread 2"           [_thread_blocked, id=20536, stack(0x000000dbb8c00000,0x000000dbb8d00000) (1024K)]
  0x00000258fd2eaae0 JavaThread "jar transforms Thread 3"           [_thread_blocked, id=22844, stack(0x000000dbb8e00000,0x000000dbb8f00000) (1024K)]
  0x00000258fb56cc00 JavaThread "jar transforms Thread 4"           [_thread_blocked, id=7104, stack(0x000000dbba400000,0x000000dbba500000) (1024K)]
  0x00000258fb56a4a0 JavaThread "jar transforms Thread 5"           [_thread_blocked, id=22540, stack(0x000000dbba500000,0x000000dbba600000) (1024K)]
  0x00000258fcfa6910 JavaThread "jar transforms Thread 6"           [_thread_blocked, id=21920, stack(0x000000dbbb000000,0x000000dbbb100000) (1024K)]
  0x00000258fcfa7630 JavaThread "jar transforms Thread 7"           [_thread_blocked, id=16596, stack(0x000000dbbb100000,0x000000dbbb200000) (1024K)]
  0x00000258fcfa8350 JavaThread "jar transforms Thread 8"           [_thread_blocked, id=20292, stack(0x000000dbbb200000,0x000000dbbb300000) (1024K)]
  0x0000025881973690 JavaThread "Memory manager"                    [_thread_blocked, id=3304, stack(0x000000dbba300000,0x000000dbba400000) (1024K)]
  0x00000258fb56ecd0 JavaThread "jar transforms Thread 9"           [_thread_blocked, id=16192, stack(0x000000dbb8600000,0x000000dbb8700000) (1024K)]
  0x00000258fb56d290 JavaThread "jar transforms Thread 10"          [_thread_blocked, id=8128, stack(0x000000dbb8900000,0x000000dbb8a00000) (1024K)]
  0x00000258fb56d920 JavaThread "jar transforms Thread 11"          [_thread_blocked, id=24876, stack(0x000000dbb8a00000,0x000000dbb8b00000) (1024K)]
  0x00000258fb56dfb0 JavaThread "jar transforms Thread 12"          [_thread_blocked, id=21072, stack(0x000000dbb8d00000,0x000000dbb8e00000) (1024K)]
  0x00000258fcfab7d0 JavaThread "pool-4-thread-1"                   [_thread_blocked, id=21608, stack(0x000000dbbbf00000,0x000000dbbc000000) (1024K)]
  0x00000258fef63630 JavaThread "pool-7-thread-1"                   [_thread_blocked, id=19636, stack(0x000000dbbc800000,0x000000dbbc900000) (1024K)]
  0x0000025903372b90 JavaThread "RMI Scheduler(0)"           daemon [_thread_blocked, id=10576, stack(0x000000dbbd900000,0x000000dbbda00000) (1024K)]
  0x0000025903370430 JavaThread "RMI GC Daemon"              daemon [_thread_blocked, id=14748, stack(0x000000dbc3b00000,0x000000dbc3c00000) (1024K)]
  0x0000025903372500 JavaThread "RMI TCP Accept-0"           daemon [_thread_in_native, id=9032, stack(0x000000dbc3c00000,0x000000dbc3d00000) (1024K)]
  0x00000259033717e0 JavaThread "RMI Reaper"                        [_thread_blocked, id=24884, stack(0x000000dbc3d00000,0x000000dbc3e00000) (1024K)]
  0x0000025903385970 JavaThread "pool-12-thread-1"                  [_thread_blocked, id=22736, stack(0x000000dbbae00000,0x000000dbbaf00000) (1024K)]
  0x0000025903388df0 JavaThread "pool-15-thread-1"                  [_thread_blocked, id=3112, stack(0x000000dbbb300000,0x000000dbbb400000) (1024K)]
  0x000002590337d630 JavaThread "pool-18-thread-1"                  [_thread_blocked, id=10080, stack(0x000000dbbcd00000,0x000000dbbce00000) (1024K)]
  0x00000258fef5c010 JavaThread "pool-22-thread-1"                  [_thread_blocked, id=5376, stack(0x000000dbb8400000,0x000000dbb8500000) (1024K)]
  0x0000025883873a90 JavaThread "pool-26-thread-1"                  [_thread_blocked, id=24644, stack(0x000000dbbbe00000,0x000000dbbbf00000) (1024K)]
  0x00000258fd2ef310 JavaThread "Daemon Thread 8"                   [_thread_blocked, id=2140, stack(0x000000dbb5500000,0x000000dbb5600000) (1024K)]
  0x00000258fd2ef9a0 JavaThread "Handler for socket connection from /127.0.0.1:56566 to /127.0.0.1:61022"        [_thread_in_native, id=23368, stack(0x000000dbb5600000,0x000000dbb5700000) (1024K)]
  0x00000258fd2f0030 JavaThread "Cancel handler"                    [_thread_blocked, id=10400, stack(0x000000dbb5700000,0x000000dbb5800000) (1024K)]
  0x00000258fd2f06c0 JavaThread "Daemon worker Thread 8"            [_thread_blocked, id=20268, stack(0x000000dbb6b00000,0x000000dbb6c00000) (1024K)]
  0x0000025891b746c0 JavaThread "Asynchronous log dispatcher for DefaultDaemonConnection: socket connection from /127.0.0.1:56566 to /127.0.0.1:61022"        [_thread_blocked, id=24356, stack(0x000000dbb7700000,0x000000dbb7800000) (1024K)]
  0x0000025891b79c10 JavaThread "Stdin handler"                     [_thread_blocked, id=24504, stack(0x000000dbb7800000,0x000000dbb7900000) (1024K)]
  0x0000025891b7a2a0 JavaThread "Daemon client event forwarder"        [_thread_blocked, id=24084, stack(0x000000dbb7900000,0x000000dbb7a00000) (1024K)]
  0x0000025891b76e20 JavaThread "Cache worker for file hash cache (D:\Projects\tugas-pengembangan-aplikasi-mobile\tugas-minggu-3\.gradle\9.1.0\fileHashes)"        [_thread_blocked, id=20284, stack(0x000000dbb7a00000,0x000000dbb7b00000) (1024K)]
  0x0000025891b7a930 JavaThread "Cache worker for checksums cache (D:\Projects\tugas-pengembangan-aplikasi-mobile\tugas-minggu-3\.gradle\9.1.0\checksums)"        [_thread_blocked, id=23668, stack(0x000000dbb7b00000,0x000000dbb7c00000) (1024K)]
  0x0000025891b77b40 JavaThread "Cache worker for Build Output Cleanup Cache (D:\Projects\tugas-pengembangan-aplikasi-mobile\tugas-minggu-3\.gradle\buildOutputCleanup)"        [_thread_blocked, id=24480, stack(0x000000dbb7c00000,0x000000dbb7d00000) (1024K)]
  0x0000025891b781d0 JavaThread "Cache worker for cache directory md-supplier (D:\.gradle\caches\9.1.0\md-supplier)"        [_thread_blocked, id=23948, stack(0x000000dbb8500000,0x000000dbb8600000) (1024K)]
  0x0000025891b78ef0 JavaThread "Cache worker for cache directory md-rule (D:\.gradle\caches\9.1.0\md-rule)"        [_thread_blocked, id=9348, stack(0x000000dbb8f00000,0x000000dbb9000000) (1024K)]
  0x0000025891b774b0 JavaThread "Unconstrained build operations"        [_thread_blocked, id=25336, stack(0x000000dbb9000000,0x000000dbb9100000) (1024K)]
  0x0000025891b7afc0 JavaThread "Unconstrained build operations Thread 2"        [_thread_blocked, id=6984, stack(0x000000dbb9100000,0x000000dbb9200000) (1024K)]
  0x0000025891b7b650 JavaThread "Unconstrained build operations Thread 3"        [_thread_blocked, id=17576, stack(0x000000dbb9200000,0x000000dbb9300000) (1024K)]
  0x0000025891b7bce0 JavaThread "Unconstrained build operations Thread 4"        [_thread_blocked, id=23888, stack(0x000000dbb9300000,0x000000dbb9400000) (1024K)]
  0x0000025891b78860 JavaThread "Unconstrained build operations Thread 5"        [_thread_blocked, id=7804, stack(0x000000dbb9400000,0x000000dbb9500000) (1024K)]
  0x0000025891b7d720 JavaThread "Unconstrained build operations Thread 6"        [_thread_blocked, id=22352, stack(0x000000dbb9500000,0x000000dbb9600000) (1024K)]
  0x0000025891b7d090 JavaThread "Unconstrained build operations Thread 7"        [_thread_blocked, id=1400, stack(0x000000dbb9600000,0x000000dbb9700000) (1024K)]
  0x0000025891b7c370 JavaThread "Unconstrained build operations Thread 8"        [_thread_blocked, id=12608, stack(0x000000dbb9700000,0x000000dbb9800000) (1024K)]
  0x0000025891b7e440 JavaThread "Unconstrained build operations Thread 9"        [_thread_blocked, id=24780, stack(0x000000dbb9800000,0x000000dbb9900000) (1024K)]
  0x0000025891b7f160 JavaThread "Unconstrained build operations Thread 10"        [_thread_blocked, id=24064, stack(0x000000dbb9900000,0x000000dbb9a00000) (1024K)]
  0x0000025891b7ca00 JavaThread "Unconstrained build operations Thread 11"        [_thread_blocked, id=3132, stack(0x000000dbb9a00000,0x000000dbb9b00000) (1024K)]
  0x0000025891b80ba0 JavaThread "Unconstrained build operations Thread 12"        [_thread_blocked, id=7412, stack(0x000000dbb9b00000,0x000000dbb9c00000) (1024K)]
  0x0000025891b81230 JavaThread "Unconstrained build operations Thread 13"        [_thread_blocked, id=20208, stack(0x000000dbb9c00000,0x000000dbb9d00000) (1024K)]
  0x0000025891b7ddb0 JavaThread "Unconstrained build operations Thread 14"        [_thread_blocked, id=6892, stack(0x000000dbb9d00000,0x000000dbb9e00000) (1024K)]
  0x0000025891b825e0 JavaThread "Unconstrained build operations Thread 15"        [_thread_blocked, id=17340, stack(0x000000dbb9e00000,0x000000dbb9f00000) (1024K)]
  0x0000025891b82c70 JavaThread "Unconstrained build operations Thread 16"        [_thread_blocked, id=14596, stack(0x000000dbb9f00000,0x000000dbba000000) (1024K)]
  0x0000025891b7fe80 JavaThread "Unconstrained build operations Thread 17"        [_thread_blocked, id=21512, stack(0x000000dbba000000,0x000000dbba100000) (1024K)]
  0x0000025891b80510 JavaThread "Unconstrained build operations Thread 18"        [_thread_blocked, id=21156, stack(0x000000dbba100000,0x000000dbba200000) (1024K)]
  0x0000025891b818c0 JavaThread "Unconstrained build operations Thread 19"        [_thread_blocked, id=13200, stack(0x000000dbba200000,0x000000dbba300000) (1024K)]
  0x0000025891b7f7f0 JavaThread "Unconstrained build operations Thread 20"        [_thread_blocked, id=16448, stack(0x000000dbba600000,0x000000dbba700000) (1024K)]
  0x0000025891b84020 JavaThread "Unconstrained build operations Thread 21"        [_thread_blocked, id=17692, stack(0x000000dbba700000,0x000000dbba800000) (1024K)]
  0x0000025891b84d40 JavaThread "Unconstrained build operations Thread 22"        [_thread_blocked, id=8348, stack(0x000000dbba800000,0x000000dbba900000) (1024K)]
  0x0000025891b83300 JavaThread "Configuration cache report writer"        [_thread_blocked, id=22808, stack(0x000000dbba900000,0x000000dbbaa00000) (1024K)]
  0x0000025891b83990 JavaThread "Unconstrained build operations Thread 23"        [_thread_blocked, id=16104, stack(0x000000dbbaa00000,0x000000dbbab00000) (1024K)]
  0x0000025891b846b0 JavaThread "Unconstrained build operations Thread 24"        [_thread_blocked, id=20424, stack(0x000000dbbab00000,0x000000dbbac00000) (1024K)]
  0x0000025891b853d0 JavaThread "Unconstrained build operations Thread 25"        [_thread_blocked, id=17924, stack(0x000000dbbac00000,0x000000dbbad00000) (1024K)]
  0x0000025891b81f50 JavaThread "Unconstrained build operations Thread 26"        [_thread_blocked, id=25360, stack(0x000000dbbad00000,0x000000dbbae00000) (1024K)]
  0x0000025891b88ee0 JavaThread "Unconstrained build operations Thread 27"        [_thread_blocked, id=25412, stack(0x000000dbbaf00000,0x000000dbbb000000) (1024K)]
  0x0000025891b85a60 JavaThread "Unconstrained build operations Thread 28"        [_thread_blocked, id=16564, stack(0x000000dbbb400000,0x000000dbbb500000) (1024K)]
  0x0000025891b874a0 JavaThread "Unconstrained build operations Thread 29"        [_thread_blocked, id=7256, stack(0x000000dbbb500000,0x000000dbbb600000) (1024K)]
  0x0000025891b881c0 JavaThread "Unconstrained build operations Thread 30"        [_thread_blocked, id=14724, stack(0x000000dbbb600000,0x000000dbbb700000) (1024K)]
  0x0000025891b87b30 JavaThread "Unconstrained build operations Thread 31"        [_thread_blocked, id=16568, stack(0x000000dbbb700000,0x000000dbbb800000) (1024K)]
  0x0000025891b89570 JavaThread "Unconstrained build operations Thread 32"        [_thread_blocked, id=11324, stack(0x000000dbbb800000,0x000000dbbb900000) (1024K)]
  0x0000025891b860f0 JavaThread "Unconstrained build operations Thread 33"        [_thread_blocked, id=21956, stack(0x000000dbbb900000,0x000000dbbba00000) (1024K)]
  0x0000025891b86780 JavaThread "Unconstrained build operations Thread 34"        [_thread_blocked, id=1868, stack(0x000000dbbba00000,0x000000dbbbb00000) (1024K)]
  0x0000025891b88850 JavaThread "Unconstrained build operations Thread 35"        [_thread_blocked, id=3744, stack(0x000000dbbbb00000,0x000000dbbbc00000) (1024K)]
  0x0000025891b89c00 JavaThread "Unconstrained build operations Thread 36"        [_thread_blocked, id=25328, stack(0x000000dbbbc00000,0x000000dbbbd00000) (1024K)]
  0x0000025891b8a290 JavaThread "Unconstrained build operations Thread 37"        [_thread_blocked, id=2000, stack(0x000000dbbbd00000,0x000000dbbbe00000) (1024K)]
  0x0000025891b86e10 JavaThread "Unconstrained build operations Thread 38"        [_thread_blocked, id=8240, stack(0x000000dbbc000000,0x000000dbbc100000) (1024K)]
  0x0000025891b8afb0 JavaThread "Unconstrained build operations Thread 39"        [_thread_blocked, id=9124, stack(0x000000dbbc100000,0x000000dbbc200000) (1024K)]
  0x0000025891b8bcd0 JavaThread "Unconstrained build operations Thread 40"        [_thread_blocked, id=5536, stack(0x000000dbbc200000,0x000000dbbc300000) (1024K)]
  0x0000025891b8b640 JavaThread "Unconstrained build operations Thread 41"        [_thread_blocked, id=25564, stack(0x000000dbbc300000,0x000000dbbc400000) (1024K)]
  0x0000025891b8dda0 JavaThread "Unconstrained build operations Thread 42"        [_thread_blocked, id=23116, stack(0x000000dbbc400000,0x000000dbbc500000) (1024K)]
  0x0000025891b8d710 JavaThread "Unconstrained build operations Thread 43"        [_thread_blocked, id=17976, stack(0x000000dbbc500000,0x000000dbbc600000) (1024K)]
  0x0000025891b8c360 JavaThread "Unconstrained build operations Thread 44"        [_thread_blocked, id=10568, stack(0x000000dbbc600000,0x000000dbbc700000) (1024K)]
  0x0000025891b8e430 JavaThread "build event listener"              [_thread_blocked, id=1684, stack(0x000000dbbc900000,0x000000dbbca00000) (1024K)]
  0x0000025891b8eac0 JavaThread "build event listener"              [_thread_blocked, id=23020, stack(0x000000dbbca00000,0x000000dbbcb00000) (1024K)]
  0x0000025891b8f150 JavaThread "build event listener"              [_thread_blocked, id=5960, stack(0x000000dbbcb00000,0x000000dbbcc00000) (1024K)]
  0x0000025891b8d080 JavaThread "pool-29-thread-1"                  [_thread_blocked, id=5388, stack(0x000000dbbcc00000,0x000000dbbcd00000) (1024K)]
  0x0000025891b90b90 JavaThread "build event listener"              [_thread_blocked, id=8296, stack(0x000000dbbce00000,0x000000dbbcf00000) (1024K)]
  0x0000025891b91220 JavaThread "Build operations"                  [_thread_blocked, id=24212, stack(0x000000dbbcf00000,0x000000dbbd000000) (1024K)]
  0x000002588385b760 JavaThread "Unconstrained build operations Thread 45"        [_thread_blocked, id=2364, stack(0x000000dbb7d00000,0x000000dbb7e00000) (1024K)]
  0x000002588385c480 JavaThread "Unconstrained build operations Thread 46"        [_thread_blocked, id=19048, stack(0x000000dbbc700000,0x000000dbbc800000) (1024K)]
  0x000002588385cb10 JavaThread "Unconstrained build operations Thread 47"        [_thread_blocked, id=10252, stack(0x000000dbbd000000,0x000000dbbd100000) (1024K)]
  0x0000025883859690 JavaThread "Unconstrained build operations Thread 48"        [_thread_blocked, id=10044, stack(0x000000dbbd100000,0x000000dbbd200000) (1024K)]
  0x000002588385d1a0 JavaThread "Unconstrained build operations Thread 49"        [_thread_blocked, id=15492, stack(0x000000dbbd200000,0x000000dbbd300000) (1024K)]
  0x0000025883859d20 JavaThread "Unconstrained build operations Thread 50"        [_thread_blocked, id=14684, stack(0x000000dbbd300000,0x000000dbbd400000) (1024K)]
  0x000002588385d830 JavaThread "Unconstrained build operations Thread 51"        [_thread_blocked, id=22760, stack(0x000000dbbd400000,0x000000dbbd500000) (1024K)]
  0x000002588385aa40 JavaThread "Unconstrained build operations Thread 52"        [_thread_blocked, id=2160, stack(0x000000dbbd500000,0x000000dbbd600000) (1024K)]
  0x0000025883860620 JavaThread "Unconstrained build operations Thread 53"        [_thread_blocked, id=3104, stack(0x000000dbbd600000,0x000000dbbd700000) (1024K)]
  0x000002588385f900 JavaThread "Unconstrained build operations Thread 54"        [_thread_blocked, id=12516, stack(0x000000dbbd800000,0x000000dbbd900000) (1024K)]
  0x000002588385e550 JavaThread "Exec process Thread 4"             [_thread_blocked, id=23580, stack(0x000000dbbda00000,0x000000dbbdb00000) (1024K)]
  0x0000025883860cb0 JavaThread "Exec process Thread 5"             [_thread_blocked, id=25180, stack(0x000000dbbdb00000,0x000000dbbdc00000) (1024K)]
  0x0000025883861340 JavaThread "Exec process Thread 6"             [_thread_blocked, id=8664, stack(0x000000dbbdc00000,0x000000dbbdd00000) (1024K)]
  0x00000258838619d0 JavaThread "Unconstrained build operations Thread 55"        [_thread_blocked, id=19500, stack(0x000000dbbd700000,0x000000dbbd800000) (1024K)]
  0x0000025883862060 JavaThread "Unconstrained build operations Thread 56"        [_thread_blocked, id=24400, stack(0x000000dbbdd00000,0x000000dbbde00000) (1024K)]
  0x000002588385ebe0 JavaThread "Unconstrained build operations Thread 57"        [_thread_blocked, id=23304, stack(0x000000dbbde00000,0x000000dbbdf00000) (1024K)]
  0x0000025883863410 JavaThread "Unconstrained build operations Thread 58"        [_thread_blocked, id=9440, stack(0x000000dbbdf00000,0x000000dbbe000000) (1024K)]
  0x00000258838f8b60 JavaThread "C2 CompilerThread1"         daemon [_thread_in_native, id=15044, stack(0x000000dbbe100000,0x000000dbbe200000) (1024K)]
  0x0000025883862d80 JavaThread "Build operations Thread 2"         [_thread_blocked, id=21308, stack(0x000000dbbe200000,0x000000dbbe300000) (1024K)]
  0x00000258838626f0 JavaThread "Build operations Thread 3"         [_thread_blocked, id=24300, stack(0x000000dbbe300000,0x000000dbbe400000) (1024K)]
=>0x00000258fed127d0 JavaThread "C2 CompilerThread2"         daemon [_thread_in_native, id=12596, stack(0x000000dbbe000000,0x000000dbbe100000) (1024K)]
  0x0000025883864e50 JavaThread "included builds"                   [_thread_blocked, id=22316, stack(0x000000dbbe400000,0x000000dbbe500000) (1024K)]
  0x0000025883863aa0 JavaThread "Execution worker"                  [_thread_blocked, id=4396, stack(0x000000dbbe500000,0x000000dbbe600000) (1024K)]
  0x0000025883864130 JavaThread "Execution worker Thread 2"         [_thread_blocked, id=21472, stack(0x000000dbbe600000,0x000000dbbe700000) (1024K)]
  0x00000258838647c0 JavaThread "Execution worker Thread 3"         [_thread_blocked, id=25472, stack(0x000000dbbe700000,0x000000dbbe800000) (1024K)]
  0x0000025883865b70 JavaThread "Execution worker Thread 4"         [_thread_blocked, id=14808, stack(0x000000dbbe800000,0x000000dbbe900000) (1024K)]
  0x00000258838654e0 JavaThread "Execution worker Thread 5"         [_thread_blocked, id=21040, stack(0x000000dbbe900000,0x000000dbbea00000) (1024K)]
  0x0000025883869680 JavaThread "Execution worker Thread 6"         [_thread_blocked, id=20184, stack(0x000000dbbea00000,0x000000dbbeb00000) (1024K)]
  0x000002588386cb00 JavaThread "Execution worker Thread 7"         [_thread_blocked, id=23872, stack(0x000000dbbeb00000,0x000000dbbec00000) (1024K)]
  0x000002588386c470 JavaThread "Execution worker Thread 8"         [_thread_blocked, id=7156, stack(0x000000dbbec00000,0x000000dbbed00000) (1024K)]
  0x000002588386bde0 JavaThread "Execution worker Thread 9"         [_thread_blocked, id=23472, stack(0x000000dbbed00000,0x000000dbbee00000) (1024K)]
  0x000002588386b0c0 JavaThread "Execution worker Thread 10"        [_thread_blocked, id=24028, stack(0x000000dbbee00000,0x000000dbbef00000) (1024K)]
  0x000002588386a3a0 JavaThread "Execution worker Thread 11"        [_thread_blocked, id=23564, stack(0x000000dbbef00000,0x000000dbbf000000) (1024K)]
  0x0000025883869d10 JavaThread "Cache worker for execution history cache (D:\Projects\tugas-pengembangan-aplikasi-mobile\tugas-minggu-3\.gradle\9.1.0\executionHistory)"        [_thread_blocked, id=8660, stack(0x000000dbbf000000,0x000000dbbf100000) (1024K)]
  0x000002588386aa30 JavaThread "Unconstrained build operations Thread 59"        [_thread_blocked, id=22740, stack(0x000000dbbf100000,0x000000dbbf200000) (1024K)]
  0x0000025883870ca0 JavaThread "Unconstrained build operations Thread 60"        [_thread_blocked, id=25256, stack(0x000000dbbf200000,0x000000dbbf300000) (1024K)]
  0x000002588386e540 JavaThread "Unconstrained build operations Thread 61"        [_thread_blocked, id=22968, stack(0x000000dbbf300000,0x000000dbbf400000) (1024K)]
  0x000002588386d820 JavaThread "Unconstrained build operations Thread 62"        [_thread_blocked, id=13444, stack(0x000000dbbf400000,0x000000dbbf500000) (1024K)]
  0x0000025883871330 JavaThread "Unconstrained build operations Thread 63"        [_thread_blocked, id=12448, stack(0x000000dbbf500000,0x000000dbbf600000) (1024K)]
  0x000002588386deb0 JavaThread "Unconstrained build operations Thread 64"        [_thread_blocked, id=25296, stack(0x000000dbbf600000,0x000000dbbf700000) (1024K)]
  0x000002588386ebd0 JavaThread "Unconstrained build operations Thread 65"        [_thread_blocked, id=5580, stack(0x000000dbbf700000,0x000000dbbf800000) (1024K)]
  0x000002588386f8f0 JavaThread "Unconstrained build operations Thread 66"        [_thread_blocked, id=25128, stack(0x000000dbbf800000,0x000000dbbf900000) (1024K)]
  0x00000258838719c0 JavaThread "Unconstrained build operations Thread 67"        [_thread_blocked, id=10672, stack(0x000000dbbf900000,0x000000dbbfa00000) (1024K)]
  0x0000025883872050 JavaThread "Unconstrained build operations Thread 68"        [_thread_blocked, id=6584, stack(0x000000dbbfa00000,0x000000dbbfb00000) (1024K)]
  0x0000025883870610 JavaThread "Unconstrained build operations Thread 69"        [_thread_blocked, id=4804, stack(0x000000dbbfb00000,0x000000dbbfc00000) (1024K)]
  0x000002588386f260 JavaThread "Unconstrained build operations Thread 70"        [_thread_blocked, id=13796, stack(0x000000dbbfc00000,0x000000dbbfd00000) (1024K)]
  0x0000025883872d70 JavaThread "Unconstrained build operations Thread 71"        [_thread_blocked, id=16200, stack(0x000000dbbfd00000,0x000000dbbfe00000) (1024K)]
  0x000002588386ff80 JavaThread "Unconstrained build operations Thread 72"        [_thread_blocked, id=6348, stack(0x000000dbbfe00000,0x000000dbbff00000) (1024K)]
  0x0000025883876880 JavaThread "Unconstrained build operations Thread 73"        [_thread_blocked, id=16824, stack(0x000000dbbff00000,0x000000dbc0000000) (1024K)]
  0x0000025883874120 JavaThread "Unconstrained build operations Thread 74"        [_thread_blocked, id=19768, stack(0x000000dbc0000000,0x000000dbc0100000) (1024K)]
  0x00000258838747b0 JavaThread "Unconstrained build operations Thread 75"        [_thread_blocked, id=21148, stack(0x000000dbc0100000,0x000000dbc0200000) (1024K)]
  0x0000025883875b60 JavaThread "Unconstrained build operations Thread 76"        [_thread_blocked, id=16648, stack(0x000000dbc0200000,0x000000dbc0300000) (1024K)]
  0x00000258838782c0 JavaThread "Unconstrained build operations Thread 77"        [_thread_blocked, id=16032, stack(0x000000dbc0300000,0x000000dbc0400000) (1024K)]
  0x0000025903370ac0 JavaThread "Unconstrained build operations Thread 78"        [_thread_blocked, id=25280, stack(0x000000dbc0400000,0x000000dbc0500000) (1024K)]
  0x00000259033745d0 JavaThread "Unconstrained build operations Thread 79"        [_thread_blocked, id=20584, stack(0x000000dbc0500000,0x000000dbc0600000) (1024K)]
  0x0000025903371150 JavaThread "Unconstrained build operations Thread 80"        [_thread_blocked, id=23672, stack(0x000000dbc0600000,0x000000dbc0700000) (1024K)]
  0x0000025903371e70 JavaThread "WorkerExecutor Queue"              [_thread_blocked, id=18320, stack(0x000000dbc0700000,0x000000dbc0800000) (1024K)]
  0x00000259033766a0 JavaThread "WorkerExecutor Queue Thread 2"        [_thread_blocked, id=25400, stack(0x000000dbc0800000,0x000000dbc0900000) (1024K)]
  0x0000025903373220 JavaThread "WorkerExecutor Queue Thread 3"        [_thread_blocked, id=22668, stack(0x000000dbc0900000,0x000000dbc0a00000) (1024K)]
  0x0000025903376010 JavaThread "WorkerExecutor Queue Thread 4"        [_thread_blocked, id=22484, stack(0x000000dbc0a00000,0x000000dbc0b00000) (1024K)]
  0x00000259033773c0 JavaThread "WorkerExecutor Queue Thread 7"        [_thread_blocked, id=16484, stack(0x000000dbc0d00000,0x000000dbc0e00000) (1024K)]
  0x0000025903378770 JavaThread "WorkerExecutor Queue Thread 8"        [_thread_blocked, id=11152, stack(0x000000dbc0e00000,0x000000dbc0f00000) (1024K)]
  0x0000025903376d30 JavaThread "Unconstrained build operations Thread 81"        [_thread_blocked, id=18284, stack(0x000000dbc0f00000,0x000000dbc1000000) (1024K)]
  0x0000025903379b20 JavaThread "Unconstrained build operations Thread 82"        [_thread_blocked, id=9924, stack(0x000000dbc1000000,0x000000dbc1100000) (1024K)]
  0x000002590337b560 JavaThread "Unconstrained build operations Thread 83"        [_thread_blocked, id=9856, stack(0x000000dbc1100000,0x000000dbc1200000) (1024K)]
  0x000002590337c280 JavaThread "Unconstrained build operations Thread 84"        [_thread_blocked, id=21540, stack(0x000000dbc1200000,0x000000dbc1300000) (1024K)]
  0x000002590337a840 JavaThread "Unconstrained build operations Thread 85"        [_thread_blocked, id=17760, stack(0x000000dbc1300000,0x000000dbc1400000) (1024K)]
  0x000002590337aed0 JavaThread "Unconstrained build operations Thread 86"        [_thread_blocked, id=9144, stack(0x000000dbc1400000,0x000000dbc1500000) (1024K)]
  0x000002590337bbf0 JavaThread "Unconstrained build operations Thread 87"        [_thread_blocked, id=20716, stack(0x000000dbc1500000,0x000000dbc1600000) (1024K)]
  0x0000025903378e00 JavaThread "Unconstrained build operations Thread 88"        [_thread_blocked, id=13884, stack(0x000000dbc1600000,0x000000dbc1700000) (1024K)]
  0x000002590337f700 JavaThread "Unconstrained build operations Thread 89"        [_thread_blocked, id=24776, stack(0x000000dbc1700000,0x000000dbc1800000) (1024K)]
  0x000002590337cfa0 JavaThread "Unconstrained build operations Thread 90"        [_thread_blocked, id=20884, stack(0x000000dbc1800000,0x000000dbc1900000) (1024K)]
  0x000002590337fd90 JavaThread "Unconstrained build operations Thread 91"        [_thread_blocked, id=9080, stack(0x000000dbc1900000,0x000000dbc1a00000) (1024K)]
  0x0000025903381140 JavaThread "Unconstrained build operations Thread 92"        [_thread_blocked, id=22416, stack(0x000000dbc1a00000,0x000000dbc1b00000) (1024K)]
  0x000002590337e350 JavaThread "WorkerExecutor Queue Thread 9"        [_thread_blocked, id=17684, stack(0x000000dbc1b00000,0x000000dbc1c00000) (1024K)]
  0x000002590337dcc0 JavaThread "Unconstrained build operations Thread 93"        [_thread_blocked, id=20804, stack(0x000000dbc1c00000,0x000000dbc1d00000) (1024K)]
  0x000002590337e9e0 JavaThread "Unconstrained build operations Thread 94"        [_thread_blocked, id=24552, stack(0x000000dbc1d00000,0x000000dbc1e00000) (1024K)]
  0x0000025903380420 JavaThread "Unconstrained build operations Thread 95"        [_thread_blocked, id=12500, stack(0x000000dbc1e00000,0x000000dbc1f00000) (1024K)]
  0x0000025903383f30 JavaThread "Unconstrained build operations Thread 96"        [_thread_blocked, id=420, stack(0x000000dbc1f00000,0x000000dbc2000000) (1024K)]
  0x00000259033824f0 JavaThread "Unconstrained build operations Thread 97"        [_thread_blocked, id=844, stack(0x000000dbc2000000,0x000000dbc2100000) (1024K)]
  0x0000025903383210 JavaThread "Unconstrained build operations Thread 98"        [_thread_blocked, id=20556, stack(0x000000dbc2100000,0x000000dbc2200000) (1024K)]
  0x000002590338aec0 JavaThread "Unconstrained build operations Thread 99"        [_thread_blocked, id=11604, stack(0x000000dbc2200000,0x000000dbc2300000) (1024K)]
  0x000002590338a830 JavaThread "Unconstrained build operations Thread 100"        [_thread_blocked, id=10188, stack(0x000000dbc2300000,0x000000dbc2400000) (1024K)]
  0x000002590338e9d0 JavaThread "Unconstrained build operations Thread 101"        [_thread_blocked, id=12232, stack(0x000000dbc2400000,0x000000dbc2500000) (1024K)]
  0x000002590338b550 JavaThread "Unconstrained build operations Thread 102"        [_thread_blocked, id=24056, stack(0x000000dbc2500000,0x000000dbc2600000) (1024K)]
  0x000002590338e340 JavaThread "Unconstrained build operations Thread 103"        [_thread_blocked, id=1100, stack(0x000000dbc2600000,0x000000dbc2700000) (1024K)]
  0x000002590338f060 JavaThread "Unconstrained build operations Thread 104"        [_thread_blocked, id=23560, stack(0x000000dbc2700000,0x000000dbc2800000) (1024K)]
  0x000002590338bbe0 JavaThread "Unconstrained build operations Thread 105"        [_thread_blocked, id=3060, stack(0x000000dbc2800000,0x000000dbc2900000) (1024K)]
  0x000002590338c270 JavaThread "Unconstrained build operations Thread 106"        [_thread_blocked, id=20336, stack(0x000000dbc2900000,0x000000dbc2a00000) (1024K)]
  0x000002590338c900 JavaThread "Unconstrained build operations Thread 107"        [_thread_blocked, id=23148, stack(0x000000dbc2a00000,0x000000dbc2b00000) (1024K)]
  0x000002588159d680 JavaThread "Unconstrained build operations Thread 108"        [_thread_blocked, id=14536, stack(0x000000dbc2b00000,0x000000dbc2c00000) (1024K)]
  0x000002588159e3a0 JavaThread "Unconstrained build operations Thread 109"        [_thread_blocked, id=23392, stack(0x000000dbc2c00000,0x000000dbc2d00000) (1024K)]
  0x00000258815a1eb0 JavaThread "Unconstrained build operations Thread 110"        [_thread_blocked, id=23036, stack(0x000000dbc2d00000,0x000000dbc2e00000) (1024K)]
  0x00000258815a4610 JavaThread "Unconstrained build operations Thread 111"        [_thread_blocked, id=2984, stack(0x000000dbc2e00000,0x000000dbc2f00000) (1024K)]
  0x00000258815a66e0 JavaThread "Unconstrained build operations Thread 112"        [_thread_blocked, id=3288, stack(0x000000dbc2f00000,0x000000dbc3000000) (1024K)]
  0x0000025881978550 JavaThread "Unconstrained build operations Thread 113"        [_thread_blocked, id=13748, stack(0x000000dbc3000000,0x000000dbc3100000) (1024K)]
  0x0000025881972970 JavaThread "Unconstrained build operations Thread 114"        [_thread_blocked, id=15056, stack(0x000000dbc3100000,0x000000dbc3200000) (1024K)]
  0x0000025881977ec0 JavaThread "WorkerExecutor Queue Thread 10"        [_thread_blocked, id=13876, stack(0x000000dbc3200000,0x000000dbc3300000) (1024K)]
  0x00000258fc2eee20 JavaThread "Unconstrained build operations Thread 115"        [_thread_blocked, id=20164, stack(0x000000dbc3300000,0x000000dbc3400000) (1024K)]
  0x00000258fc2ee790 JavaThread "Unconstrained build operations Thread 116"        [_thread_blocked, id=8028, stack(0x000000dbc3400000,0x000000dbc3500000) (1024K)]
  0x00000258fc2ef4b0 JavaThread "Unconstrained build operations Thread 117"        [_thread_blocked, id=17996, stack(0x000000dbc3500000,0x000000dbc3600000) (1024K)]
  0x00000258fc2efb40 JavaThread "Unconstrained build operations Thread 118"        [_thread_blocked, id=22008, stack(0x000000dbc3600000,0x000000dbc3700000) (1024K)]
  0x00000258fcf48440 JavaThread "Unconstrained build operations Thread 119"        [_thread_blocked, id=18212, stack(0x000000dbc3700000,0x000000dbc3800000) (1024K)]
  0x00000258fcf47090 JavaThread "Unconstrained build operations Thread 120"        [_thread_blocked, id=8316, stack(0x000000dbc3800000,0x000000dbc3900000) (1024K)]
  0x00000258815a6d70 JavaThread "WorkerExecutor Queue Thread 11"        [_thread_blocked, id=18480, stack(0x000000dbc3900000,0x000000dbc3a00000) (1024K)]
  0x0000025881979270 JavaThread "WorkerExecutor Queue Thread 12"        [_thread_blocked, id=19896, stack(0x000000dbc3a00000,0x000000dbc3b00000) (1024K)]
  0x00000259000c41b0 JavaThread "WorkerExecutor Queue Thread 13"        [_thread_blocked, id=24376, stack(0x000000dbc3e00000,0x000000dbc3f00000) (1024K)]
  0x00000259000c4840 JavaThread "pool-30-thread-2"                  [_thread_blocked, id=9752, stack(0x000000dbc3f00000,0x000000dbc4000000) (1024K)]
  0x00000259000c1a50 JavaThread "pool-30-thread-1"                  [_thread_blocked, id=23376, stack(0x000000dbc4000000,0x000000dbc4100000) (1024K)]
  0x00000259000c2e00 JavaThread "pool-30-thread-4"                  [_thread_blocked, id=20188, stack(0x000000dbc4100000,0x000000dbc4200000) (1024K)]
  0x00000259000c5bf0 JavaThread "pool-30-thread-3"                  [_thread_blocked, id=8212, stack(0x000000dbc4200000,0x000000dbc4300000) (1024K)]
  0x00000259000c4ed0 JavaThread "pool-30-thread-5"                  [_thread_blocked, id=4032, stack(0x000000dbc4300000,0x000000dbc4400000) (1024K)]
  0x00000259000c3490 JavaThread "pool-30-thread-7"                  [_thread_blocked, id=25168, stack(0x000000dbc4400000,0x000000dbc4500000) (1024K)]
  0x00000259000c5560 JavaThread "pool-30-thread-8"                  [_thread_blocked, id=20588, stack(0x000000dbc4500000,0x000000dbc4600000) (1024K)]
  0x00000259000c2770 JavaThread "pool-30-thread-9"                  [_thread_blocked, id=1680, stack(0x000000dbc4600000,0x000000dbc4700000) (1024K)]
  0x00000259000c6280 JavaThread "pool-30-thread-6"                  [_thread_blocked, id=23080, stack(0x000000dbc4700000,0x000000dbc4800000) (1024K)]
  0x00000259000c6910 JavaThread "pool-30-thread-10"                 [_thread_blocked, id=5656, stack(0x000000dbc4800000,0x000000dbc4900000) (1024K)]
  0x00000259000c6fa0 JavaThread "pool-30-thread-11"                 [_thread_blocked, id=5284, stack(0x000000dbc4900000,0x000000dbc4a00000) (1024K)]
  0x00000258fb5683d0 JavaThread "WorkerExecutor Queue Thread 14"        [_thread_blocked, id=22984, stack(0x000000dbc0c00000,0x000000dbc0d00000) (1024K)]
Total: 226

Other Threads:
  0x00000258b4aa3ad0 VMThread "VM Thread"                           [id=1932, stack(0x000000dbb5f00000,0x000000dbb6000000) (1024K)]
  0x00000258b4a92440 WatcherThread "VM Periodic Task Thread"        [id=14112, stack(0x000000dbb5e00000,0x000000dbb5f00000) (1024K)]
  0x0000025895426b40 WorkerThread "GC Thread#0"                     [id=1208, stack(0x000000dbb5900000,0x000000dbb5a00000) (1024K)]
  0x00000258fa31c700 WorkerThread "GC Thread#1"                     [id=20648, stack(0x000000dbb6c00000,0x000000dbb6d00000) (1024K)]
  0x00000258fa31cab0 WorkerThread "GC Thread#2"                     [id=20644, stack(0x000000dbb6d00000,0x000000dbb6e00000) (1024K)]
  0x00000258fa31ce60 WorkerThread "GC Thread#3"                     [id=22508, stack(0x000000dbb6e00000,0x000000dbb6f00000) (1024K)]
  0x00000258fa46d3e0 WorkerThread "GC Thread#4"                     [id=14520, stack(0x000000dbb6f00000,0x000000dbb7000000) (1024K)]
  0x00000258fa46d790 WorkerThread "GC Thread#5"                     [id=14140, stack(0x000000dbb7000000,0x000000dbb7100000) (1024K)]
  0x00000258fc1e1830 WorkerThread "GC Thread#6"                     [id=24496, stack(0x000000dbb7200000,0x000000dbb7300000) (1024K)]
  0x00000258fc1e1be0 WorkerThread "GC Thread#7"                     [id=15432, stack(0x000000dbb7300000,0x000000dbb7400000) (1024K)]
  0x00000258fc1e1f90 WorkerThread "GC Thread#8"                     [id=5640, stack(0x000000dbb7400000,0x000000dbb7500000) (1024K)]
  0x00000258fef93db0 WorkerThread "GC Thread#9"                     [id=11232, stack(0x000000dbb8100000,0x000000dbb8200000) (1024K)]
  0x0000025895438a50 ConcurrentGCThread "G1 Main Marker"            [id=14836, stack(0x000000dbb5a00000,0x000000dbb5b00000) (1024K)]
  0x000002589543a2f0 WorkerThread "G1 Conc#0"                       [id=11640, stack(0x000000dbb5b00000,0x000000dbb5c00000) (1024K)]
  0x00000258fef94c70 WorkerThread "G1 Conc#1"                       [id=15228, stack(0x000000dbb8200000,0x000000dbb8300000) (1024K)]
  0x00000258fef94510 WorkerThread "G1 Conc#2"                       [id=24580, stack(0x000000dbb8300000,0x000000dbb8400000) (1024K)]
  0x00000258b495e190 ConcurrentGCThread "G1 Refine#0"               [id=10720, stack(0x000000dbb5c00000,0x000000dbb5d00000) (1024K)]
  0x00000258b495e9c0 ConcurrentGCThread "G1 Service"                [id=14260, stack(0x000000dbb5d00000,0x000000dbb5e00000) (1024K)]
Total: 18

Threads with active compile tasks:
C2 CompilerThread0  2095365 104532       4       com.android.tools.r8.ir.optimize.d1::a (1849 bytes)
C2 CompilerThread1  2095365 104775       4       com.android.tools.r8.internal.sg1::a (988 bytes)
C2 CompilerThread2  2095366 104728       4       com.android.tools.r8.ir.optimize.d1::a (496 bytes)
Total: 3

VM state: at safepoint (normal execution)

VM Mutex/Monitor currently owned by a thread:  ([mutex/lock_event])
[0x00007ff9885065c0] Threads_lock - owner thread: 0x00000258b4aa3ad0
[0x00007ff9885066c0] Heap_lock - owner thread: 0x000002588385f900

Heap address: 0x0000000700000000, size: 4096 MB, Compressed Oops mode: Zero based, Oop shift amount: 3

CDS archive(s) mapped at: [0x00000258b5000000-0x00000258b5c80000-0x00000258b5c80000), size 13107200, SharedBaseAddress: 0x00000258b5000000, ArchiveRelocationMode: 1.
Compressed class space mapped at: 0x00000258b6000000-0x00000258f6000000, reserved size: 1073741824
Narrow klass base: 0x00000258b5000000, Narrow klass shift: 0, Narrow klass range: 0x100000000

GC Precious Log:
 CardTable entry size: 512
 Card Set container configuration: InlinePtr #cards 4 size 8 Array Of Cards #cards 16 size 48 Howl #buckets 8 coarsen threshold 3686 Howl Bitmap #cards 512 size 80 coarsen threshold 460 Card regions per heap region 1 cards per card region 4096
 CPUs: 12 total, 12 available
 Memory: 16122M
 Large Page Support: Disabled
 NUMA Support: Disabled
 Compressed Oops: Enabled (Zero based)
 Heap Region Size: 2M
 Heap Min Capacity: 8M
 Heap Initial Capacity: 252M
 Heap Max Capacity: 4G
 Pre-touch: Disabled
 Parallel Workers: 10
 Concurrent Workers: 3
 Concurrent Refinement Workers: 10
 Periodic GC: Disabled

Heap:
 garbage-first heap   total 2078720K, used 1893317K [0x0000000700000000, 0x0000000800000000)
  region size 2048K, 525 young (1075200K), 24 survivors (49152K)
 Metaspace       used 497217K, committed 501952K, reserved 1507328K
  class space    used 63228K, committed 65664K, reserved 1048576K

Heap Regions: E=young(eden), S=young(survivor), O=old, HS=humongous(starts), HC=humongous(continues), CS=collection set, F=free, TAMS=top-at-mark-start, PB=parsable bottom
|   0|0x0000000700000000, 0x0000000700200000, 0x0000000700200000|100%|HS|  |TAMS 0x0000000700200000| PB 0x0000000700000000| Complete 
|   1|0x0000000700200000, 0x0000000700400000, 0x0000000700400000|100%|HC|  |TAMS 0x0000000700400000| PB 0x0000000700200000| Complete 
|   2|0x0000000700400000, 0x0000000700600000, 0x0000000700600000|100%| O|  |TAMS 0x0000000700600000| PB 0x0000000700400000| Untracked 
|   3|0x0000000700600000, 0x0000000700800000, 0x0000000700800000|100%| O|  |TAMS 0x0000000700800000| PB 0x0000000700600000| Untracked 
|   4|0x0000000700800000, 0x0000000700a00000, 0x0000000700a00000|100%| O|  |TAMS 0x0000000700a00000| PB 0x0000000700800000| Untracked 
|   5|0x0000000700a00000, 0x0000000700c00000, 0x0000000700c00000|100%| O|  |TAMS 0x0000000700c00000| PB 0x0000000700a00000| Untracked 
|   6|0x0000000700c00000, 0x0000000700e00000, 0x0000000700e00000|100%| O|  |TAMS 0x0000000700e00000| PB 0x0000000700c00000| Untracked 
|   7|0x0000000700e00000, 0x0000000701000000, 0x0000000701000000|100%| O|  |TAMS 0x0000000701000000| PB 0x0000000700e00000| Untracked 
|   8|0x0000000701000000, 0x0000000701200000, 0x0000000701200000|100%| O|  |TAMS 0x0000000701200000| PB 0x0000000701000000| Untracked 
|   9|0x0000000701200000, 0x0000000701400000, 0x0000000701400000|100%| O|  |TAMS 0x0000000701400000| PB 0x0000000701200000| Untracked 
|  10|0x0000000701400000, 0x0000000701600000, 0x0000000701600000|100%| O|  |TAMS 0x0000000701600000| PB 0x0000000701400000| Untracked 
|  11|0x0000000701600000, 0x0000000701800000, 0x0000000701800000|100%| O|  |TAMS 0x0000000701800000| PB 0x0000000701600000| Untracked 
|  12|0x0000000701800000, 0x0000000701a00000, 0x0000000701a00000|100%| O|  |TAMS 0x0000000701a00000| PB 0x0000000701800000| Untracked 
|  13|0x0000000701a00000, 0x0000000701c00000, 0x0000000701c00000|100%| O|  |TAMS 0x0000000701c00000| PB 0x0000000701a00000| Untracked 
|  14|0x0000000701c00000, 0x0000000701e00000, 0x0000000701e00000|100%| O|  |TAMS 0x0000000701e00000| PB 0x0000000701c00000| Untracked 
|  15|0x0000000701e00000, 0x0000000702000000, 0x0000000702000000|100%|HS|  |TAMS 0x0000000702000000| PB 0x0000000701e00000| Complete 
|  16|0x0000000702000000, 0x0000000702200000, 0x0000000702200000|100%| O|  |TAMS 0x0000000702200000| PB 0x0000000702000000| Untracked 
|  17|0x0000000702200000, 0x0000000702400000, 0x0000000702400000|100%| O|  |TAMS 0x0000000702400000| PB 0x0000000702200000| Untracked 
|  18|0x0000000702400000, 0x0000000702600000, 0x0000000702600000|100%| O|  |TAMS 0x0000000702600000| PB 0x0000000702400000| Untracked 
|  19|0x0000000702600000, 0x0000000702800000, 0x0000000702800000|100%| O|  |TAMS 0x0000000702800000| PB 0x0000000702600000| Untracked 
|  20|0x0000000702800000, 0x0000000702a00000, 0x0000000702a00000|100%|HS|  |TAMS 0x0000000702a00000| PB 0x0000000702800000| Complete 
|  21|0x0000000702a00000, 0x0000000702c00000, 0x0000000702c00000|100%| O|  |TAMS 0x0000000702c00000| PB 0x0000000702a00000| Untracked 
|  22|0x0000000702c00000, 0x0000000702e00000, 0x0000000702e00000|100%| O|  |TAMS 0x0000000702e00000| PB 0x0000000702c00000| Untracked 
|  23|0x0000000702e00000, 0x0000000703000000, 0x0000000703000000|100%| O|  |TAMS 0x0000000703000000| PB 0x0000000702e00000| Untracked 
|  24|0x0000000703000000, 0x0000000703200000, 0x0000000703200000|100%| O|  |TAMS 0x0000000703200000| PB 0x0000000703000000| Untracked 
|  25|0x0000000703200000, 0x0000000703400000, 0x0000000703400000|100%| O|  |TAMS 0x0000000703400000| PB 0x0000000703200000| Untracked 
|  26|0x0000000703400000, 0x0000000703600000, 0x0000000703600000|100%| O|  |TAMS 0x0000000703600000| PB 0x0000000703400000| Untracked 
|  27|0x0000000703600000, 0x0000000703800000, 0x0000000703800000|100%| O|  |TAMS 0x0000000703800000| PB 0x0000000703600000| Untracked 
|  28|0x0000000703800000, 0x0000000703a00000, 0x0000000703a00000|100%|HS|  |TAMS 0x0000000703a00000| PB 0x0000000703800000| Complete 
|  29|0x0000000703a00000, 0x0000000703c00000, 0x0000000703c00000|100%| O|  |TAMS 0x0000000703c00000| PB 0x0000000703a00000| Untracked 
|  30|0x0000000703c00000, 0x0000000703e00000, 0x0000000703e00000|100%| O|  |TAMS 0x0000000703e00000| PB 0x0000000703c00000| Untracked 
|  31|0x0000000703e00000, 0x0000000704000000, 0x0000000704000000|100%| O|  |TAMS 0x0000000704000000| PB 0x0000000703e00000| Untracked 
|  32|0x0000000704000000, 0x0000000704200000, 0x0000000704200000|100%| O|  |TAMS 0x0000000704200000| PB 0x0000000704000000| Untracked 
|  33|0x0000000704200000, 0x0000000704400000, 0x0000000704400000|100%| O|  |TAMS 0x0000000704400000| PB 0x0000000704200000| Untracked 
|  34|0x0000000704400000, 0x0000000704600000, 0x0000000704600000|100%| O|  |TAMS 0x0000000704600000| PB 0x0000000704400000| Untracked 
|  35|0x0000000704600000, 0x0000000704800000, 0x0000000704800000|100%| O|  |TAMS 0x0000000704800000| PB 0x0000000704600000| Untracked 
|  36|0x0000000704800000, 0x0000000704a00000, 0x0000000704a00000|100%| O|  |TAMS 0x0000000704a00000| PB 0x0000000704800000| Untracked 
|  37|0x0000000704a00000, 0x0000000704c00000, 0x0000000704c00000|100%| O|  |TAMS 0x0000000704c00000| PB 0x0000000704a00000| Untracked 
|  38|0x0000000704c00000, 0x0000000704e00000, 0x0000000704e00000|100%| O|  |TAMS 0x0000000704e00000| PB 0x0000000704c00000| Untracked 
|  39|0x0000000704e00000, 0x0000000705000000, 0x0000000705000000|100%| O|  |TAMS 0x0000000705000000| PB 0x0000000704e00000| Untracked 
|  40|0x0000000705000000, 0x0000000705200000, 0x0000000705200000|100%| O|  |TAMS 0x0000000705200000| PB 0x0000000705000000| Untracked 
|  41|0x0000000705200000, 0x0000000705400000, 0x0000000705400000|100%| O|  |TAMS 0x0000000705400000| PB 0x0000000705200000| Untracked 
|  42|0x0000000705400000, 0x0000000705600000, 0x0000000705600000|100%| O|  |TAMS 0x0000000705600000| PB 0x0000000705400000| Untracked 
|  43|0x0000000705600000, 0x0000000705800000, 0x0000000705800000|100%| O|  |TAMS 0x0000000705800000| PB 0x0000000705600000| Untracked 
|  44|0x0000000705800000, 0x0000000705a00000, 0x0000000705a00000|100%| O|  |TAMS 0x0000000705a00000| PB 0x0000000705800000| Untracked 
|  45|0x0000000705a00000, 0x0000000705c00000, 0x0000000705c00000|100%| O|  |TAMS 0x0000000705c00000| PB 0x0000000705a00000| Untracked 
|  46|0x0000000705c00000, 0x0000000705e00000, 0x0000000705e00000|100%| O|  |TAMS 0x0000000705e00000| PB 0x0000000705c00000| Untracked 
|  47|0x0000000705e00000, 0x0000000706000000, 0x0000000706000000|100%| O|  |TAMS 0x0000000706000000| PB 0x0000000705e00000| Untracked 
|  48|0x0000000706000000, 0x0000000706200000, 0x0000000706200000|100%|HS|  |TAMS 0x0000000706200000| PB 0x0000000706000000| Complete 
|  49|0x0000000706200000, 0x0000000706400000, 0x0000000706400000|100%| O|  |TAMS 0x0000000706400000| PB 0x0000000706200000| Untracked 
|  50|0x0000000706400000, 0x0000000706600000, 0x0000000706600000|100%| O|  |TAMS 0x0000000706600000| PB 0x0000000706400000| Untracked 
|  51|0x0000000706600000, 0x0000000706800000, 0x0000000706800000|100%| O|  |TAMS 0x0000000706800000| PB 0x0000000706600000| Untracked 
|  52|0x0000000706800000, 0x0000000706a00000, 0x0000000706a00000|100%| O|  |TAMS 0x0000000706a00000| PB 0x0000000706800000| Untracked 
|  53|0x0000000706a00000, 0x0000000706c00000, 0x0000000706c00000|100%|HS|  |TAMS 0x0000000706c00000| PB 0x0000000706a00000| Complete 
|  54|0x0000000706c00000, 0x0000000706e00000, 0x0000000706e00000|100%|HC|  |TAMS 0x0000000706e00000| PB 0x0000000706c00000| Complete 
|  55|0x0000000706e00000, 0x0000000707000000, 0x0000000707000000|100%|HC|  |TAMS 0x0000000707000000| PB 0x0000000706e00000| Complete 
|  56|0x0000000707000000, 0x0000000707200000, 0x0000000707200000|100%|HS|  |TAMS 0x0000000707200000| PB 0x0000000707000000| Complete 
|  57|0x0000000707200000, 0x0000000707400000, 0x0000000707400000|100%|HS|  |TAMS 0x0000000707400000| PB 0x0000000707200000| Complete 
|  58|0x0000000707400000, 0x0000000707600000, 0x0000000707600000|100%| O|  |TAMS 0x0000000707600000| PB 0x0000000707400000| Untracked 
|  59|0x0000000707600000, 0x0000000707800000, 0x0000000707800000|100%| O|  |TAMS 0x0000000707800000| PB 0x0000000707600000| Untracked 
|  60|0x0000000707800000, 0x0000000707a00000, 0x0000000707a00000|100%| O|  |TAMS 0x0000000707a00000| PB 0x0000000707800000| Untracked 
|  61|0x0000000707a00000, 0x0000000707c00000, 0x0000000707c00000|100%| O|  |TAMS 0x0000000707c00000| PB 0x0000000707a00000| Untracked 
|  62|0x0000000707c00000, 0x0000000707e00000, 0x0000000707e00000|100%|HS|  |TAMS 0x0000000707e00000| PB 0x0000000707c00000| Complete 
|  63|0x0000000707e00000, 0x0000000708000000, 0x0000000708000000|100%|HC|  |TAMS 0x0000000708000000| PB 0x0000000707e00000| Complete 
|  64|0x0000000708000000, 0x0000000708200000, 0x0000000708200000|100%|HC|  |TAMS 0x0000000708200000| PB 0x0000000708000000| Complete 
|  65|0x0000000708200000, 0x0000000708400000, 0x0000000708400000|100%| O|  |TAMS 0x0000000708400000| PB 0x0000000708200000| Untracked 
|  66|0x0000000708400000, 0x0000000708600000, 0x0000000708600000|100%| O|  |TAMS 0x0000000708600000| PB 0x0000000708400000| Untracked 
|  67|0x0000000708600000, 0x0000000708800000, 0x0000000708800000|100%| O|  |TAMS 0x0000000708800000| PB 0x0000000708600000| Untracked 
|  68|0x0000000708800000, 0x0000000708a00000, 0x0000000708a00000|100%| O|  |TAMS 0x0000000708a00000| PB 0x0000000708800000| Untracked 
|  69|0x0000000708a00000, 0x0000000708c00000, 0x0000000708c00000|100%| O|  |TAMS 0x0000000708c00000| PB 0x0000000708a00000| Untracked 
|  70|0x0000000708c00000, 0x0000000708e00000, 0x0000000708e00000|100%| O|  |TAMS 0x0000000708e00000| PB 0x0000000708c00000| Untracked 
|  71|0x0000000708e00000, 0x0000000709000000, 0x0000000709000000|100%| O|  |TAMS 0x0000000709000000| PB 0x0000000708e00000| Untracked 
|  72|0x0000000709000000, 0x0000000709200000, 0x0000000709200000|100%|HS|  |TAMS 0x0000000709200000| PB 0x0000000709000000| Complete 
|  73|0x0000000709200000, 0x0000000709200000, 0x0000000709400000|  0%| F|  |TAMS 0x0000000709200000| PB 0x0000000709200000| Untracked 
|  74|0x0000000709400000, 0x0000000709600000, 0x0000000709600000|100%| O|  |TAMS 0x0000000709600000| PB 0x0000000709400000| Untracked 
|  75|0x0000000709600000, 0x0000000709800000, 0x0000000709800000|100%| O|  |TAMS 0x0000000709800000| PB 0x0000000709600000| Untracked 
|  76|0x0000000709800000, 0x0000000709a00000, 0x0000000709a00000|100%| O|  |TAMS 0x0000000709a00000| PB 0x0000000709800000| Untracked 
|  77|0x0000000709a00000, 0x0000000709c00000, 0x0000000709c00000|100%| O|  |TAMS 0x0000000709c00000| PB 0x0000000709a00000| Untracked 
|  78|0x0000000709c00000, 0x0000000709e00000, 0x0000000709e00000|100%| O|  |TAMS 0x0000000709e00000| PB 0x0000000709c00000| Untracked 
|  79|0x0000000709e00000, 0x000000070a000000, 0x000000070a000000|100%| O|  |TAMS 0x000000070a000000| PB 0x0000000709e00000| Untracked 
|  80|0x000000070a000000, 0x000000070a200000, 0x000000070a200000|100%| O|  |TAMS 0x000000070a200000| PB 0x000000070a000000| Untracked 
|  81|0x000000070a200000, 0x000000070a400000, 0x000000070a400000|100%| O|  |TAMS 0x000000070a400000| PB 0x000000070a200000| Untracked 
|  82|0x000000070a400000, 0x000000070a600000, 0x000000070a600000|100%| O|  |TAMS 0x000000070a600000| PB 0x000000070a400000| Untracked 
|  83|0x000000070a600000, 0x000000070a800000, 0x000000070a800000|100%| O|  |TAMS 0x000000070a800000| PB 0x000000070a600000| Untracked 
|  84|0x000000070a800000, 0x000000070aa00000, 0x000000070aa00000|100%| O|  |TAMS 0x000000070aa00000| PB 0x000000070a800000| Untracked 
|  85|0x000000070aa00000, 0x000000070ac00000, 0x000000070ac00000|100%| O|  |TAMS 0x000000070ac00000| PB 0x000000070aa00000| Untracked 
|  86|0x000000070ac00000, 0x000000070ae00000, 0x000000070ae00000|100%| O|  |TAMS 0x000000070ae00000| PB 0x000000070ac00000| Untracked 
|  87|0x000000070ae00000, 0x000000070b000000, 0x000000070b000000|100%| O|  |TAMS 0x000000070b000000| PB 0x000000070ae00000| Untracked 
|  88|0x000000070b000000, 0x000000070b200000, 0x000000070b200000|100%| O|  |TAMS 0x000000070b200000| PB 0x000000070b000000| Untracked 
|  89|0x000000070b200000, 0x000000070b400000, 0x000000070b400000|100%| O|  |TAMS 0x000000070b400000| PB 0x000000070b200000| Untracked 
|  90|0x000000070b400000, 0x000000070b600000, 0x000000070b600000|100%| O|  |TAMS 0x000000070b600000| PB 0x000000070b400000| Untracked 
|  91|0x000000070b600000, 0x000000070b800000, 0x000000070b800000|100%| O|  |TAMS 0x000000070b800000| PB 0x000000070b600000| Untracked 
|  92|0x000000070b800000, 0x000000070ba00000, 0x000000070ba00000|100%| O|  |TAMS 0x000000070ba00000| PB 0x000000070b800000| Untracked 
|  93|0x000000070ba00000, 0x000000070bc00000, 0x000000070bc00000|100%| O|  |TAMS 0x000000070bc00000| PB 0x000000070ba00000| Untracked 
|  94|0x000000070bc00000, 0x000000070be00000, 0x000000070be00000|100%| O|  |TAMS 0x000000070be00000| PB 0x000000070bc00000| Untracked 
|  95|0x000000070be00000, 0x000000070c000000, 0x000000070c000000|100%| O|  |TAMS 0x000000070c000000| PB 0x000000070be00000| Untracked 
|  96|0x000000070c000000, 0x000000070c200000, 0x000000070c200000|100%| O|  |TAMS 0x000000070c200000| PB 0x000000070c000000| Untracked 
|  97|0x000000070c200000, 0x000000070c400000, 0x000000070c400000|100%| O|  |TAMS 0x000000070c400000| PB 0x000000070c200000| Untracked 
|  98|0x000000070c400000, 0x000000070c600000, 0x000000070c600000|100%| O|  |TAMS 0x000000070c600000| PB 0x000000070c400000| Untracked 
|  99|0x000000070c600000, 0x000000070c800000, 0x000000070c800000|100%| O|  |TAMS 0x000000070c800000| PB 0x000000070c600000| Untracked 
| 100|0x000000070c800000, 0x000000070ca00000, 0x000000070ca00000|100%| O|  |TAMS 0x000000070ca00000| PB 0x000000070c800000| Untracked 
| 101|0x000000070ca00000, 0x000000070cc00000, 0x000000070cc00000|100%| O|  |TAMS 0x000000070cc00000| PB 0x000000070ca00000| Untracked 
| 102|0x000000070cc00000, 0x000000070ce00000, 0x000000070ce00000|100%| O|  |TAMS 0x000000070ce00000| PB 0x000000070cc00000| Untracked 
| 103|0x000000070ce00000, 0x000000070d000000, 0x000000070d000000|100%| O|  |TAMS 0x000000070d000000| PB 0x000000070ce00000| Untracked 
| 104|0x000000070d000000, 0x000000070d200000, 0x000000070d200000|100%| O|  |TAMS 0x000000070d200000| PB 0x000000070d000000| Untracked 
| 105|0x000000070d200000, 0x000000070d400000, 0x000000070d400000|100%| O|  |TAMS 0x000000070d400000| PB 0x000000070d200000| Untracked 
| 106|0x000000070d400000, 0x000000070d400000, 0x000000070d600000|  0%| F|  |TAMS 0x000000070d400000| PB 0x000000070d400000| Untracked 
| 107|0x000000070d600000, 0x000000070d800000, 0x000000070d800000|100%| O|  |TAMS 0x000000070d800000| PB 0x000000070d600000| Untracked 
| 108|0x000000070d800000, 0x000000070da00000, 0x000000070da00000|100%| O|  |TAMS 0x000000070da00000| PB 0x000000070d800000| Untracked 
| 109|0x000000070da00000, 0x000000070dc00000, 0x000000070dc00000|100%|HS|  |TAMS 0x000000070dc00000| PB 0x000000070da00000| Complete 
| 110|0x000000070dc00000, 0x000000070de00000, 0x000000070de00000|100%|HC|  |TAMS 0x000000070de00000| PB 0x000000070dc00000| Complete 
| 111|0x000000070de00000, 0x000000070e000000, 0x000000070e000000|100%| O|  |TAMS 0x000000070e000000| PB 0x000000070de00000| Untracked 
| 112|0x000000070e000000, 0x000000070e200000, 0x000000070e200000|100%| O|  |TAMS 0x000000070e200000| PB 0x000000070e000000| Untracked 
| 113|0x000000070e200000, 0x000000070e400000, 0x000000070e400000|100%| O|  |TAMS 0x000000070e400000| PB 0x000000070e200000| Untracked 
| 114|0x000000070e400000, 0x000000070e600000, 0x000000070e600000|100%| O|  |TAMS 0x000000070e600000| PB 0x000000070e400000| Untracked 
| 115|0x000000070e600000, 0x000000070e800000, 0x000000070e800000|100%| O|  |TAMS 0x000000070e800000| PB 0x000000070e600000| Untracked 
| 116|0x000000070e800000, 0x000000070e800000, 0x000000070ea00000|  0%| F|  |TAMS 0x000000070e800000| PB 0x000000070e800000| Untracked 
| 117|0x000000070ea00000, 0x000000070ec00000, 0x000000070ec00000|100%| O|  |TAMS 0x000000070ec00000| PB 0x000000070ea00000| Untracked 
| 118|0x000000070ec00000, 0x000000070ee00000, 0x000000070ee00000|100%| O|  |TAMS 0x000000070ee00000| PB 0x000000070ec00000| Untracked 
| 119|0x000000070ee00000, 0x000000070f000000, 0x000000070f000000|100%| O|  |TAMS 0x000000070f000000| PB 0x000000070ee00000| Untracked 
| 120|0x000000070f000000, 0x000000070f200000, 0x000000070f200000|100%| O|  |TAMS 0x000000070f200000| PB 0x000000070f000000| Untracked 
| 121|0x000000070f200000, 0x000000070f400000, 0x000000070f400000|100%| O|  |TAMS 0x000000070f400000| PB 0x000000070f200000| Untracked 
| 122|0x000000070f400000, 0x000000070f600000, 0x000000070f600000|100%| O|  |TAMS 0x000000070f600000| PB 0x000000070f400000| Untracked 
| 123|0x000000070f600000, 0x000000070f800000, 0x000000070f800000|100%| O|  |TAMS 0x000000070f800000| PB 0x000000070f600000| Untracked 
| 124|0x000000070f800000, 0x000000070fa00000, 0x000000070fa00000|100%| O|  |TAMS 0x000000070fa00000| PB 0x000000070f800000| Untracked 
| 125|0x000000070fa00000, 0x000000070fc00000, 0x000000070fc00000|100%| O|  |TAMS 0x000000070fc00000| PB 0x000000070fa00000| Untracked 
| 126|0x000000070fc00000, 0x000000070fe00000, 0x000000070fe00000|100%| O|  |TAMS 0x000000070fe00000| PB 0x000000070fc00000| Untracked 
| 127|0x000000070fe00000, 0x0000000710000000, 0x0000000710000000|100%| O|  |TAMS 0x0000000710000000| PB 0x000000070fe00000| Untracked 
| 128|0x0000000710000000, 0x0000000710200000, 0x0000000710200000|100%| O|  |TAMS 0x0000000710200000| PB 0x0000000710000000| Untracked 
| 129|0x0000000710200000, 0x0000000710400000, 0x0000000710400000|100%| O|  |TAMS 0x0000000710400000| PB 0x0000000710200000| Untracked 
| 130|0x0000000710400000, 0x0000000710600000, 0x0000000710600000|100%| O|  |TAMS 0x0000000710600000| PB 0x0000000710400000| Untracked 
| 131|0x0000000710600000, 0x0000000710600000, 0x0000000710800000|  0%| F|  |TAMS 0x0000000710600000| PB 0x0000000710600000| Untracked 
| 132|0x0000000710800000, 0x0000000710a00000, 0x0000000710a00000|100%| O|  |TAMS 0x0000000710a00000| PB 0x0000000710800000| Untracked 
| 133|0x0000000710a00000, 0x0000000710c00000, 0x0000000710c00000|100%| O|  |TAMS 0x0000000710c00000| PB 0x0000000710a00000| Untracked 
| 134|0x0000000710c00000, 0x0000000710e00000, 0x0000000710e00000|100%| O|  |TAMS 0x0000000710e00000| PB 0x0000000710c00000| Untracked 
| 135|0x0000000710e00000, 0x0000000711000000, 0x0000000711000000|100%| O|  |TAMS 0x0000000711000000| PB 0x0000000710e00000| Untracked 
| 136|0x0000000711000000, 0x0000000711200000, 0x0000000711200000|100%| O|  |TAMS 0x0000000711200000| PB 0x0000000711000000| Untracked 
| 137|0x0000000711200000, 0x0000000711400000, 0x0000000711400000|100%| O|  |TAMS 0x0000000711400000| PB 0x0000000711200000| Untracked 
| 138|0x0000000711400000, 0x0000000711600000, 0x0000000711600000|100%| O|  |TAMS 0x0000000711600000| PB 0x0000000711400000| Untracked 
| 139|0x0000000711600000, 0x0000000711800000, 0x0000000711800000|100%| O|  |TAMS 0x0000000711800000| PB 0x0000000711600000| Untracked 
| 140|0x0000000711800000, 0x0000000711a00000, 0x0000000711a00000|100%| O|  |TAMS 0x0000000711a00000| PB 0x0000000711800000| Untracked 
| 141|0x0000000711a00000, 0x0000000711c00000, 0x0000000711c00000|100%| O|  |TAMS 0x0000000711c00000| PB 0x0000000711a00000| Untracked 
| 142|0x0000000711c00000, 0x0000000711e00000, 0x0000000711e00000|100%| O|  |TAMS 0x0000000711e00000| PB 0x0000000711c00000| Untracked 
| 143|0x0000000711e00000, 0x0000000712000000, 0x0000000712000000|100%| O|  |TAMS 0x0000000712000000| PB 0x0000000711e00000| Untracked 
| 144|0x0000000712000000, 0x0000000712200000, 0x0000000712200000|100%| O|  |TAMS 0x0000000712200000| PB 0x0000000712000000| Untracked 
| 145|0x0000000712200000, 0x0000000712400000, 0x0000000712400000|100%| O|  |TAMS 0x0000000712400000| PB 0x0000000712200000| Untracked 
| 146|0x0000000712400000, 0x0000000712600000, 0x0000000712600000|100%| O|  |TAMS 0x0000000712600000| PB 0x0000000712400000| Untracked 
| 147|0x0000000712600000, 0x0000000712800000, 0x0000000712800000|100%| O|  |TAMS 0x0000000712800000| PB 0x0000000712600000| Untracked 
| 148|0x0000000712800000, 0x0000000712a00000, 0x0000000712a00000|100%| O|  |TAMS 0x0000000712a00000| PB 0x0000000712800000| Untracked 
| 149|0x0000000712a00000, 0x0000000712c00000, 0x0000000712c00000|100%| O|  |TAMS 0x0000000712c00000| PB 0x0000000712a00000| Untracked 
| 150|0x0000000712c00000, 0x0000000712e00000, 0x0000000712e00000|100%| O|  |TAMS 0x0000000712e00000| PB 0x0000000712c00000| Untracked 
| 151|0x0000000712e00000, 0x0000000713000000, 0x0000000713000000|100%| O|  |TAMS 0x0000000713000000| PB 0x0000000712e00000| Untracked 
| 152|0x0000000713000000, 0x0000000713200000, 0x0000000713200000|100%| O|  |TAMS 0x0000000713200000| PB 0x0000000713000000| Untracked 
| 153|0x0000000713200000, 0x0000000713400000, 0x0000000713400000|100%| O|  |TAMS 0x0000000713400000| PB 0x0000000713200000| Untracked 
| 154|0x0000000713400000, 0x0000000713600000, 0x0000000713600000|100%| O|  |TAMS 0x0000000713600000| PB 0x0000000713400000| Untracked 
| 155|0x0000000713600000, 0x0000000713800000, 0x0000000713800000|100%| O|  |TAMS 0x0000000713800000| PB 0x0000000713600000| Untracked 
| 156|0x0000000713800000, 0x0000000713a00000, 0x0000000713a00000|100%| O|  |TAMS 0x0000000713a00000| PB 0x0000000713800000| Untracked 
| 157|0x0000000713a00000, 0x0000000713c00000, 0x0000000713c00000|100%| O|  |TAMS 0x0000000713c00000| PB 0x0000000713a00000| Untracked 
| 158|0x0000000713c00000, 0x0000000713e00000, 0x0000000713e00000|100%| O|  |TAMS 0x0000000713e00000| PB 0x0000000713c00000| Untracked 
| 159|0x0000000713e00000, 0x0000000714000000, 0x0000000714000000|100%| O|  |TAMS 0x0000000714000000| PB 0x0000000713e00000| Untracked 
| 160|0x0000000714000000, 0x0000000714200000, 0x0000000714200000|100%| O|  |TAMS 0x0000000714200000| PB 0x0000000714000000| Untracked 
| 161|0x0000000714200000, 0x0000000714400000, 0x0000000714400000|100%| O|  |TAMS 0x0000000714400000| PB 0x0000000714200000| Untracked 
| 162|0x0000000714400000, 0x0000000714600000, 0x0000000714600000|100%| O|  |TAMS 0x0000000714600000| PB 0x0000000714400000| Untracked 
| 163|0x0000000714600000, 0x0000000714800000, 0x0000000714800000|100%| O|  |TAMS 0x0000000714800000| PB 0x0000000714600000| Untracked 
| 164|0x0000000714800000, 0x0000000714a00000, 0x0000000714a00000|100%| O|  |TAMS 0x0000000714a00000| PB 0x0000000714800000| Untracked 
| 165|0x0000000714a00000, 0x0000000714c00000, 0x0000000714c00000|100%| O|  |TAMS 0x0000000714c00000| PB 0x0000000714a00000| Untracked 
| 166|0x0000000714c00000, 0x0000000714e00000, 0x0000000714e00000|100%| O|  |TAMS 0x0000000714e00000| PB 0x0000000714c00000| Untracked 
| 167|0x0000000714e00000, 0x0000000715000000, 0x0000000715000000|100%| O|  |TAMS 0x0000000715000000| PB 0x0000000714e00000| Untracked 
| 168|0x0000000715000000, 0x0000000715200000, 0x0000000715200000|100%| O|  |TAMS 0x0000000715200000| PB 0x0000000715000000| Untracked 
| 169|0x0000000715200000, 0x0000000715400000, 0x0000000715400000|100%| O|  |TAMS 0x0000000715400000| PB 0x0000000715200000| Untracked 
| 170|0x0000000715400000, 0x0000000715600000, 0x0000000715600000|100%| O|  |TAMS 0x0000000715600000| PB 0x0000000715400000| Untracked 
| 171|0x0000000715600000, 0x0000000715800000, 0x0000000715800000|100%| O|  |TAMS 0x0000000715800000| PB 0x0000000715600000| Untracked 
| 172|0x0000000715800000, 0x0000000715a00000, 0x0000000715a00000|100%| O|  |TAMS 0x0000000715a00000| PB 0x0000000715800000| Untracked 
| 173|0x0000000715a00000, 0x0000000715c00000, 0x0000000715c00000|100%| O|  |TAMS 0x0000000715c00000| PB 0x0000000715a00000| Untracked 
| 174|0x0000000715c00000, 0x0000000715e00000, 0x0000000715e00000|100%| O|  |TAMS 0x0000000715e00000| PB 0x0000000715c00000| Untracked 
| 175|0x0000000715e00000, 0x0000000716000000, 0x0000000716000000|100%| O|  |TAMS 0x0000000716000000| PB 0x0000000715e00000| Untracked 
| 176|0x0000000716000000, 0x0000000716200000, 0x0000000716200000|100%| O|  |TAMS 0x0000000716200000| PB 0x0000000716000000| Untracked 
| 177|0x0000000716200000, 0x0000000716400000, 0x0000000716400000|100%| O|  |TAMS 0x0000000716400000| PB 0x0000000716200000| Untracked 
| 178|0x0000000716400000, 0x0000000716600000, 0x0000000716600000|100%| O|  |TAMS 0x0000000716600000| PB 0x0000000716400000| Untracked 
| 179|0x0000000716600000, 0x0000000716800000, 0x0000000716800000|100%| O|  |TAMS 0x0000000716800000| PB 0x0000000716600000| Untracked 
| 180|0x0000000716800000, 0x0000000716a00000, 0x0000000716a00000|100%| O|  |TAMS 0x0000000716a00000| PB 0x0000000716800000| Untracked 
| 181|0x0000000716a00000, 0x0000000716c00000, 0x0000000716c00000|100%| O|  |TAMS 0x0000000716c00000| PB 0x0000000716a00000| Untracked 
| 182|0x0000000716c00000, 0x0000000716e00000, 0x0000000716e00000|100%| O|  |TAMS 0x0000000716e00000| PB 0x0000000716c00000| Untracked 
| 183|0x0000000716e00000, 0x0000000717000000, 0x0000000717000000|100%| O|  |TAMS 0x0000000717000000| PB 0x0000000716e00000| Untracked 
| 184|0x0000000717000000, 0x0000000717200000, 0x0000000717200000|100%| O|  |TAMS 0x0000000717200000| PB 0x0000000717000000| Untracked 
| 185|0x0000000717200000, 0x0000000717400000, 0x0000000717400000|100%| O|  |TAMS 0x0000000717400000| PB 0x0000000717200000| Untracked 
| 186|0x0000000717400000, 0x0000000717600000, 0x0000000717600000|100%| O|  |TAMS 0x0000000717600000| PB 0x0000000717400000| Untracked 
| 187|0x0000000717600000, 0x0000000717800000, 0x0000000717800000|100%| O|  |TAMS 0x0000000717800000| PB 0x0000000717600000| Untracked 
| 188|0x0000000717800000, 0x0000000717a00000, 0x0000000717a00000|100%| O|  |TAMS 0x0000000717a00000| PB 0x0000000717800000| Untracked 
| 189|0x0000000717a00000, 0x0000000717c00000, 0x0000000717c00000|100%| O|  |TAMS 0x0000000717c00000| PB 0x0000000717a00000| Untracked 
| 190|0x0000000717c00000, 0x0000000717e00000, 0x0000000717e00000|100%| O|  |TAMS 0x0000000717e00000| PB 0x0000000717c00000| Untracked 
| 191|0x0000000717e00000, 0x0000000718000000, 0x0000000718000000|100%| O|  |TAMS 0x0000000718000000| PB 0x0000000717e00000| Untracked 
| 192|0x0000000718000000, 0x0000000718200000, 0x0000000718200000|100%| O|  |TAMS 0x0000000718200000| PB 0x0000000718000000| Untracked 
| 193|0x0000000718200000, 0x0000000718400000, 0x0000000718400000|100%| O|  |TAMS 0x0000000718400000| PB 0x0000000718200000| Untracked 
| 194|0x0000000718400000, 0x0000000718600000, 0x0000000718600000|100%| O|  |TAMS 0x0000000718600000| PB 0x0000000718400000| Untracked 
| 195|0x0000000718600000, 0x0000000718800000, 0x0000000718800000|100%| O|  |TAMS 0x0000000718800000| PB 0x0000000718600000| Untracked 
| 196|0x0000000718800000, 0x0000000718a00000, 0x0000000718a00000|100%| O|  |TAMS 0x0000000718a00000| PB 0x0000000718800000| Untracked 
| 197|0x0000000718a00000, 0x0000000718c00000, 0x0000000718c00000|100%| O|  |TAMS 0x0000000718c00000| PB 0x0000000718a00000| Untracked 
| 198|0x0000000718c00000, 0x0000000718e00000, 0x0000000718e00000|100%| O|  |TAMS 0x0000000718e00000| PB 0x0000000718c00000| Untracked 
| 199|0x0000000718e00000, 0x0000000718e00000, 0x0000000719000000|  0%| F|  |TAMS 0x0000000718e00000| PB 0x0000000718e00000| Untracked 
| 200|0x0000000719000000, 0x0000000719200000, 0x0000000719200000|100%| O|  |TAMS 0x0000000719200000| PB 0x0000000719000000| Untracked 
| 201|0x0000000719200000, 0x0000000719400000, 0x0000000719400000|100%| O|  |TAMS 0x0000000719400000| PB 0x0000000719200000| Untracked 
| 202|0x0000000719400000, 0x0000000719600000, 0x0000000719600000|100%| O|  |TAMS 0x0000000719600000| PB 0x0000000719400000| Untracked 
| 203|0x0000000719600000, 0x0000000719800000, 0x0000000719800000|100%| O|  |TAMS 0x0000000719800000| PB 0x0000000719600000| Untracked 
| 204|0x0000000719800000, 0x0000000719a00000, 0x0000000719a00000|100%| O|  |TAMS 0x0000000719a00000| PB 0x0000000719800000| Untracked 
| 205|0x0000000719a00000, 0x0000000719c00000, 0x0000000719c00000|100%| O|  |TAMS 0x0000000719c00000| PB 0x0000000719a00000| Untracked 
| 206|0x0000000719c00000, 0x0000000719e00000, 0x0000000719e00000|100%| O|  |TAMS 0x0000000719e00000| PB 0x0000000719c00000| Untracked 
| 207|0x0000000719e00000, 0x000000071a000000, 0x000000071a000000|100%| O|  |TAMS 0x000000071a000000| PB 0x0000000719e00000| Untracked 
| 208|0x000000071a000000, 0x000000071a000000, 0x000000071a200000|  0%| F|  |TAMS 0x000000071a000000| PB 0x000000071a000000| Untracked 
| 209|0x000000071a200000, 0x000000071a200000, 0x000000071a400000|  0%| F|  |TAMS 0x000000071a200000| PB 0x000000071a200000| Untracked 
| 210|0x000000071a400000, 0x000000071a600000, 0x000000071a600000|100%| O|  |TAMS 0x000000071a600000| PB 0x000000071a400000| Untracked 
| 211|0x000000071a600000, 0x000000071a800000, 0x000000071a800000|100%| O|  |TAMS 0x000000071a800000| PB 0x000000071a600000| Untracked 
| 212|0x000000071a800000, 0x000000071aa00000, 0x000000071aa00000|100%| O|  |TAMS 0x000000071aa00000| PB 0x000000071a800000| Untracked 
| 213|0x000000071aa00000, 0x000000071ac00000, 0x000000071ac00000|100%| O|  |TAMS 0x000000071ac00000| PB 0x000000071aa00000| Untracked 
| 214|0x000000071ac00000, 0x000000071ac00000, 0x000000071ae00000|  0%| F|  |TAMS 0x000000071ac00000| PB 0x000000071ac00000| Untracked 
| 215|0x000000071ae00000, 0x000000071ae00000, 0x000000071b000000|  0%| F|  |TAMS 0x000000071ae00000| PB 0x000000071ae00000| Untracked 
| 216|0x000000071b000000, 0x000000071b000000, 0x000000071b200000|  0%| F|  |TAMS 0x000000071b000000| PB 0x000000071b000000| Untracked 
| 217|0x000000071b200000, 0x000000071b400000, 0x000000071b400000|100%| O|  |TAMS 0x000000071b400000| PB 0x000000071b200000| Untracked 
| 218|0x000000071b400000, 0x000000071b400000, 0x000000071b600000|  0%| F|  |TAMS 0x000000071b400000| PB 0x000000071b400000| Untracked 
| 219|0x000000071b600000, 0x000000071b800000, 0x000000071b800000|100%| O|  |TAMS 0x000000071b800000| PB 0x000000071b600000| Untracked 
| 220|0x000000071b800000, 0x000000071ba00000, 0x000000071ba00000|100%| O|  |TAMS 0x000000071ba00000| PB 0x000000071b800000| Untracked 
| 221|0x000000071ba00000, 0x000000071bc00000, 0x000000071bc00000|100%| O|  |TAMS 0x000000071bc00000| PB 0x000000071ba00000| Untracked 
| 222|0x000000071bc00000, 0x000000071be00000, 0x000000071be00000|100%| O|  |TAMS 0x000000071be00000| PB 0x000000071bc00000| Untracked 
| 223|0x000000071be00000, 0x000000071be00000, 0x000000071c000000|  0%| F|  |TAMS 0x000000071be00000| PB 0x000000071be00000| Untracked 
| 224|0x000000071c000000, 0x000000071c200000, 0x000000071c200000|100%| O|  |TAMS 0x000000071c200000| PB 0x000000071c000000| Untracked 
| 225|0x000000071c200000, 0x000000071c400000, 0x000000071c400000|100%| O|  |TAMS 0x000000071c400000| PB 0x000000071c200000| Untracked 
| 226|0x000000071c400000, 0x000000071c600000, 0x000000071c600000|100%| O|  |TAMS 0x000000071c600000| PB 0x000000071c400000| Untracked 
| 227|0x000000071c600000, 0x000000071c800000, 0x000000071c800000|100%| O|  |TAMS 0x000000071c800000| PB 0x000000071c600000| Untracked 
| 228|0x000000071c800000, 0x000000071ca00000, 0x000000071ca00000|100%| O|  |TAMS 0x000000071ca00000| PB 0x000000071c800000| Untracked 
| 229|0x000000071ca00000, 0x000000071cc00000, 0x000000071cc00000|100%| O|  |TAMS 0x000000071cc00000| PB 0x000000071ca00000| Untracked 
| 230|0x000000071cc00000, 0x000000071ce00000, 0x000000071ce00000|100%| O|  |TAMS 0x000000071ce00000| PB 0x000000071cc00000| Untracked 
| 231|0x000000071ce00000, 0x000000071d000000, 0x000000071d000000|100%| O|  |TAMS 0x000000071d000000| PB 0x000000071ce00000| Untracked 
| 232|0x000000071d000000, 0x000000071d200000, 0x000000071d200000|100%| O|  |TAMS 0x000000071d200000| PB 0x000000071d000000| Untracked 
| 233|0x000000071d200000, 0x000000071d400000, 0x000000071d400000|100%| O|  |TAMS 0x000000071d400000| PB 0x000000071d200000| Untracked 
| 234|0x000000071d400000, 0x000000071d600000, 0x000000071d600000|100%| O|  |TAMS 0x000000071d600000| PB 0x000000071d400000| Untracked 
| 235|0x000000071d600000, 0x000000071d600000, 0x000000071d800000|  0%| F|  |TAMS 0x000000071d600000| PB 0x000000071d600000| Untracked 
| 236|0x000000071d800000, 0x000000071da00000, 0x000000071da00000|100%| O|  |TAMS 0x000000071da00000| PB 0x000000071d800000| Untracked 
| 237|0x000000071da00000, 0x000000071dc00000, 0x000000071dc00000|100%| O|  |TAMS 0x000000071dc00000| PB 0x000000071da00000| Untracked 
| 238|0x000000071dc00000, 0x000000071dc00000, 0x000000071de00000|  0%| F|  |TAMS 0x000000071dc00000| PB 0x000000071dc00000| Untracked 
| 239|0x000000071de00000, 0x000000071e000000, 0x000000071e000000|100%| O|  |TAMS 0x000000071e000000| PB 0x000000071de00000| Untracked 
| 240|0x000000071e000000, 0x000000071e200000, 0x000000071e200000|100%| O|  |TAMS 0x000000071e200000| PB 0x000000071e000000| Untracked 
| 241|0x000000071e200000, 0x000000071e400000, 0x000000071e400000|100%| O|  |TAMS 0x000000071e400000| PB 0x000000071e200000| Untracked 
| 242|0x000000071e400000, 0x000000071e600000, 0x000000071e600000|100%| O|  |TAMS 0x000000071e600000| PB 0x000000071e400000| Untracked 
| 243|0x000000071e600000, 0x000000071e800000, 0x000000071e800000|100%| O|  |TAMS 0x000000071e800000| PB 0x000000071e600000| Untracked 
| 244|0x000000071e800000, 0x000000071ea00000, 0x000000071ea00000|100%| O|  |TAMS 0x000000071ea00000| PB 0x000000071e800000| Untracked 
| 245|0x000000071ea00000, 0x000000071ec00000, 0x000000071ec00000|100%| O|  |TAMS 0x000000071ec00000| PB 0x000000071ea00000| Untracked 
| 246|0x000000071ec00000, 0x000000071ee00000, 0x000000071ee00000|100%| O|  |TAMS 0x000000071ee00000| PB 0x000000071ec00000| Untracked 
| 247|0x000000071ee00000, 0x000000071f000000, 0x000000071f000000|100%| O|  |TAMS 0x000000071f000000| PB 0x000000071ee00000| Untracked 
| 248|0x000000071f000000, 0x000000071f200000, 0x000000071f200000|100%| O|  |TAMS 0x000000071f200000| PB 0x000000071f000000| Untracked 
| 249|0x000000071f200000, 0x000000071f400000, 0x000000071f400000|100%| O|  |TAMS 0x000000071f400000| PB 0x000000071f200000| Untracked 
| 250|0x000000071f400000, 0x000000071f400000, 0x000000071f600000|  0%| F|  |TAMS 0x000000071f400000| PB 0x000000071f400000| Untracked 
| 251|0x000000071f600000, 0x000000071f800000, 0x000000071f800000|100%| O|  |TAMS 0x000000071f800000| PB 0x000000071f600000| Untracked 
| 252|0x000000071f800000, 0x000000071f800000, 0x000000071fa00000|  0%| F|  |TAMS 0x000000071f800000| PB 0x000000071f800000| Untracked 
| 253|0x000000071fa00000, 0x000000071fa00000, 0x000000071fc00000|  0%| F|  |TAMS 0x000000071fa00000| PB 0x000000071fa00000| Untracked 
| 254|0x000000071fc00000, 0x000000071fe00000, 0x000000071fe00000|100%| O|  |TAMS 0x000000071fe00000| PB 0x000000071fc00000| Untracked 
| 255|0x000000071fe00000, 0x000000071fe00000, 0x0000000720000000|  0%| F|  |TAMS 0x000000071fe00000| PB 0x000000071fe00000| Untracked 
| 256|0x0000000720000000, 0x0000000720200000, 0x0000000720200000|100%| O|  |TAMS 0x0000000720200000| PB 0x0000000720000000| Untracked 
| 257|0x0000000720200000, 0x0000000720200000, 0x0000000720400000|  0%| F|  |TAMS 0x0000000720200000| PB 0x0000000720200000| Untracked 
| 258|0x0000000720400000, 0x0000000720600000, 0x0000000720600000|100%| O|  |TAMS 0x0000000720600000| PB 0x0000000720400000| Untracked 
| 259|0x0000000720600000, 0x0000000720800000, 0x0000000720800000|100%| O|  |TAMS 0x0000000720800000| PB 0x0000000720600000| Untracked 
| 260|0x0000000720800000, 0x0000000720a00000, 0x0000000720a00000|100%| O|  |TAMS 0x0000000720a00000| PB 0x0000000720800000| Untracked 
| 261|0x0000000720a00000, 0x0000000720c00000, 0x0000000720c00000|100%| O|  |TAMS 0x0000000720c00000| PB 0x0000000720a00000| Untracked 
| 262|0x0000000720c00000, 0x0000000720e00000, 0x0000000720e00000|100%| O|  |TAMS 0x0000000720e00000| PB 0x0000000720c00000| Untracked 
| 263|0x0000000720e00000, 0x0000000721000000, 0x0000000721000000|100%| O|  |TAMS 0x0000000721000000| PB 0x0000000720e00000| Untracked 
| 264|0x0000000721000000, 0x0000000721200000, 0x0000000721200000|100%| O|  |TAMS 0x0000000721200000| PB 0x0000000721000000| Untracked 
| 265|0x0000000721200000, 0x0000000721400000, 0x0000000721400000|100%| O|  |TAMS 0x0000000721400000| PB 0x0000000721200000| Untracked 
| 266|0x0000000721400000, 0x0000000721600000, 0x0000000721600000|100%| O|  |TAMS 0x0000000721600000| PB 0x0000000721400000| Untracked 
| 267|0x0000000721600000, 0x0000000721800000, 0x0000000721800000|100%| O|  |TAMS 0x0000000721800000| PB 0x0000000721600000| Untracked 
| 268|0x0000000721800000, 0x0000000721a00000, 0x0000000721a00000|100%| O|  |TAMS 0x0000000721a00000| PB 0x0000000721800000| Untracked 
| 269|0x0000000721a00000, 0x0000000721c00000, 0x0000000721c00000|100%| O|  |TAMS 0x0000000721c00000| PB 0x0000000721a00000| Untracked 
| 270|0x0000000721c00000, 0x0000000721e00000, 0x0000000721e00000|100%| O|  |TAMS 0x0000000721e00000| PB 0x0000000721c00000| Untracked 
| 271|0x0000000721e00000, 0x0000000722000000, 0x0000000722000000|100%| O|  |TAMS 0x0000000722000000| PB 0x0000000721e00000| Untracked 
| 272|0x0000000722000000, 0x0000000722200000, 0x0000000722200000|100%| O|  |TAMS 0x0000000722200000| PB 0x0000000722000000| Untracked 
| 273|0x0000000722200000, 0x0000000722400000, 0x0000000722400000|100%| O|  |TAMS 0x0000000722400000| PB 0x0000000722200000| Untracked 
| 274|0x0000000722400000, 0x0000000722600000, 0x0000000722600000|100%| O|  |TAMS 0x0000000722600000| PB 0x0000000722400000| Untracked 
| 275|0x0000000722600000, 0x0000000722800000, 0x0000000722800000|100%| O|  |TAMS 0x0000000722800000| PB 0x0000000722600000| Untracked 
| 276|0x0000000722800000, 0x0000000722a00000, 0x0000000722a00000|100%| O|  |TAMS 0x0000000722a00000| PB 0x0000000722800000| Untracked 
| 277|0x0000000722a00000, 0x0000000722c00000, 0x0000000722c00000|100%| O|  |TAMS 0x0000000722c00000| PB 0x0000000722a00000| Untracked 
| 278|0x0000000722c00000, 0x0000000722e00000, 0x0000000722e00000|100%| O|  |TAMS 0x0000000722e00000| PB 0x0000000722c00000| Untracked 
| 279|0x0000000722e00000, 0x0000000723000000, 0x0000000723000000|100%| O|  |TAMS 0x0000000723000000| PB 0x0000000722e00000| Untracked 
| 280|0x0000000723000000, 0x0000000723200000, 0x0000000723200000|100%| O|  |TAMS 0x0000000723200000| PB 0x0000000723000000| Untracked 
| 281|0x0000000723200000, 0x0000000723400000, 0x0000000723400000|100%| O|  |TAMS 0x0000000723400000| PB 0x0000000723200000| Untracked 
| 282|0x0000000723400000, 0x0000000723600000, 0x0000000723600000|100%| O|  |TAMS 0x0000000723600000| PB 0x0000000723400000| Untracked 
| 283|0x0000000723600000, 0x0000000723800000, 0x0000000723800000|100%| O|  |TAMS 0x0000000723800000| PB 0x0000000723600000| Untracked 
| 284|0x0000000723800000, 0x0000000723a00000, 0x0000000723a00000|100%| O|  |TAMS 0x0000000723a00000| PB 0x0000000723800000| Untracked 
| 285|0x0000000723a00000, 0x0000000723c00000, 0x0000000723c00000|100%| O|  |TAMS 0x0000000723c00000| PB 0x0000000723a00000| Untracked 
| 286|0x0000000723c00000, 0x0000000723e00000, 0x0000000723e00000|100%| O|  |TAMS 0x0000000723e00000| PB 0x0000000723c00000| Untracked 
| 287|0x0000000723e00000, 0x0000000724000000, 0x0000000724000000|100%| O|  |TAMS 0x0000000724000000| PB 0x0000000723e00000| Untracked 
| 288|0x0000000724000000, 0x0000000724200000, 0x0000000724200000|100%| O|  |TAMS 0x0000000724200000| PB 0x0000000724000000| Untracked 
| 289|0x0000000724200000, 0x0000000724400000, 0x0000000724400000|100%| O|  |TAMS 0x0000000724400000| PB 0x0000000724200000| Untracked 
| 290|0x0000000724400000, 0x0000000724600000, 0x0000000724600000|100%| O|  |TAMS 0x0000000724600000| PB 0x0000000724400000| Untracked 
| 291|0x0000000724600000, 0x0000000724600000, 0x0000000724800000|  0%| F|  |TAMS 0x0000000724600000| PB 0x0000000724600000| Untracked 
| 292|0x0000000724800000, 0x0000000724800000, 0x0000000724a00000|  0%| F|  |TAMS 0x0000000724800000| PB 0x0000000724800000| Untracked 
| 293|0x0000000724a00000, 0x0000000724c00000, 0x0000000724c00000|100%| O|  |TAMS 0x0000000724c00000| PB 0x0000000724a00000| Untracked 
| 294|0x0000000724c00000, 0x0000000724e00000, 0x0000000724e00000|100%| O|  |TAMS 0x0000000724e00000| PB 0x0000000724c00000| Untracked 
| 295|0x0000000724e00000, 0x0000000725000000, 0x0000000725000000|100%| O|  |TAMS 0x0000000725000000| PB 0x0000000724e00000| Untracked 
| 296|0x0000000725000000, 0x0000000725200000, 0x0000000725200000|100%| O|  |TAMS 0x0000000725200000| PB 0x0000000725000000| Untracked 
| 297|0x0000000725200000, 0x0000000725400000, 0x0000000725400000|100%| O|  |TAMS 0x0000000725400000| PB 0x0000000725200000| Untracked 
| 298|0x0000000725400000, 0x0000000725600000, 0x0000000725600000|100%| O|  |TAMS 0x0000000725600000| PB 0x0000000725400000| Untracked 
| 299|0x0000000725600000, 0x0000000725800000, 0x0000000725800000|100%| O|  |TAMS 0x0000000725800000| PB 0x0000000725600000| Untracked 
| 300|0x0000000725800000, 0x0000000725a00000, 0x0000000725a00000|100%| O|  |TAMS 0x0000000725a00000| PB 0x0000000725800000| Untracked 
| 301|0x0000000725a00000, 0x0000000725a00000, 0x0000000725c00000|  0%| F|  |TAMS 0x0000000725a00000| PB 0x0000000725a00000| Untracked 
| 302|0x0000000725c00000, 0x0000000725c00000, 0x0000000725e00000|  0%| F|  |TAMS 0x0000000725c00000| PB 0x0000000725c00000| Untracked 
| 303|0x0000000725e00000, 0x0000000726000000, 0x0000000726000000|100%| O|  |TAMS 0x0000000726000000| PB 0x0000000725e00000| Untracked 
| 304|0x0000000726000000, 0x0000000726200000, 0x0000000726200000|100%| O|  |TAMS 0x0000000726200000| PB 0x0000000726000000| Untracked 
| 305|0x0000000726200000, 0x0000000726400000, 0x0000000726400000|100%| O|  |TAMS 0x0000000726400000| PB 0x0000000726200000| Untracked 
| 306|0x0000000726400000, 0x0000000726600000, 0x0000000726600000|100%| O|  |TAMS 0x0000000726600000| PB 0x0000000726400000| Untracked 
| 307|0x0000000726600000, 0x0000000726600000, 0x0000000726800000|  0%| F|  |TAMS 0x0000000726600000| PB 0x0000000726600000| Untracked 
| 308|0x0000000726800000, 0x0000000726800000, 0x0000000726a00000|  0%| F|  |TAMS 0x0000000726800000| PB 0x0000000726800000| Untracked 
| 309|0x0000000726a00000, 0x0000000726a00000, 0x0000000726c00000|  0%| F|  |TAMS 0x0000000726a00000| PB 0x0000000726a00000| Untracked 
| 310|0x0000000726c00000, 0x0000000726c00000, 0x0000000726e00000|  0%| F|  |TAMS 0x0000000726c00000| PB 0x0000000726c00000| Untracked 
| 311|0x0000000726e00000, 0x0000000726e00000, 0x0000000727000000|  0%| F|  |TAMS 0x0000000726e00000| PB 0x0000000726e00000| Untracked 
| 312|0x0000000727000000, 0x0000000727000000, 0x0000000727200000|  0%| F|  |TAMS 0x0000000727000000| PB 0x0000000727000000| Untracked 
| 313|0x0000000727200000, 0x0000000727200000, 0x0000000727400000|  0%| F|  |TAMS 0x0000000727200000| PB 0x0000000727200000| Untracked 
| 314|0x0000000727400000, 0x0000000727400000, 0x0000000727600000|  0%| F|  |TAMS 0x0000000727400000| PB 0x0000000727400000| Untracked 
| 315|0x0000000727600000, 0x0000000727600000, 0x0000000727800000|  0%| F|  |TAMS 0x0000000727600000| PB 0x0000000727600000| Untracked 
| 316|0x0000000727800000, 0x0000000727800000, 0x0000000727a00000|  0%| F|  |TAMS 0x0000000727800000| PB 0x0000000727800000| Untracked 
| 317|0x0000000727a00000, 0x0000000727a00000, 0x0000000727c00000|  0%| F|  |TAMS 0x0000000727a00000| PB 0x0000000727a00000| Untracked 
| 318|0x0000000727c00000, 0x0000000727c00000, 0x0000000727e00000|  0%| F|  |TAMS 0x0000000727c00000| PB 0x0000000727c00000| Untracked 
| 319|0x0000000727e00000, 0x0000000727e00000, 0x0000000728000000|  0%| F|  |TAMS 0x0000000727e00000| PB 0x0000000727e00000| Untracked 
| 320|0x0000000728000000, 0x0000000728000000, 0x0000000728200000|  0%| F|  |TAMS 0x0000000728000000| PB 0x0000000728000000| Untracked 
| 321|0x0000000728200000, 0x0000000728200000, 0x0000000728400000|  0%| F|  |TAMS 0x0000000728200000| PB 0x0000000728200000| Untracked 
| 322|0x0000000728400000, 0x0000000728400000, 0x0000000728600000|  0%| F|  |TAMS 0x0000000728400000| PB 0x0000000728400000| Untracked 
| 323|0x0000000728600000, 0x0000000728600000, 0x0000000728800000|  0%| F|  |TAMS 0x0000000728600000| PB 0x0000000728600000| Untracked 
| 324|0x0000000728800000, 0x0000000728800000, 0x0000000728a00000|  0%| F|  |TAMS 0x0000000728800000| PB 0x0000000728800000| Untracked 
| 325|0x0000000728a00000, 0x0000000728a00000, 0x0000000728c00000|  0%| F|  |TAMS 0x0000000728a00000| PB 0x0000000728a00000| Untracked 
| 326|0x0000000728c00000, 0x0000000728c00000, 0x0000000728e00000|  0%| F|  |TAMS 0x0000000728c00000| PB 0x0000000728c00000| Untracked 
| 327|0x0000000728e00000, 0x0000000728e00000, 0x0000000729000000|  0%| F|  |TAMS 0x0000000728e00000| PB 0x0000000728e00000| Untracked 
| 328|0x0000000729000000, 0x0000000729000000, 0x0000000729200000|  0%| F|  |TAMS 0x0000000729000000| PB 0x0000000729000000| Untracked 
| 329|0x0000000729200000, 0x0000000729200000, 0x0000000729400000|  0%| F|  |TAMS 0x0000000729200000| PB 0x0000000729200000| Untracked 
| 330|0x0000000729400000, 0x0000000729500000, 0x0000000729600000| 50%| S|  |TAMS 0x0000000729400000| PB 0x0000000729400000| Complete 
| 331|0x0000000729600000, 0x0000000729800000, 0x0000000729800000|100%| S|  |TAMS 0x0000000729600000| PB 0x0000000729600000| Complete 
| 332|0x0000000729800000, 0x0000000729a00000, 0x0000000729a00000|100%| S|  |TAMS 0x0000000729800000| PB 0x0000000729800000| Complete 
| 333|0x0000000729a00000, 0x0000000729c00000, 0x0000000729c00000|100%| S|  |TAMS 0x0000000729a00000| PB 0x0000000729a00000| Complete 
| 334|0x0000000729c00000, 0x0000000729e00000, 0x0000000729e00000|100%| S|  |TAMS 0x0000000729c00000| PB 0x0000000729c00000| Complete 
| 335|0x0000000729e00000, 0x000000072a000000, 0x000000072a000000|100%| S|  |TAMS 0x0000000729e00000| PB 0x0000000729e00000| Complete 
| 336|0x000000072a000000, 0x000000072a200000, 0x000000072a200000|100%| S|  |TAMS 0x000000072a000000| PB 0x000000072a000000| Complete 
| 337|0x000000072a200000, 0x000000072a400000, 0x000000072a400000|100%| S|  |TAMS 0x000000072a200000| PB 0x000000072a200000| Complete 
| 338|0x000000072a400000, 0x000000072a600000, 0x000000072a600000|100%| S|  |TAMS 0x000000072a400000| PB 0x000000072a400000| Complete 
| 339|0x000000072a600000, 0x000000072a800000, 0x000000072a800000|100%| S|  |TAMS 0x000000072a600000| PB 0x000000072a600000| Complete 
| 340|0x000000072a800000, 0x000000072aa00000, 0x000000072aa00000|100%| S|  |TAMS 0x000000072a800000| PB 0x000000072a800000| Complete 
| 341|0x000000072aa00000, 0x000000072ac00000, 0x000000072ac00000|100%| S|  |TAMS 0x000000072aa00000| PB 0x000000072aa00000| Complete 
| 342|0x000000072ac00000, 0x000000072ae00000, 0x000000072ae00000|100%| S|  |TAMS 0x000000072ac00000| PB 0x000000072ac00000| Complete 
| 343|0x000000072ae00000, 0x000000072b000000, 0x000000072b000000|100%| S|  |TAMS 0x000000072ae00000| PB 0x000000072ae00000| Complete 
| 344|0x000000072b000000, 0x000000072b200000, 0x000000072b200000|100%| S|  |TAMS 0x000000072b000000| PB 0x000000072b000000| Complete 
| 345|0x000000072b200000, 0x000000072b400000, 0x000000072b400000|100%| S|  |TAMS 0x000000072b200000| PB 0x000000072b200000| Complete 
| 346|0x000000072b400000, 0x000000072b600000, 0x000000072b600000|100%| S|  |TAMS 0x000000072b400000| PB 0x000000072b400000| Complete 
| 347|0x000000072b600000, 0x000000072b800000, 0x000000072b800000|100%| S|  |TAMS 0x000000072b600000| PB 0x000000072b600000| Complete 
| 348|0x000000072b800000, 0x000000072ba00000, 0x000000072ba00000|100%| S|  |TAMS 0x000000072b800000| PB 0x000000072b800000| Complete 
| 349|0x000000072ba00000, 0x000000072bc00000, 0x000000072bc00000|100%| S|  |TAMS 0x000000072ba00000| PB 0x000000072ba00000| Complete 
| 350|0x000000072bc00000, 0x000000072be00000, 0x000000072be00000|100%| S|  |TAMS 0x000000072bc00000| PB 0x000000072bc00000| Complete 
| 351|0x000000072be00000, 0x000000072c000000, 0x000000072c000000|100%| S|  |TAMS 0x000000072be00000| PB 0x000000072be00000| Complete 
| 352|0x000000072c000000, 0x000000072c200000, 0x000000072c200000|100%| S|  |TAMS 0x000000072c000000| PB 0x000000072c000000| Complete 
| 353|0x000000072c200000, 0x000000072c400000, 0x000000072c400000|100%| S|  |TAMS 0x000000072c200000| PB 0x000000072c200000| Complete 
| 354|0x000000072c400000, 0x000000072c600000, 0x000000072c600000|100%| S|  |TAMS 0x000000072c400000| PB 0x000000072c400000| Complete 
| 355|0x000000072c600000, 0x000000072c800000, 0x000000072c800000|100%| S|  |TAMS 0x000000072c600000| PB 0x000000072c600000| Complete 
| 356|0x000000072c800000, 0x000000072ca00000, 0x000000072ca00000|100%| S|  |TAMS 0x000000072c800000| PB 0x000000072c800000| Complete 
| 357|0x000000072ca00000, 0x000000072cc00000, 0x000000072cc00000|100%| S|  |TAMS 0x000000072ca00000| PB 0x000000072ca00000| Complete 
| 358|0x000000072cc00000, 0x000000072ce00000, 0x000000072ce00000|100%| S|  |TAMS 0x000000072cc00000| PB 0x000000072cc00000| Complete 
| 359|0x000000072ce00000, 0x000000072d000000, 0x000000072d000000|100%| S|  |TAMS 0x000000072ce00000| PB 0x000000072ce00000| Complete 
| 360|0x000000072d000000, 0x000000072d200000, 0x000000072d200000|100%| S|  |TAMS 0x000000072d000000| PB 0x000000072d000000| Complete 
| 361|0x000000072d200000, 0x000000072d400000, 0x000000072d400000|100%| S|  |TAMS 0x000000072d200000| PB 0x000000072d200000| Complete 
| 362|0x000000072d400000, 0x000000072d600000, 0x000000072d600000|100%| S|  |TAMS 0x000000072d400000| PB 0x000000072d400000| Complete 
| 363|0x000000072d600000, 0x000000072d800000, 0x000000072d800000|100%| S|  |TAMS 0x000000072d600000| PB 0x000000072d600000| Complete 
| 364|0x000000072d800000, 0x000000072da00000, 0x000000072da00000|100%| S|  |TAMS 0x000000072d800000| PB 0x000000072d800000| Complete 
| 365|0x000000072da00000, 0x000000072dc00000, 0x000000072dc00000|100%| S|  |TAMS 0x000000072da00000| PB 0x000000072da00000| Complete 
| 366|0x000000072dc00000, 0x000000072de00000, 0x000000072de00000|100%| S|  |TAMS 0x000000072dc00000| PB 0x000000072dc00000| Complete 
| 367|0x000000072de00000, 0x000000072e000000, 0x000000072e000000|100%| S|  |TAMS 0x000000072de00000| PB 0x000000072de00000| Complete 
| 368|0x000000072e000000, 0x000000072e200000, 0x000000072e200000|100%| S|  |TAMS 0x000000072e000000| PB 0x000000072e000000| Complete 
| 369|0x000000072e200000, 0x000000072e400000, 0x000000072e400000|100%| S|  |TAMS 0x000000072e200000| PB 0x000000072e200000| Complete 
| 370|0x000000072e400000, 0x000000072e600000, 0x000000072e600000|100%| S|  |TAMS 0x000000072e400000| PB 0x000000072e400000| Complete 
| 371|0x000000072e600000, 0x000000072e800000, 0x000000072e800000|100%| S|  |TAMS 0x000000072e600000| PB 0x000000072e600000| Complete 
| 372|0x000000072e800000, 0x000000072ea00000, 0x000000072ea00000|100%| S|  |TAMS 0x000000072e800000| PB 0x000000072e800000| Complete 
| 373|0x000000072ea00000, 0x000000072ec00000, 0x000000072ec00000|100%| S|  |TAMS 0x000000072ea00000| PB 0x000000072ea00000| Complete 
| 374|0x000000072ec00000, 0x000000072ee00000, 0x000000072ee00000|100%| O|  |TAMS 0x000000072ee00000| PB 0x000000072ec00000| Untracked 
| 375|0x000000072ee00000, 0x000000072f000000, 0x000000072f000000|100%| O|  |TAMS 0x000000072f000000| PB 0x000000072ee00000| Untracked 
| 376|0x000000072f000000, 0x000000072f200000, 0x000000072f200000|100%| O|  |TAMS 0x000000072f200000| PB 0x000000072f000000| Untracked 
| 377|0x000000072f200000, 0x000000072f400000, 0x000000072f400000|100%| O|  |TAMS 0x000000072f400000| PB 0x000000072f200000| Untracked 
| 378|0x000000072f400000, 0x000000072f600000, 0x000000072f600000|100%| O|  |TAMS 0x000000072f600000| PB 0x000000072f400000| Untracked 
| 379|0x000000072f600000, 0x000000072f800000, 0x000000072f800000|100%| O|  |TAMS 0x000000072f800000| PB 0x000000072f600000| Untracked 
| 380|0x000000072f800000, 0x000000072fa00000, 0x000000072fa00000|100%| O|  |TAMS 0x000000072fa00000| PB 0x000000072f800000| Untracked 
| 381|0x000000072fa00000, 0x000000072fc00000, 0x000000072fc00000|100%| O|  |TAMS 0x000000072fc00000| PB 0x000000072fa00000| Untracked 
| 382|0x000000072fc00000, 0x000000072fe00000, 0x000000072fe00000|100%| O|  |TAMS 0x000000072fe00000| PB 0x000000072fc00000| Untracked 
| 383|0x000000072fe00000, 0x0000000730000000, 0x0000000730000000|100%| O|  |TAMS 0x0000000730000000| PB 0x000000072fe00000| Untracked 
| 384|0x0000000730000000, 0x0000000730200000, 0x0000000730200000|100%| O|  |TAMS 0x0000000730200000| PB 0x0000000730000000| Untracked 
| 385|0x0000000730200000, 0x0000000730400000, 0x0000000730400000|100%| O|  |TAMS 0x0000000730400000| PB 0x0000000730200000| Untracked 
| 386|0x0000000730400000, 0x0000000730600000, 0x0000000730600000|100%| O|  |TAMS 0x0000000730600000| PB 0x0000000730400000| Untracked 
| 387|0x0000000730600000, 0x0000000730800000, 0x0000000730800000|100%| O|  |TAMS 0x0000000730800000| PB 0x0000000730600000| Untracked 
| 388|0x0000000730800000, 0x0000000730a00000, 0x0000000730a00000|100%| O|  |TAMS 0x0000000730a00000| PB 0x0000000730800000| Untracked 
| 389|0x0000000730a00000, 0x0000000730c00000, 0x0000000730c00000|100%| O|  |TAMS 0x0000000730c00000| PB 0x0000000730a00000| Untracked 
| 390|0x0000000730c00000, 0x0000000730e00000, 0x0000000730e00000|100%| O|  |TAMS 0x0000000730e00000| PB 0x0000000730c00000| Untracked 
| 391|0x0000000730e00000, 0x0000000731000000, 0x0000000731000000|100%| O|  |TAMS 0x0000000731000000| PB 0x0000000730e00000| Untracked 
| 392|0x0000000731000000, 0x0000000731200000, 0x0000000731200000|100%| O|  |TAMS 0x0000000731200000| PB 0x0000000731000000| Untracked 
| 393|0x0000000731200000, 0x0000000731400000, 0x0000000731400000|100%| O|  |TAMS 0x0000000731400000| PB 0x0000000731200000| Untracked 
| 394|0x0000000731400000, 0x0000000731600000, 0x0000000731600000|100%| O|  |TAMS 0x0000000731600000| PB 0x0000000731400000| Untracked 
| 395|0x0000000731600000, 0x0000000731800000, 0x0000000731800000|100%| O|  |TAMS 0x0000000731800000| PB 0x0000000731600000| Untracked 
| 396|0x0000000731800000, 0x0000000731a00000, 0x0000000731a00000|100%| O|  |TAMS 0x0000000731a00000| PB 0x0000000731800000| Untracked 
| 397|0x0000000731a00000, 0x0000000731c00000, 0x0000000731c00000|100%| O|  |TAMS 0x0000000731c00000| PB 0x0000000731a00000| Untracked 
| 398|0x0000000731c00000, 0x0000000731e00000, 0x0000000731e00000|100%| O|  |TAMS 0x0000000731e00000| PB 0x0000000731c00000| Untracked 
| 399|0x0000000731e00000, 0x0000000732000000, 0x0000000732000000|100%| O|  |TAMS 0x0000000732000000| PB 0x0000000731e00000| Untracked 
| 400|0x0000000732000000, 0x0000000732200000, 0x0000000732200000|100%| O|  |TAMS 0x0000000732200000| PB 0x0000000732000000| Untracked 
| 401|0x0000000732200000, 0x0000000732400000, 0x0000000732400000|100%| O|  |TAMS 0x0000000732400000| PB 0x0000000732200000| Untracked 
| 402|0x0000000732400000, 0x0000000732600000, 0x0000000732600000|100%| O|  |TAMS 0x0000000732600000| PB 0x0000000732400000| Untracked 
| 403|0x0000000732600000, 0x0000000732800000, 0x0000000732800000|100%| O|  |TAMS 0x0000000732800000| PB 0x0000000732600000| Untracked 
| 404|0x0000000732800000, 0x0000000732a00000, 0x0000000732a00000|100%| O|  |TAMS 0x0000000732a00000| PB 0x0000000732800000| Untracked 
| 405|0x0000000732a00000, 0x0000000732c00000, 0x0000000732c00000|100%| O|  |TAMS 0x0000000732c00000| PB 0x0000000732a00000| Untracked 
| 406|0x0000000732c00000, 0x0000000732e00000, 0x0000000732e00000|100%| O|  |TAMS 0x0000000732e00000| PB 0x0000000732c00000| Untracked 
| 407|0x0000000732e00000, 0x0000000733000000, 0x0000000733000000|100%| O|  |TAMS 0x0000000733000000| PB 0x0000000732e00000| Untracked 
| 408|0x0000000733000000, 0x0000000733200000, 0x0000000733200000|100%| O|  |TAMS 0x0000000733200000| PB 0x0000000733000000| Untracked 
| 409|0x0000000733200000, 0x0000000733400000, 0x0000000733400000|100%| O|  |TAMS 0x0000000733400000| PB 0x0000000733200000| Untracked 
| 410|0x0000000733400000, 0x0000000733600000, 0x0000000733600000|100%| O|  |TAMS 0x0000000733600000| PB 0x0000000733400000| Untracked 
| 411|0x0000000733600000, 0x0000000733800000, 0x0000000733800000|100%| O|  |TAMS 0x0000000733800000| PB 0x0000000733600000| Untracked 
| 412|0x0000000733800000, 0x0000000733a00000, 0x0000000733a00000|100%| O|  |TAMS 0x0000000733a00000| PB 0x0000000733800000| Untracked 
| 413|0x0000000733a00000, 0x0000000733c00000, 0x0000000733c00000|100%| O|  |TAMS 0x0000000733c00000| PB 0x0000000733a00000| Untracked 
| 414|0x0000000733c00000, 0x0000000733e00000, 0x0000000733e00000|100%| O|  |TAMS 0x0000000733e00000| PB 0x0000000733c00000| Untracked 
| 415|0x0000000733e00000, 0x0000000734000000, 0x0000000734000000|100%| O|  |TAMS 0x0000000734000000| PB 0x0000000733e00000| Untracked 
| 416|0x0000000734000000, 0x0000000734200000, 0x0000000734200000|100%| O|  |TAMS 0x0000000734200000| PB 0x0000000734000000| Untracked 
| 417|0x0000000734200000, 0x0000000734400000, 0x0000000734400000|100%| O|  |TAMS 0x0000000734400000| PB 0x0000000734200000| Untracked 
| 418|0x0000000734400000, 0x0000000734600000, 0x0000000734600000|100%| O|  |TAMS 0x0000000734600000| PB 0x0000000734400000| Untracked 
| 419|0x0000000734600000, 0x0000000734800000, 0x0000000734800000|100%| O|  |TAMS 0x0000000734800000| PB 0x0000000734600000| Untracked 
| 420|0x0000000734800000, 0x0000000734a00000, 0x0000000734a00000|100%| O|  |TAMS 0x0000000734a00000| PB 0x0000000734800000| Untracked 
| 421|0x0000000734a00000, 0x0000000734c00000, 0x0000000734c00000|100%| O|  |TAMS 0x0000000734c00000| PB 0x0000000734a00000| Untracked 
| 422|0x0000000734c00000, 0x0000000734e00000, 0x0000000734e00000|100%| O|  |TAMS 0x0000000734e00000| PB 0x0000000734c00000| Untracked 
| 423|0x0000000734e00000, 0x0000000735000000, 0x0000000735000000|100%| O|  |TAMS 0x0000000735000000| PB 0x0000000734e00000| Untracked 
| 424|0x0000000735000000, 0x0000000735200000, 0x0000000735200000|100%| O|  |TAMS 0x0000000735200000| PB 0x0000000735000000| Untracked 
| 425|0x0000000735200000, 0x0000000735400000, 0x0000000735400000|100%| O|  |TAMS 0x0000000735400000| PB 0x0000000735200000| Untracked 
| 426|0x0000000735400000, 0x0000000735600000, 0x0000000735600000|100%| O|  |TAMS 0x0000000735600000| PB 0x0000000735400000| Untracked 
| 427|0x0000000735600000, 0x0000000735800000, 0x0000000735800000|100%| O|  |TAMS 0x0000000735800000| PB 0x0000000735600000| Untracked 
| 428|0x0000000735800000, 0x0000000735a00000, 0x0000000735a00000|100%| O|  |TAMS 0x0000000735a00000| PB 0x0000000735800000| Untracked 
| 429|0x0000000735a00000, 0x0000000735c00000, 0x0000000735c00000|100%| O|  |TAMS 0x0000000735c00000| PB 0x0000000735a00000| Untracked 
| 430|0x0000000735c00000, 0x0000000735e00000, 0x0000000735e00000|100%| O|  |TAMS 0x0000000735e00000| PB 0x0000000735c00000| Untracked 
| 431|0x0000000735e00000, 0x0000000736000000, 0x0000000736000000|100%| O|  |TAMS 0x0000000736000000| PB 0x0000000735e00000| Untracked 
| 432|0x0000000736000000, 0x0000000736200000, 0x0000000736200000|100%| O|  |TAMS 0x0000000736200000| PB 0x0000000736000000| Untracked 
| 433|0x0000000736200000, 0x0000000736400000, 0x0000000736400000|100%| O|  |TAMS 0x0000000736400000| PB 0x0000000736200000| Untracked 
| 434|0x0000000736400000, 0x0000000736600000, 0x0000000736600000|100%| O|  |TAMS 0x0000000736600000| PB 0x0000000736400000| Untracked 
| 435|0x0000000736600000, 0x0000000736800000, 0x0000000736800000|100%| O|  |TAMS 0x0000000736800000| PB 0x0000000736600000| Untracked 
| 436|0x0000000736800000, 0x0000000736a00000, 0x0000000736a00000|100%| O|  |TAMS 0x0000000736a00000| PB 0x0000000736800000| Untracked 
| 437|0x0000000736a00000, 0x0000000736c00000, 0x0000000736c00000|100%| O|  |TAMS 0x0000000736c00000| PB 0x0000000736a00000| Untracked 
| 438|0x0000000736c00000, 0x0000000736e00000, 0x0000000736e00000|100%| E|CS|TAMS 0x0000000736c00000| PB 0x0000000736c00000| Complete 
| 439|0x0000000736e00000, 0x0000000737000000, 0x0000000737000000|100%| E|CS|TAMS 0x0000000736e00000| PB 0x0000000736e00000| Complete 
| 440|0x0000000737000000, 0x0000000737200000, 0x0000000737200000|100%| E|CS|TAMS 0x0000000737000000| PB 0x0000000737000000| Complete 
| 441|0x0000000737200000, 0x0000000737400000, 0x0000000737400000|100%| E|CS|TAMS 0x0000000737200000| PB 0x0000000737200000| Complete 
| 442|0x0000000737400000, 0x0000000737600000, 0x0000000737600000|100%| E|CS|TAMS 0x0000000737400000| PB 0x0000000737400000| Complete 
| 443|0x0000000737600000, 0x0000000737800000, 0x0000000737800000|100%| E|CS|TAMS 0x0000000737600000| PB 0x0000000737600000| Complete 
| 444|0x0000000737800000, 0x0000000737a00000, 0x0000000737a00000|100%| E|CS|TAMS 0x0000000737800000| PB 0x0000000737800000| Complete 
| 445|0x0000000737a00000, 0x0000000737c00000, 0x0000000737c00000|100%| E|CS|TAMS 0x0000000737a00000| PB 0x0000000737a00000| Complete 
| 446|0x0000000737c00000, 0x0000000737e00000, 0x0000000737e00000|100%| E|CS|TAMS 0x0000000737c00000| PB 0x0000000737c00000| Complete 
| 447|0x0000000737e00000, 0x0000000738000000, 0x0000000738000000|100%| E|CS|TAMS 0x0000000737e00000| PB 0x0000000737e00000| Complete 
| 448|0x0000000738000000, 0x0000000738200000, 0x0000000738200000|100%| E|CS|TAMS 0x0000000738000000| PB 0x0000000738000000| Complete 
| 449|0x0000000738200000, 0x0000000738400000, 0x0000000738400000|100%| E|CS|TAMS 0x0000000738200000| PB 0x0000000738200000| Complete 
| 450|0x0000000738400000, 0x0000000738600000, 0x0000000738600000|100%| E|CS|TAMS 0x0000000738400000| PB 0x0000000738400000| Complete 
| 451|0x0000000738600000, 0x0000000738800000, 0x0000000738800000|100%| E|CS|TAMS 0x0000000738600000| PB 0x0000000738600000| Complete 
| 452|0x0000000738800000, 0x0000000738a00000, 0x0000000738a00000|100%| E|CS|TAMS 0x0000000738800000| PB 0x0000000738800000| Complete 
| 453|0x0000000738a00000, 0x0000000738c00000, 0x0000000738c00000|100%| E|CS|TAMS 0x0000000738a00000| PB 0x0000000738a00000| Complete 
| 454|0x0000000738c00000, 0x0000000738e00000, 0x0000000738e00000|100%| E|CS|TAMS 0x0000000738c00000| PB 0x0000000738c00000| Complete 
| 455|0x0000000738e00000, 0x0000000739000000, 0x0000000739000000|100%| E|CS|TAMS 0x0000000738e00000| PB 0x0000000738e00000| Complete 
| 456|0x0000000739000000, 0x0000000739200000, 0x0000000739200000|100%| E|CS|TAMS 0x0000000739000000| PB 0x0000000739000000| Complete 
| 457|0x0000000739200000, 0x0000000739400000, 0x0000000739400000|100%| E|CS|TAMS 0x0000000739200000| PB 0x0000000739200000| Complete 
| 458|0x0000000739400000, 0x0000000739600000, 0x0000000739600000|100%| E|CS|TAMS 0x0000000739400000| PB 0x0000000739400000| Complete 
| 459|0x0000000739600000, 0x0000000739800000, 0x0000000739800000|100%| E|CS|TAMS 0x0000000739600000| PB 0x0000000739600000| Complete 
| 460|0x0000000739800000, 0x0000000739a00000, 0x0000000739a00000|100%| E|CS|TAMS 0x0000000739800000| PB 0x0000000739800000| Complete 
| 461|0x0000000739a00000, 0x0000000739c00000, 0x0000000739c00000|100%| E|CS|TAMS 0x0000000739a00000| PB 0x0000000739a00000| Complete 
| 462|0x0000000739c00000, 0x0000000739e00000, 0x0000000739e00000|100%| E|CS|TAMS 0x0000000739c00000| PB 0x0000000739c00000| Complete 
| 463|0x0000000739e00000, 0x000000073a000000, 0x000000073a000000|100%| E|CS|TAMS 0x0000000739e00000| PB 0x0000000739e00000| Complete 
| 464|0x000000073a000000, 0x000000073a200000, 0x000000073a200000|100%| E|CS|TAMS 0x000000073a000000| PB 0x000000073a000000| Complete 
| 465|0x000000073a200000, 0x000000073a400000, 0x000000073a400000|100%| E|CS|TAMS 0x000000073a200000| PB 0x000000073a200000| Complete 
| 466|0x000000073a400000, 0x000000073a600000, 0x000000073a600000|100%| E|CS|TAMS 0x000000073a400000| PB 0x000000073a400000| Complete 
| 467|0x000000073a600000, 0x000000073a800000, 0x000000073a800000|100%| E|CS|TAMS 0x000000073a600000| PB 0x000000073a600000| Complete 
| 468|0x000000073a800000, 0x000000073aa00000, 0x000000073aa00000|100%| E|CS|TAMS 0x000000073a800000| PB 0x000000073a800000| Complete 
| 469|0x000000073aa00000, 0x000000073ac00000, 0x000000073ac00000|100%| E|CS|TAMS 0x000000073aa00000| PB 0x000000073aa00000| Complete 
| 470|0x000000073ac00000, 0x000000073ae00000, 0x000000073ae00000|100%| E|CS|TAMS 0x000000073ac00000| PB 0x000000073ac00000| Complete 
| 471|0x000000073ae00000, 0x000000073b000000, 0x000000073b000000|100%| E|CS|TAMS 0x000000073ae00000| PB 0x000000073ae00000| Complete 
| 472|0x000000073b000000, 0x000000073b200000, 0x000000073b200000|100%| E|CS|TAMS 0x000000073b000000| PB 0x000000073b000000| Complete 
| 473|0x000000073b200000, 0x000000073b400000, 0x000000073b400000|100%| E|CS|TAMS 0x000000073b200000| PB 0x000000073b200000| Complete 
| 474|0x000000073b400000, 0x000000073b600000, 0x000000073b600000|100%| E|CS|TAMS 0x000000073b400000| PB 0x000000073b400000| Complete 
| 475|0x000000073b600000, 0x000000073b800000, 0x000000073b800000|100%| E|CS|TAMS 0x000000073b600000| PB 0x000000073b600000| Complete 
| 476|0x000000073b800000, 0x000000073ba00000, 0x000000073ba00000|100%| E|CS|TAMS 0x000000073b800000| PB 0x000000073b800000| Complete 
| 477|0x000000073ba00000, 0x000000073bc00000, 0x000000073bc00000|100%| E|CS|TAMS 0x000000073ba00000| PB 0x000000073ba00000| Complete 
| 478|0x000000073bc00000, 0x000000073be00000, 0x000000073be00000|100%| E|CS|TAMS 0x000000073bc00000| PB 0x000000073bc00000| Complete 
| 479|0x000000073be00000, 0x000000073c000000, 0x000000073c000000|100%| E|CS|TAMS 0x000000073be00000| PB 0x000000073be00000| Complete 
| 480|0x000000073c000000, 0x000000073c200000, 0x000000073c200000|100%| E|CS|TAMS 0x000000073c000000| PB 0x000000073c000000| Complete 
| 481|0x000000073c200000, 0x000000073c400000, 0x000000073c400000|100%| E|CS|TAMS 0x000000073c200000| PB 0x000000073c200000| Complete 
| 482|0x000000073c400000, 0x000000073c600000, 0x000000073c600000|100%| E|CS|TAMS 0x000000073c400000| PB 0x000000073c400000| Complete 
| 483|0x000000073c600000, 0x000000073c800000, 0x000000073c800000|100%| E|CS|TAMS 0x000000073c600000| PB 0x000000073c600000| Complete 
| 484|0x000000073c800000, 0x000000073ca00000, 0x000000073ca00000|100%| E|CS|TAMS 0x000000073c800000| PB 0x000000073c800000| Complete 
| 485|0x000000073ca00000, 0x000000073cc00000, 0x000000073cc00000|100%| E|CS|TAMS 0x000000073ca00000| PB 0x000000073ca00000| Complete 
| 486|0x000000073cc00000, 0x000000073ce00000, 0x000000073ce00000|100%| E|CS|TAMS 0x000000073cc00000| PB 0x000000073cc00000| Complete 
| 487|0x000000073ce00000, 0x000000073d000000, 0x000000073d000000|100%| E|CS|TAMS 0x000000073ce00000| PB 0x000000073ce00000| Complete 
| 488|0x000000073d000000, 0x000000073d200000, 0x000000073d200000|100%| E|CS|TAMS 0x000000073d000000| PB 0x000000073d000000| Complete 
| 489|0x000000073d200000, 0x000000073d400000, 0x000000073d400000|100%| E|CS|TAMS 0x000000073d200000| PB 0x000000073d200000| Complete 
| 490|0x000000073d400000, 0x000000073d600000, 0x000000073d600000|100%| E|CS|TAMS 0x000000073d400000| PB 0x000000073d400000| Complete 
| 491|0x000000073d600000, 0x000000073d800000, 0x000000073d800000|100%| E|CS|TAMS 0x000000073d600000| PB 0x000000073d600000| Complete 
| 492|0x000000073d800000, 0x000000073da00000, 0x000000073da00000|100%| E|CS|TAMS 0x000000073d800000| PB 0x000000073d800000| Complete 
| 493|0x000000073da00000, 0x000000073dc00000, 0x000000073dc00000|100%| E|CS|TAMS 0x000000073da00000| PB 0x000000073da00000| Complete 
| 494|0x000000073dc00000, 0x000000073de00000, 0x000000073de00000|100%| E|CS|TAMS 0x000000073dc00000| PB 0x000000073dc00000| Complete 
| 495|0x000000073de00000, 0x000000073e000000, 0x000000073e000000|100%| E|CS|TAMS 0x000000073de00000| PB 0x000000073de00000| Complete 
| 496|0x000000073e000000, 0x000000073e200000, 0x000000073e200000|100%| E|CS|TAMS 0x000000073e000000| PB 0x000000073e000000| Complete 
| 497|0x000000073e200000, 0x000000073e400000, 0x000000073e400000|100%| E|CS|TAMS 0x000000073e200000| PB 0x000000073e200000| Complete 
| 498|0x000000073e400000, 0x000000073e600000, 0x000000073e600000|100%| E|CS|TAMS 0x000000073e400000| PB 0x000000073e400000| Complete 
| 499|0x000000073e600000, 0x000000073e800000, 0x000000073e800000|100%| E|CS|TAMS 0x000000073e600000| PB 0x000000073e600000| Complete 
| 500|0x000000073e800000, 0x000000073ea00000, 0x000000073ea00000|100%| E|CS|TAMS 0x000000073e800000| PB 0x000000073e800000| Complete 
| 501|0x000000073ea00000, 0x000000073ec00000, 0x000000073ec00000|100%| E|CS|TAMS 0x000000073ea00000| PB 0x000000073ea00000| Complete 
| 502|0x000000073ec00000, 0x000000073ee00000, 0x000000073ee00000|100%| E|CS|TAMS 0x000000073ec00000| PB 0x000000073ec00000| Complete 
| 503|0x000000073ee00000, 0x000000073f000000, 0x000000073f000000|100%| E|CS|TAMS 0x000000073ee00000| PB 0x000000073ee00000| Complete 
| 504|0x000000073f000000, 0x000000073f200000, 0x000000073f200000|100%| E|CS|TAMS 0x000000073f000000| PB 0x000000073f000000| Complete 
| 505|0x000000073f200000, 0x000000073f400000, 0x000000073f400000|100%| E|CS|TAMS 0x000000073f200000| PB 0x000000073f200000| Complete 
| 506|0x000000073f400000, 0x000000073f600000, 0x000000073f600000|100%| E|CS|TAMS 0x000000073f400000| PB 0x000000073f400000| Complete 
| 507|0x000000073f600000, 0x000000073f800000, 0x000000073f800000|100%| E|CS|TAMS 0x000000073f600000| PB 0x000000073f600000| Complete 
| 508|0x000000073f800000, 0x000000073fa00000, 0x000000073fa00000|100%| E|CS|TAMS 0x000000073f800000| PB 0x000000073f800000| Complete 
| 509|0x000000073fa00000, 0x000000073fc00000, 0x000000073fc00000|100%| E|CS|TAMS 0x000000073fa00000| PB 0x000000073fa00000| Complete 
| 510|0x000000073fc00000, 0x000000073fe00000, 0x000000073fe00000|100%| E|CS|TAMS 0x000000073fc00000| PB 0x000000073fc00000| Complete 
| 511|0x000000073fe00000, 0x0000000740000000, 0x0000000740000000|100%| E|CS|TAMS 0x000000073fe00000| PB 0x000000073fe00000| Complete 
| 512|0x0000000740000000, 0x0000000740200000, 0x0000000740200000|100%| E|CS|TAMS 0x0000000740000000| PB 0x0000000740000000| Complete 
| 513|0x0000000740200000, 0x0000000740400000, 0x0000000740400000|100%| E|CS|TAMS 0x0000000740200000| PB 0x0000000740200000| Complete 
| 514|0x0000000740400000, 0x0000000740600000, 0x0000000740600000|100%| E|CS|TAMS 0x0000000740400000| PB 0x0000000740400000| Complete 
| 515|0x0000000740600000, 0x0000000740800000, 0x0000000740800000|100%| E|CS|TAMS 0x0000000740600000| PB 0x0000000740600000| Complete 
| 516|0x0000000740800000, 0x0000000740a00000, 0x0000000740a00000|100%| E|CS|TAMS 0x0000000740800000| PB 0x0000000740800000| Complete 
| 517|0x0000000740a00000, 0x0000000740c00000, 0x0000000740c00000|100%| E|CS|TAMS 0x0000000740a00000| PB 0x0000000740a00000| Complete 
| 518|0x0000000740c00000, 0x0000000740e00000, 0x0000000740e00000|100%| E|CS|TAMS 0x0000000740c00000| PB 0x0000000740c00000| Complete 
| 519|0x0000000740e00000, 0x0000000741000000, 0x0000000741000000|100%| E|CS|TAMS 0x0000000740e00000| PB 0x0000000740e00000| Complete 
| 520|0x0000000741000000, 0x0000000741200000, 0x0000000741200000|100%| E|CS|TAMS 0x0000000741000000| PB 0x0000000741000000| Complete 
| 521|0x0000000741200000, 0x0000000741400000, 0x0000000741400000|100%| E|CS|TAMS 0x0000000741200000| PB 0x0000000741200000| Complete 
| 522|0x0000000741400000, 0x0000000741600000, 0x0000000741600000|100%| E|CS|TAMS 0x0000000741400000| PB 0x0000000741400000| Complete 
| 523|0x0000000741600000, 0x0000000741800000, 0x0000000741800000|100%| E|CS|TAMS 0x0000000741600000| PB 0x0000000741600000| Complete 
| 524|0x0000000741800000, 0x0000000741a00000, 0x0000000741a00000|100%| E|CS|TAMS 0x0000000741800000| PB 0x0000000741800000| Complete 
| 525|0x0000000741a00000, 0x0000000741c00000, 0x0000000741c00000|100%| E|CS|TAMS 0x0000000741a00000| PB 0x0000000741a00000| Complete 
| 526|0x0000000741c00000, 0x0000000741e00000, 0x0000000741e00000|100%| E|CS|TAMS 0x0000000741c00000| PB 0x0000000741c00000| Complete 
| 527|0x0000000741e00000, 0x0000000742000000, 0x0000000742000000|100%| E|CS|TAMS 0x0000000741e00000| PB 0x0000000741e00000| Complete 
| 528|0x0000000742000000, 0x0000000742200000, 0x0000000742200000|100%| E|CS|TAMS 0x0000000742000000| PB 0x0000000742000000| Complete 
| 529|0x0000000742200000, 0x0000000742400000, 0x0000000742400000|100%| E|CS|TAMS 0x0000000742200000| PB 0x0000000742200000| Complete 
| 530|0x0000000742400000, 0x0000000742600000, 0x0000000742600000|100%| E|CS|TAMS 0x0000000742400000| PB 0x0000000742400000| Complete 
| 531|0x0000000742600000, 0x0000000742800000, 0x0000000742800000|100%| E|CS|TAMS 0x0000000742600000| PB 0x0000000742600000| Complete 
| 532|0x0000000742800000, 0x0000000742a00000, 0x0000000742a00000|100%| E|CS|TAMS 0x0000000742800000| PB 0x0000000742800000| Complete 
| 533|0x0000000742a00000, 0x0000000742c00000, 0x0000000742c00000|100%| E|CS|TAMS 0x0000000742a00000| PB 0x0000000742a00000| Complete 
| 534|0x0000000742c00000, 0x0000000742e00000, 0x0000000742e00000|100%| E|CS|TAMS 0x0000000742c00000| PB 0x0000000742c00000| Complete 
| 535|0x0000000742e00000, 0x0000000743000000, 0x0000000743000000|100%| E|CS|TAMS 0x0000000742e00000| PB 0x0000000742e00000| Complete 
| 536|0x0000000743000000, 0x0000000743200000, 0x0000000743200000|100%| E|CS|TAMS 0x0000000743000000| PB 0x0000000743000000| Complete 
| 537|0x0000000743200000, 0x0000000743400000, 0x0000000743400000|100%| E|CS|TAMS 0x0000000743200000| PB 0x0000000743200000| Complete 
| 538|0x0000000743400000, 0x0000000743600000, 0x0000000743600000|100%| E|CS|TAMS 0x0000000743400000| PB 0x0000000743400000| Complete 
| 539|0x0000000743600000, 0x0000000743800000, 0x0000000743800000|100%| E|CS|TAMS 0x0000000743600000| PB 0x0000000743600000| Complete 
| 540|0x0000000743800000, 0x0000000743a00000, 0x0000000743a00000|100%| E|CS|TAMS 0x0000000743800000| PB 0x0000000743800000| Complete 
| 541|0x0000000743a00000, 0x0000000743c00000, 0x0000000743c00000|100%| E|CS|TAMS 0x0000000743a00000| PB 0x0000000743a00000| Complete 
| 542|0x0000000743c00000, 0x0000000743e00000, 0x0000000743e00000|100%| E|CS|TAMS 0x0000000743c00000| PB 0x0000000743c00000| Complete 
| 543|0x0000000743e00000, 0x0000000744000000, 0x0000000744000000|100%| E|CS|TAMS 0x0000000743e00000| PB 0x0000000743e00000| Complete 
| 544|0x0000000744000000, 0x0000000744200000, 0x0000000744200000|100%| E|CS|TAMS 0x0000000744000000| PB 0x0000000744000000| Complete 
| 545|0x0000000744200000, 0x0000000744400000, 0x0000000744400000|100%| E|CS|TAMS 0x0000000744200000| PB 0x0000000744200000| Complete 
| 546|0x0000000744400000, 0x0000000744600000, 0x0000000744600000|100%| E|CS|TAMS 0x0000000744400000| PB 0x0000000744400000| Complete 
| 547|0x0000000744600000, 0x0000000744800000, 0x0000000744800000|100%| E|CS|TAMS 0x0000000744600000| PB 0x0000000744600000| Complete 
| 548|0x0000000744800000, 0x0000000744a00000, 0x0000000744a00000|100%| E|CS|TAMS 0x0000000744800000| PB 0x0000000744800000| Complete 
| 549|0x0000000744a00000, 0x0000000744c00000, 0x0000000744c00000|100%| E|CS|TAMS 0x0000000744a00000| PB 0x0000000744a00000| Complete 
| 550|0x0000000744c00000, 0x0000000744e00000, 0x0000000744e00000|100%| E|CS|TAMS 0x0000000744c00000| PB 0x0000000744c00000| Complete 
| 551|0x0000000744e00000, 0x0000000745000000, 0x0000000745000000|100%| E|CS|TAMS 0x0000000744e00000| PB 0x0000000744e00000| Complete 
| 552|0x0000000745000000, 0x0000000745200000, 0x0000000745200000|100%| E|CS|TAMS 0x0000000745000000| PB 0x0000000745000000| Complete 
| 553|0x0000000745200000, 0x0000000745400000, 0x0000000745400000|100%| E|CS|TAMS 0x0000000745200000| PB 0x0000000745200000| Complete 
| 554|0x0000000745400000, 0x0000000745600000, 0x0000000745600000|100%| E|CS|TAMS 0x0000000745400000| PB 0x0000000745400000| Complete 
| 555|0x0000000745600000, 0x0000000745800000, 0x0000000745800000|100%| E|CS|TAMS 0x0000000745600000| PB 0x0000000745600000| Complete 
| 556|0x0000000745800000, 0x0000000745a00000, 0x0000000745a00000|100%| E|CS|TAMS 0x0000000745800000| PB 0x0000000745800000| Complete 
| 557|0x0000000745a00000, 0x0000000745c00000, 0x0000000745c00000|100%| E|CS|TAMS 0x0000000745a00000| PB 0x0000000745a00000| Complete 
| 558|0x0000000745c00000, 0x0000000745e00000, 0x0000000745e00000|100%| E|CS|TAMS 0x0000000745c00000| PB 0x0000000745c00000| Complete 
| 559|0x0000000745e00000, 0x0000000746000000, 0x0000000746000000|100%| E|CS|TAMS 0x0000000745e00000| PB 0x0000000745e00000| Complete 
| 560|0x0000000746000000, 0x0000000746200000, 0x0000000746200000|100%| E|CS|TAMS 0x0000000746000000| PB 0x0000000746000000| Complete 
| 561|0x0000000746200000, 0x0000000746400000, 0x0000000746400000|100%| E|CS|TAMS 0x0000000746200000| PB 0x0000000746200000| Complete 
| 562|0x0000000746400000, 0x0000000746600000, 0x0000000746600000|100%| E|CS|TAMS 0x0000000746400000| PB 0x0000000746400000| Complete 
| 563|0x0000000746600000, 0x0000000746800000, 0x0000000746800000|100%| E|CS|TAMS 0x0000000746600000| PB 0x0000000746600000| Complete 
| 564|0x0000000746800000, 0x0000000746a00000, 0x0000000746a00000|100%| E|CS|TAMS 0x0000000746800000| PB 0x0000000746800000| Complete 
| 565|0x0000000746a00000, 0x0000000746c00000, 0x0000000746c00000|100%| E|CS|TAMS 0x0000000746a00000| PB 0x0000000746a00000| Complete 
| 566|0x0000000746c00000, 0x0000000746e00000, 0x0000000746e00000|100%| E|CS|TAMS 0x0000000746c00000| PB 0x0000000746c00000| Complete 
| 567|0x0000000746e00000, 0x0000000747000000, 0x0000000747000000|100%| E|CS|TAMS 0x0000000746e00000| PB 0x0000000746e00000| Complete 
| 568|0x0000000747000000, 0x0000000747200000, 0x0000000747200000|100%| E|CS|TAMS 0x0000000747000000| PB 0x0000000747000000| Complete 
| 569|0x0000000747200000, 0x0000000747400000, 0x0000000747400000|100%| E|CS|TAMS 0x0000000747200000| PB 0x0000000747200000| Complete 
| 570|0x0000000747400000, 0x0000000747600000, 0x0000000747600000|100%| E|CS|TAMS 0x0000000747400000| PB 0x0000000747400000| Complete 
| 571|0x0000000747600000, 0x0000000747800000, 0x0000000747800000|100%| E|CS|TAMS 0x0000000747600000| PB 0x0000000747600000| Complete 
| 572|0x0000000747800000, 0x0000000747a00000, 0x0000000747a00000|100%| E|CS|TAMS 0x0000000747800000| PB 0x0000000747800000| Complete 
| 573|0x0000000747a00000, 0x0000000747c00000, 0x0000000747c00000|100%| E|CS|TAMS 0x0000000747a00000| PB 0x0000000747a00000| Complete 
| 574|0x0000000747c00000, 0x0000000747e00000, 0x0000000747e00000|100%| E|CS|TAMS 0x0000000747c00000| PB 0x0000000747c00000| Complete 
| 575|0x0000000747e00000, 0x0000000748000000, 0x0000000748000000|100%| E|CS|TAMS 0x0000000747e00000| PB 0x0000000747e00000| Complete 
| 576|0x0000000748000000, 0x0000000748200000, 0x0000000748200000|100%| E|CS|TAMS 0x0000000748000000| PB 0x0000000748000000| Complete 
| 577|0x0000000748200000, 0x0000000748400000, 0x0000000748400000|100%| E|CS|TAMS 0x0000000748200000| PB 0x0000000748200000| Complete 
| 578|0x0000000748400000, 0x0000000748600000, 0x0000000748600000|100%| E|CS|TAMS 0x0000000748400000| PB 0x0000000748400000| Complete 
| 579|0x0000000748600000, 0x0000000748800000, 0x0000000748800000|100%| E|CS|TAMS 0x0000000748600000| PB 0x0000000748600000| Complete 
| 580|0x0000000748800000, 0x0000000748a00000, 0x0000000748a00000|100%| E|CS|TAMS 0x0000000748800000| PB 0x0000000748800000| Complete 
| 581|0x0000000748a00000, 0x0000000748c00000, 0x0000000748c00000|100%| E|CS|TAMS 0x0000000748a00000| PB 0x0000000748a00000| Complete 
| 582|0x0000000748c00000, 0x0000000748e00000, 0x0000000748e00000|100%| E|CS|TAMS 0x0000000748c00000| PB 0x0000000748c00000| Complete 
| 583|0x0000000748e00000, 0x0000000749000000, 0x0000000749000000|100%| E|CS|TAMS 0x0000000748e00000| PB 0x0000000748e00000| Complete 
| 584|0x0000000749000000, 0x0000000749200000, 0x0000000749200000|100%| E|CS|TAMS 0x0000000749000000| PB 0x0000000749000000| Complete 
| 585|0x0000000749200000, 0x0000000749400000, 0x0000000749400000|100%| E|CS|TAMS 0x0000000749200000| PB 0x0000000749200000| Complete 
| 586|0x0000000749400000, 0x0000000749600000, 0x0000000749600000|100%| E|CS|TAMS 0x0000000749400000| PB 0x0000000749400000| Complete 
| 587|0x0000000749600000, 0x0000000749800000, 0x0000000749800000|100%| E|CS|TAMS 0x0000000749600000| PB 0x0000000749600000| Complete 
| 588|0x0000000749800000, 0x0000000749a00000, 0x0000000749a00000|100%| E|CS|TAMS 0x0000000749800000| PB 0x0000000749800000| Complete 
| 589|0x0000000749a00000, 0x0000000749c00000, 0x0000000749c00000|100%| E|CS|TAMS 0x0000000749a00000| PB 0x0000000749a00000| Complete 
| 590|0x0000000749c00000, 0x0000000749e00000, 0x0000000749e00000|100%| E|CS|TAMS 0x0000000749c00000| PB 0x0000000749c00000| Complete 
| 591|0x0000000749e00000, 0x000000074a000000, 0x000000074a000000|100%| E|CS|TAMS 0x0000000749e00000| PB 0x0000000749e00000| Complete 
| 592|0x000000074a000000, 0x000000074a200000, 0x000000074a200000|100%| E|CS|TAMS 0x000000074a000000| PB 0x000000074a000000| Complete 
| 593|0x000000074a200000, 0x000000074a400000, 0x000000074a400000|100%| E|CS|TAMS 0x000000074a200000| PB 0x000000074a200000| Complete 
| 594|0x000000074a400000, 0x000000074a600000, 0x000000074a600000|100%| E|CS|TAMS 0x000000074a400000| PB 0x000000074a400000| Complete 
| 595|0x000000074a600000, 0x000000074a800000, 0x000000074a800000|100%| E|CS|TAMS 0x000000074a600000| PB 0x000000074a600000| Complete 
| 596|0x000000074a800000, 0x000000074aa00000, 0x000000074aa00000|100%| E|CS|TAMS 0x000000074a800000| PB 0x000000074a800000| Complete 
| 597|0x000000074aa00000, 0x000000074ac00000, 0x000000074ac00000|100%| E|CS|TAMS 0x000000074aa00000| PB 0x000000074aa00000| Complete 
| 598|0x000000074ac00000, 0x000000074ae00000, 0x000000074ae00000|100%| E|CS|TAMS 0x000000074ac00000| PB 0x000000074ac00000| Complete 
| 599|0x000000074ae00000, 0x000000074b000000, 0x000000074b000000|100%| E|CS|TAMS 0x000000074ae00000| PB 0x000000074ae00000| Complete 
| 600|0x000000074b000000, 0x000000074b200000, 0x000000074b200000|100%| E|CS|TAMS 0x000000074b000000| PB 0x000000074b000000| Complete 
| 601|0x000000074b200000, 0x000000074b400000, 0x000000074b400000|100%| E|CS|TAMS 0x000000074b200000| PB 0x000000074b200000| Complete 
| 602|0x000000074b400000, 0x000000074b600000, 0x000000074b600000|100%| E|CS|TAMS 0x000000074b400000| PB 0x000000074b400000| Complete 
| 603|0x000000074b600000, 0x000000074b800000, 0x000000074b800000|100%| E|CS|TAMS 0x000000074b600000| PB 0x000000074b600000| Complete 
| 604|0x000000074b800000, 0x000000074ba00000, 0x000000074ba00000|100%| E|CS|TAMS 0x000000074b800000| PB 0x000000074b800000| Complete 
| 605|0x000000074ba00000, 0x000000074bc00000, 0x000000074bc00000|100%| E|CS|TAMS 0x000000074ba00000| PB 0x000000074ba00000| Complete 
| 606|0x000000074bc00000, 0x000000074be00000, 0x000000074be00000|100%| E|CS|TAMS 0x000000074bc00000| PB 0x000000074bc00000| Complete 
| 607|0x000000074be00000, 0x000000074c000000, 0x000000074c000000|100%| E|CS|TAMS 0x000000074be00000| PB 0x000000074be00000| Complete 
| 608|0x000000074c000000, 0x000000074c200000, 0x000000074c200000|100%| E|CS|TAMS 0x000000074c000000| PB 0x000000074c000000| Complete 
| 609|0x000000074c200000, 0x000000074c400000, 0x000000074c400000|100%| E|CS|TAMS 0x000000074c200000| PB 0x000000074c200000| Complete 
| 610|0x000000074c400000, 0x000000074c600000, 0x000000074c600000|100%| E|CS|TAMS 0x000000074c400000| PB 0x000000074c400000| Complete 
| 611|0x000000074c600000, 0x000000074c800000, 0x000000074c800000|100%| E|CS|TAMS 0x000000074c600000| PB 0x000000074c600000| Complete 
| 612|0x000000074c800000, 0x000000074ca00000, 0x000000074ca00000|100%| E|CS|TAMS 0x000000074c800000| PB 0x000000074c800000| Complete 
| 613|0x000000074ca00000, 0x000000074cc00000, 0x000000074cc00000|100%| E|CS|TAMS 0x000000074ca00000| PB 0x000000074ca00000| Complete 
| 614|0x000000074cc00000, 0x000000074ce00000, 0x000000074ce00000|100%| E|CS|TAMS 0x000000074cc00000| PB 0x000000074cc00000| Complete 
| 615|0x000000074ce00000, 0x000000074d000000, 0x000000074d000000|100%| E|CS|TAMS 0x000000074ce00000| PB 0x000000074ce00000| Complete 
| 616|0x000000074d000000, 0x000000074d200000, 0x000000074d200000|100%| E|CS|TAMS 0x000000074d000000| PB 0x000000074d000000| Complete 
| 617|0x000000074d200000, 0x000000074d400000, 0x000000074d400000|100%| E|CS|TAMS 0x000000074d200000| PB 0x000000074d200000| Complete 
| 618|0x000000074d400000, 0x000000074d600000, 0x000000074d600000|100%| E|CS|TAMS 0x000000074d400000| PB 0x000000074d400000| Complete 
| 619|0x000000074d600000, 0x000000074d800000, 0x000000074d800000|100%| E|CS|TAMS 0x000000074d600000| PB 0x000000074d600000| Complete 
| 620|0x000000074d800000, 0x000000074da00000, 0x000000074da00000|100%| E|CS|TAMS 0x000000074d800000| PB 0x000000074d800000| Complete 
| 621|0x000000074da00000, 0x000000074dc00000, 0x000000074dc00000|100%| E|CS|TAMS 0x000000074da00000| PB 0x000000074da00000| Complete 
| 622|0x000000074dc00000, 0x000000074de00000, 0x000000074de00000|100%| E|CS|TAMS 0x000000074dc00000| PB 0x000000074dc00000| Complete 
| 623|0x000000074de00000, 0x000000074e000000, 0x000000074e000000|100%| E|CS|TAMS 0x000000074de00000| PB 0x000000074de00000| Complete 
| 624|0x000000074e000000, 0x000000074e200000, 0x000000074e200000|100%| E|CS|TAMS 0x000000074e000000| PB 0x000000074e000000| Complete 
| 625|0x000000074e200000, 0x000000074e400000, 0x000000074e400000|100%| E|CS|TAMS 0x000000074e200000| PB 0x000000074e200000| Complete 
| 626|0x000000074e400000, 0x000000074e600000, 0x000000074e600000|100%| E|CS|TAMS 0x000000074e400000| PB 0x000000074e400000| Complete 
| 627|0x000000074e600000, 0x000000074e800000, 0x000000074e800000|100%| E|CS|TAMS 0x000000074e600000| PB 0x000000074e600000| Complete 
| 628|0x000000074e800000, 0x000000074ea00000, 0x000000074ea00000|100%| E|CS|TAMS 0x000000074e800000| PB 0x000000074e800000| Complete 
| 629|0x000000074ea00000, 0x000000074ec00000, 0x000000074ec00000|100%| E|CS|TAMS 0x000000074ea00000| PB 0x000000074ea00000| Complete 
| 630|0x000000074ec00000, 0x000000074ee00000, 0x000000074ee00000|100%| E|CS|TAMS 0x000000074ec00000| PB 0x000000074ec00000| Complete 
| 631|0x000000074ee00000, 0x000000074f000000, 0x000000074f000000|100%| E|CS|TAMS 0x000000074ee00000| PB 0x000000074ee00000| Complete 
| 632|0x000000074f000000, 0x000000074f200000, 0x000000074f200000|100%| E|CS|TAMS 0x000000074f000000| PB 0x000000074f000000| Complete 
| 633|0x000000074f200000, 0x000000074f400000, 0x000000074f400000|100%| E|CS|TAMS 0x000000074f200000| PB 0x000000074f200000| Complete 
| 634|0x000000074f400000, 0x000000074f600000, 0x000000074f600000|100%| E|CS|TAMS 0x000000074f400000| PB 0x000000074f400000| Complete 
| 635|0x000000074f600000, 0x000000074f800000, 0x000000074f800000|100%| E|CS|TAMS 0x000000074f600000| PB 0x000000074f600000| Complete 
| 636|0x000000074f800000, 0x000000074fa00000, 0x000000074fa00000|100%| E|CS|TAMS 0x000000074f800000| PB 0x000000074f800000| Complete 
| 637|0x000000074fa00000, 0x000000074fc00000, 0x000000074fc00000|100%| E|CS|TAMS 0x000000074fa00000| PB 0x000000074fa00000| Complete 
| 638|0x000000074fc00000, 0x000000074fe00000, 0x000000074fe00000|100%| E|CS|TAMS 0x000000074fc00000| PB 0x000000074fc00000| Complete 
| 639|0x000000074fe00000, 0x0000000750000000, 0x0000000750000000|100%| E|CS|TAMS 0x000000074fe00000| PB 0x000000074fe00000| Complete 
| 640|0x0000000750000000, 0x0000000750200000, 0x0000000750200000|100%| E|CS|TAMS 0x0000000750000000| PB 0x0000000750000000| Complete 
| 641|0x0000000750200000, 0x0000000750400000, 0x0000000750400000|100%| E|CS|TAMS 0x0000000750200000| PB 0x0000000750200000| Complete 
| 642|0x0000000750400000, 0x0000000750600000, 0x0000000750600000|100%| E|CS|TAMS 0x0000000750400000| PB 0x0000000750400000| Complete 
| 643|0x0000000750600000, 0x0000000750800000, 0x0000000750800000|100%| E|CS|TAMS 0x0000000750600000| PB 0x0000000750600000| Complete 
| 644|0x0000000750800000, 0x0000000750a00000, 0x0000000750a00000|100%| E|CS|TAMS 0x0000000750800000| PB 0x0000000750800000| Complete 
| 645|0x0000000750a00000, 0x0000000750c00000, 0x0000000750c00000|100%| E|CS|TAMS 0x0000000750a00000| PB 0x0000000750a00000| Complete 
| 646|0x0000000750c00000, 0x0000000750e00000, 0x0000000750e00000|100%| E|CS|TAMS 0x0000000750c00000| PB 0x0000000750c00000| Complete 
| 647|0x0000000750e00000, 0x0000000751000000, 0x0000000751000000|100%| E|CS|TAMS 0x0000000750e00000| PB 0x0000000750e00000| Complete 
| 648|0x0000000751000000, 0x0000000751200000, 0x0000000751200000|100%| E|CS|TAMS 0x0000000751000000| PB 0x0000000751000000| Complete 
| 649|0x0000000751200000, 0x0000000751400000, 0x0000000751400000|100%| E|CS|TAMS 0x0000000751200000| PB 0x0000000751200000| Complete 
| 650|0x0000000751400000, 0x0000000751600000, 0x0000000751600000|100%| E|CS|TAMS 0x0000000751400000| PB 0x0000000751400000| Complete 
| 651|0x0000000751600000, 0x0000000751800000, 0x0000000751800000|100%| E|CS|TAMS 0x0000000751600000| PB 0x0000000751600000| Complete 
| 652|0x0000000751800000, 0x0000000751a00000, 0x0000000751a00000|100%| E|CS|TAMS 0x0000000751800000| PB 0x0000000751800000| Complete 
| 653|0x0000000751a00000, 0x0000000751c00000, 0x0000000751c00000|100%| E|CS|TAMS 0x0000000751a00000| PB 0x0000000751a00000| Complete 
| 654|0x0000000751c00000, 0x0000000751e00000, 0x0000000751e00000|100%| E|CS|TAMS 0x0000000751c00000| PB 0x0000000751c00000| Complete 
| 655|0x0000000751e00000, 0x0000000752000000, 0x0000000752000000|100%| E|CS|TAMS 0x0000000751e00000| PB 0x0000000751e00000| Complete 
| 656|0x0000000752000000, 0x0000000752200000, 0x0000000752200000|100%| E|CS|TAMS 0x0000000752000000| PB 0x0000000752000000| Complete 
| 657|0x0000000752200000, 0x0000000752400000, 0x0000000752400000|100%| E|CS|TAMS 0x0000000752200000| PB 0x0000000752200000| Complete 
| 658|0x0000000752400000, 0x0000000752600000, 0x0000000752600000|100%| E|CS|TAMS 0x0000000752400000| PB 0x0000000752400000| Complete 
| 659|0x0000000752600000, 0x0000000752800000, 0x0000000752800000|100%| E|CS|TAMS 0x0000000752600000| PB 0x0000000752600000| Complete 
| 660|0x0000000752800000, 0x0000000752a00000, 0x0000000752a00000|100%| E|CS|TAMS 0x0000000752800000| PB 0x0000000752800000| Complete 
| 661|0x0000000752a00000, 0x0000000752c00000, 0x0000000752c00000|100%| E|CS|TAMS 0x0000000752a00000| PB 0x0000000752a00000| Complete 
| 662|0x0000000752c00000, 0x0000000752e00000, 0x0000000752e00000|100%| E|CS|TAMS 0x0000000752c00000| PB 0x0000000752c00000| Complete 
| 663|0x0000000752e00000, 0x0000000753000000, 0x0000000753000000|100%| E|CS|TAMS 0x0000000752e00000| PB 0x0000000752e00000| Complete 
| 664|0x0000000753000000, 0x0000000753200000, 0x0000000753200000|100%| E|CS|TAMS 0x0000000753000000| PB 0x0000000753000000| Complete 
| 665|0x0000000753200000, 0x0000000753400000, 0x0000000753400000|100%| E|CS|TAMS 0x0000000753200000| PB 0x0000000753200000| Complete 
| 666|0x0000000753400000, 0x0000000753600000, 0x0000000753600000|100%| E|CS|TAMS 0x0000000753400000| PB 0x0000000753400000| Complete 
| 667|0x0000000753600000, 0x0000000753800000, 0x0000000753800000|100%| E|CS|TAMS 0x0000000753600000| PB 0x0000000753600000| Complete 
| 668|0x0000000753800000, 0x0000000753a00000, 0x0000000753a00000|100%| E|CS|TAMS 0x0000000753800000| PB 0x0000000753800000| Complete 
| 669|0x0000000753a00000, 0x0000000753c00000, 0x0000000753c00000|100%| E|CS|TAMS 0x0000000753a00000| PB 0x0000000753a00000| Complete 
| 670|0x0000000753c00000, 0x0000000753e00000, 0x0000000753e00000|100%| E|CS|TAMS 0x0000000753c00000| PB 0x0000000753c00000| Complete 
| 671|0x0000000753e00000, 0x0000000754000000, 0x0000000754000000|100%| E|CS|TAMS 0x0000000753e00000| PB 0x0000000753e00000| Complete 
| 672|0x0000000754000000, 0x0000000754200000, 0x0000000754200000|100%| E|CS|TAMS 0x0000000754000000| PB 0x0000000754000000| Complete 
| 673|0x0000000754200000, 0x0000000754400000, 0x0000000754400000|100%| E|CS|TAMS 0x0000000754200000| PB 0x0000000754200000| Complete 
| 674|0x0000000754400000, 0x0000000754600000, 0x0000000754600000|100%| E|CS|TAMS 0x0000000754400000| PB 0x0000000754400000| Complete 
| 675|0x0000000754600000, 0x0000000754800000, 0x0000000754800000|100%| E|CS|TAMS 0x0000000754600000| PB 0x0000000754600000| Complete 
| 676|0x0000000754800000, 0x0000000754a00000, 0x0000000754a00000|100%| E|CS|TAMS 0x0000000754800000| PB 0x0000000754800000| Complete 
| 677|0x0000000754a00000, 0x0000000754c00000, 0x0000000754c00000|100%| E|CS|TAMS 0x0000000754a00000| PB 0x0000000754a00000| Complete 
| 678|0x0000000754c00000, 0x0000000754e00000, 0x0000000754e00000|100%| E|CS|TAMS 0x0000000754c00000| PB 0x0000000754c00000| Complete 
| 679|0x0000000754e00000, 0x0000000755000000, 0x0000000755000000|100%| E|CS|TAMS 0x0000000754e00000| PB 0x0000000754e00000| Complete 
| 680|0x0000000755000000, 0x0000000755200000, 0x0000000755200000|100%| E|CS|TAMS 0x0000000755000000| PB 0x0000000755000000| Complete 
| 681|0x0000000755200000, 0x0000000755400000, 0x0000000755400000|100%| E|CS|TAMS 0x0000000755200000| PB 0x0000000755200000| Complete 
| 682|0x0000000755400000, 0x0000000755600000, 0x0000000755600000|100%| E|CS|TAMS 0x0000000755400000| PB 0x0000000755400000| Complete 
| 683|0x0000000755600000, 0x0000000755800000, 0x0000000755800000|100%| E|CS|TAMS 0x0000000755600000| PB 0x0000000755600000| Complete 
| 684|0x0000000755800000, 0x0000000755a00000, 0x0000000755a00000|100%| E|CS|TAMS 0x0000000755800000| PB 0x0000000755800000| Complete 
| 685|0x0000000755a00000, 0x0000000755c00000, 0x0000000755c00000|100%| E|CS|TAMS 0x0000000755a00000| PB 0x0000000755a00000| Complete 
| 686|0x0000000755c00000, 0x0000000755e00000, 0x0000000755e00000|100%| E|CS|TAMS 0x0000000755c00000| PB 0x0000000755c00000| Complete 
| 687|0x0000000755e00000, 0x0000000756000000, 0x0000000756000000|100%| E|CS|TAMS 0x0000000755e00000| PB 0x0000000755e00000| Complete 
| 688|0x0000000756000000, 0x0000000756200000, 0x0000000756200000|100%| E|CS|TAMS 0x0000000756000000| PB 0x0000000756000000| Complete 
| 689|0x0000000756200000, 0x0000000756400000, 0x0000000756400000|100%| E|CS|TAMS 0x0000000756200000| PB 0x0000000756200000| Complete 
| 690|0x0000000756400000, 0x0000000756600000, 0x0000000756600000|100%| E|CS|TAMS 0x0000000756400000| PB 0x0000000756400000| Complete 
| 691|0x0000000756600000, 0x0000000756800000, 0x0000000756800000|100%| E|CS|TAMS 0x0000000756600000| PB 0x0000000756600000| Complete 
| 692|0x0000000756800000, 0x0000000756a00000, 0x0000000756a00000|100%| E|CS|TAMS 0x0000000756800000| PB 0x0000000756800000| Complete 
| 693|0x0000000756a00000, 0x0000000756c00000, 0x0000000756c00000|100%| E|CS|TAMS 0x0000000756a00000| PB 0x0000000756a00000| Complete 
| 694|0x0000000756c00000, 0x0000000756e00000, 0x0000000756e00000|100%| E|CS|TAMS 0x0000000756c00000| PB 0x0000000756c00000| Complete 
| 695|0x0000000756e00000, 0x0000000757000000, 0x0000000757000000|100%| E|CS|TAMS 0x0000000756e00000| PB 0x0000000756e00000| Complete 
| 696|0x0000000757000000, 0x0000000757200000, 0x0000000757200000|100%| E|CS|TAMS 0x0000000757000000| PB 0x0000000757000000| Complete 
| 697|0x0000000757200000, 0x0000000757400000, 0x0000000757400000|100%| E|CS|TAMS 0x0000000757200000| PB 0x0000000757200000| Complete 
| 698|0x0000000757400000, 0x0000000757600000, 0x0000000757600000|100%| E|CS|TAMS 0x0000000757400000| PB 0x0000000757400000| Complete 
| 699|0x0000000757600000, 0x0000000757800000, 0x0000000757800000|100%| E|CS|TAMS 0x0000000757600000| PB 0x0000000757600000| Complete 
| 700|0x0000000757800000, 0x0000000757a00000, 0x0000000757a00000|100%| E|CS|TAMS 0x0000000757800000| PB 0x0000000757800000| Complete 
| 701|0x0000000757a00000, 0x0000000757c00000, 0x0000000757c00000|100%| E|CS|TAMS 0x0000000757a00000| PB 0x0000000757a00000| Complete 
| 702|0x0000000757c00000, 0x0000000757e00000, 0x0000000757e00000|100%| E|CS|TAMS 0x0000000757c00000| PB 0x0000000757c00000| Complete 
| 703|0x0000000757e00000, 0x0000000758000000, 0x0000000758000000|100%| E|CS|TAMS 0x0000000757e00000| PB 0x0000000757e00000| Complete 
| 704|0x0000000758000000, 0x0000000758200000, 0x0000000758200000|100%| E|CS|TAMS 0x0000000758000000| PB 0x0000000758000000| Complete 
| 705|0x0000000758200000, 0x0000000758400000, 0x0000000758400000|100%| E|CS|TAMS 0x0000000758200000| PB 0x0000000758200000| Complete 
| 706|0x0000000758400000, 0x0000000758600000, 0x0000000758600000|100%| E|CS|TAMS 0x0000000758400000| PB 0x0000000758400000| Complete 
| 707|0x0000000758600000, 0x0000000758800000, 0x0000000758800000|100%| E|CS|TAMS 0x0000000758600000| PB 0x0000000758600000| Complete 
| 708|0x0000000758800000, 0x0000000758a00000, 0x0000000758a00000|100%| E|CS|TAMS 0x0000000758800000| PB 0x0000000758800000| Complete 
| 709|0x0000000758a00000, 0x0000000758c00000, 0x0000000758c00000|100%| E|CS|TAMS 0x0000000758a00000| PB 0x0000000758a00000| Complete 
| 710|0x0000000758c00000, 0x0000000758e00000, 0x0000000758e00000|100%| E|CS|TAMS 0x0000000758c00000| PB 0x0000000758c00000| Complete 
| 711|0x0000000758e00000, 0x0000000759000000, 0x0000000759000000|100%| E|CS|TAMS 0x0000000758e00000| PB 0x0000000758e00000| Complete 
| 712|0x0000000759000000, 0x0000000759200000, 0x0000000759200000|100%| E|CS|TAMS 0x0000000759000000| PB 0x0000000759000000| Complete 
| 713|0x0000000759200000, 0x0000000759400000, 0x0000000759400000|100%| E|CS|TAMS 0x0000000759200000| PB 0x0000000759200000| Complete 
| 714|0x0000000759400000, 0x0000000759600000, 0x0000000759600000|100%| E|CS|TAMS 0x0000000759400000| PB 0x0000000759400000| Complete 
| 715|0x0000000759600000, 0x0000000759800000, 0x0000000759800000|100%| E|CS|TAMS 0x0000000759600000| PB 0x0000000759600000| Complete 
| 716|0x0000000759800000, 0x0000000759a00000, 0x0000000759a00000|100%| E|CS|TAMS 0x0000000759800000| PB 0x0000000759800000| Complete 
| 717|0x0000000759a00000, 0x0000000759c00000, 0x0000000759c00000|100%| E|CS|TAMS 0x0000000759a00000| PB 0x0000000759a00000| Complete 
| 718|0x0000000759c00000, 0x0000000759e00000, 0x0000000759e00000|100%| E|CS|TAMS 0x0000000759c00000| PB 0x0000000759c00000| Complete 
| 719|0x0000000759e00000, 0x000000075a000000, 0x000000075a000000|100%| E|CS|TAMS 0x0000000759e00000| PB 0x0000000759e00000| Complete 
| 720|0x000000075a000000, 0x000000075a200000, 0x000000075a200000|100%| E|CS|TAMS 0x000000075a000000| PB 0x000000075a000000| Complete 
| 721|0x000000075a200000, 0x000000075a400000, 0x000000075a400000|100%| E|CS|TAMS 0x000000075a200000| PB 0x000000075a200000| Complete 
| 722|0x000000075a400000, 0x000000075a600000, 0x000000075a600000|100%| E|CS|TAMS 0x000000075a400000| PB 0x000000075a400000| Complete 
| 723|0x000000075a600000, 0x000000075a800000, 0x000000075a800000|100%| E|CS|TAMS 0x000000075a600000| PB 0x000000075a600000| Complete 
| 724|0x000000075a800000, 0x000000075aa00000, 0x000000075aa00000|100%| E|CS|TAMS 0x000000075a800000| PB 0x000000075a800000| Complete 
| 725|0x000000075aa00000, 0x000000075ac00000, 0x000000075ac00000|100%| E|CS|TAMS 0x000000075aa00000| PB 0x000000075aa00000| Complete 
| 726|0x000000075ac00000, 0x000000075ae00000, 0x000000075ae00000|100%| E|CS|TAMS 0x000000075ac00000| PB 0x000000075ac00000| Complete 
| 727|0x000000075ae00000, 0x000000075b000000, 0x000000075b000000|100%| E|CS|TAMS 0x000000075ae00000| PB 0x000000075ae00000| Complete 
| 728|0x000000075b000000, 0x000000075b200000, 0x000000075b200000|100%| E|CS|TAMS 0x000000075b000000| PB 0x000000075b000000| Complete 
| 729|0x000000075b200000, 0x000000075b400000, 0x000000075b400000|100%| E|CS|TAMS 0x000000075b200000| PB 0x000000075b200000| Complete 
| 730|0x000000075b400000, 0x000000075b600000, 0x000000075b600000|100%| E|CS|TAMS 0x000000075b400000| PB 0x000000075b400000| Complete 
| 731|0x000000075b600000, 0x000000075b800000, 0x000000075b800000|100%| E|CS|TAMS 0x000000075b600000| PB 0x000000075b600000| Complete 
| 732|0x000000075b800000, 0x000000075ba00000, 0x000000075ba00000|100%| E|CS|TAMS 0x000000075b800000| PB 0x000000075b800000| Complete 
| 733|0x000000075ba00000, 0x000000075bc00000, 0x000000075bc00000|100%| E|CS|TAMS 0x000000075ba00000| PB 0x000000075ba00000| Complete 
| 734|0x000000075bc00000, 0x000000075be00000, 0x000000075be00000|100%| E|CS|TAMS 0x000000075bc00000| PB 0x000000075bc00000| Complete 
| 735|0x000000075be00000, 0x000000075c000000, 0x000000075c000000|100%| E|CS|TAMS 0x000000075be00000| PB 0x000000075be00000| Complete 
| 736|0x000000075c000000, 0x000000075c200000, 0x000000075c200000|100%| E|CS|TAMS 0x000000075c000000| PB 0x000000075c000000| Complete 
| 737|0x000000075c200000, 0x000000075c400000, 0x000000075c400000|100%| E|CS|TAMS 0x000000075c200000| PB 0x000000075c200000| Complete 
| 738|0x000000075c400000, 0x000000075c600000, 0x000000075c600000|100%| E|CS|TAMS 0x000000075c400000| PB 0x000000075c400000| Complete 
| 739|0x000000075c600000, 0x000000075c800000, 0x000000075c800000|100%| E|CS|TAMS 0x000000075c600000| PB 0x000000075c600000| Complete 
| 740|0x000000075c800000, 0x000000075ca00000, 0x000000075ca00000|100%| E|CS|TAMS 0x000000075c800000| PB 0x000000075c800000| Complete 
| 741|0x000000075ca00000, 0x000000075cc00000, 0x000000075cc00000|100%| E|CS|TAMS 0x000000075ca00000| PB 0x000000075ca00000| Complete 
| 742|0x000000075cc00000, 0x000000075ce00000, 0x000000075ce00000|100%| E|CS|TAMS 0x000000075cc00000| PB 0x000000075cc00000| Complete 
| 743|0x000000075ce00000, 0x000000075d000000, 0x000000075d000000|100%| E|CS|TAMS 0x000000075ce00000| PB 0x000000075ce00000| Complete 
| 744|0x000000075d000000, 0x000000075d200000, 0x000000075d200000|100%| E|CS|TAMS 0x000000075d000000| PB 0x000000075d000000| Complete 
| 745|0x000000075d200000, 0x000000075d400000, 0x000000075d400000|100%| E|CS|TAMS 0x000000075d200000| PB 0x000000075d200000| Complete 
| 746|0x000000075d400000, 0x000000075d600000, 0x000000075d600000|100%| E|CS|TAMS 0x000000075d400000| PB 0x000000075d400000| Complete 
| 747|0x000000075d600000, 0x000000075d800000, 0x000000075d800000|100%| E|CS|TAMS 0x000000075d600000| PB 0x000000075d600000| Complete 
| 748|0x000000075d800000, 0x000000075da00000, 0x000000075da00000|100%| E|CS|TAMS 0x000000075d800000| PB 0x000000075d800000| Complete 
| 749|0x000000075da00000, 0x000000075dc00000, 0x000000075dc00000|100%| E|CS|TAMS 0x000000075da00000| PB 0x000000075da00000| Complete 
| 750|0x000000075dc00000, 0x000000075de00000, 0x000000075de00000|100%| E|CS|TAMS 0x000000075dc00000| PB 0x000000075dc00000| Complete 
| 751|0x000000075de00000, 0x000000075e000000, 0x000000075e000000|100%| E|CS|TAMS 0x000000075de00000| PB 0x000000075de00000| Complete 
| 752|0x000000075e000000, 0x000000075e200000, 0x000000075e200000|100%| E|CS|TAMS 0x000000075e000000| PB 0x000000075e000000| Complete 
| 753|0x000000075e200000, 0x000000075e400000, 0x000000075e400000|100%| E|CS|TAMS 0x000000075e200000| PB 0x000000075e200000| Complete 
| 754|0x000000075e400000, 0x000000075e600000, 0x000000075e600000|100%| E|CS|TAMS 0x000000075e400000| PB 0x000000075e400000| Complete 
| 755|0x000000075e600000, 0x000000075e800000, 0x000000075e800000|100%| E|CS|TAMS 0x000000075e600000| PB 0x000000075e600000| Complete 
| 756|0x000000075e800000, 0x000000075ea00000, 0x000000075ea00000|100%| E|CS|TAMS 0x000000075e800000| PB 0x000000075e800000| Complete 
| 757|0x000000075ea00000, 0x000000075ec00000, 0x000000075ec00000|100%| E|CS|TAMS 0x000000075ea00000| PB 0x000000075ea00000| Complete 
| 758|0x000000075ec00000, 0x000000075ee00000, 0x000000075ee00000|100%| E|CS|TAMS 0x000000075ec00000| PB 0x000000075ec00000| Complete 
| 759|0x000000075ee00000, 0x000000075f000000, 0x000000075f000000|100%| E|CS|TAMS 0x000000075ee00000| PB 0x000000075ee00000| Complete 
| 760|0x000000075f000000, 0x000000075f200000, 0x000000075f200000|100%| E|CS|TAMS 0x000000075f000000| PB 0x000000075f000000| Untracked 
| 761|0x000000075f200000, 0x000000075f200000, 0x000000075f400000|  0%| F|CS|TAMS 0x000000075f200000| PB 0x000000075f200000| Untracked 
| 762|0x000000075f400000, 0x000000075f400000, 0x000000075f600000|  0%| F|CS|TAMS 0x000000075f400000| PB 0x000000075f400000| Untracked 
| 763|0x000000075f600000, 0x000000075f600000, 0x000000075f800000|  0%| F|CS|TAMS 0x000000075f600000| PB 0x000000075f600000| Untracked 
| 764|0x000000075f800000, 0x000000075f800000, 0x000000075fa00000|  0%| F|CS|TAMS 0x000000075f800000| PB 0x000000075f800000| Untracked 
| 765|0x000000075fa00000, 0x000000075fa00000, 0x000000075fc00000|  0%| F|CS|TAMS 0x000000075fa00000| PB 0x000000075fa00000| Untracked 
| 766|0x000000075fc00000, 0x000000075fc00000, 0x000000075fe00000|  0%| F|CS|TAMS 0x000000075fc00000| PB 0x000000075fc00000| Untracked 
| 767|0x000000075fe00000, 0x000000075fe00000, 0x0000000760000000|  0%| F|CS|TAMS 0x000000075fe00000| PB 0x000000075fe00000| Untracked 
| 768|0x0000000760000000, 0x0000000760000000, 0x0000000760200000|  0%| F|CS|TAMS 0x0000000760000000| PB 0x0000000760000000| Untracked 
| 769|0x0000000760200000, 0x0000000760200000, 0x0000000760400000|  0%| F|CS|TAMS 0x0000000760200000| PB 0x0000000760200000| Untracked 
| 770|0x0000000760400000, 0x0000000760400000, 0x0000000760600000|  0%| F|CS|TAMS 0x0000000760400000| PB 0x0000000760400000| Untracked 
| 771|0x0000000760600000, 0x0000000760600000, 0x0000000760800000|  0%| F|  |TAMS 0x0000000760600000| PB 0x0000000760600000| Untracked 
| 772|0x0000000760800000, 0x0000000760800000, 0x0000000760a00000|  0%| F|  |TAMS 0x0000000760800000| PB 0x0000000760800000| Untracked 
| 773|0x0000000760a00000, 0x0000000760a00000, 0x0000000760c00000|  0%| F|  |TAMS 0x0000000760a00000| PB 0x0000000760a00000| Untracked 
| 774|0x0000000760c00000, 0x0000000760c00000, 0x0000000760e00000|  0%| F|  |TAMS 0x0000000760c00000| PB 0x0000000760c00000| Untracked 
| 775|0x0000000760e00000, 0x0000000760e00000, 0x0000000761000000|  0%| F|  |TAMS 0x0000000760e00000| PB 0x0000000760e00000| Untracked 
| 776|0x0000000761000000, 0x0000000761000000, 0x0000000761200000|  0%| F|  |TAMS 0x0000000761000000| PB 0x0000000761000000| Untracked 
| 777|0x0000000761200000, 0x0000000761200000, 0x0000000761400000|  0%| F|  |TAMS 0x0000000761200000| PB 0x0000000761200000| Untracked 
| 778|0x0000000761400000, 0x0000000761400000, 0x0000000761600000|  0%| F|  |TAMS 0x0000000761400000| PB 0x0000000761400000| Untracked 
| 779|0x0000000761600000, 0x0000000761600000, 0x0000000761800000|  0%| F|  |TAMS 0x0000000761600000| PB 0x0000000761600000| Untracked 
| 780|0x0000000761800000, 0x0000000761800000, 0x0000000761a00000|  0%| F|  |TAMS 0x0000000761800000| PB 0x0000000761800000| Untracked 
| 781|0x0000000761a00000, 0x0000000761a00000, 0x0000000761c00000|  0%| F|  |TAMS 0x0000000761a00000| PB 0x0000000761a00000| Untracked 
| 782|0x0000000761c00000, 0x0000000761c00000, 0x0000000761e00000|  0%| F|  |TAMS 0x0000000761c00000| PB 0x0000000761c00000| Untracked 
| 783|0x0000000761e00000, 0x0000000761e00000, 0x0000000762000000|  0%| F|  |TAMS 0x0000000761e00000| PB 0x0000000761e00000| Untracked 
| 784|0x0000000762000000, 0x0000000762000000, 0x0000000762200000|  0%| F|  |TAMS 0x0000000762000000| PB 0x0000000762000000| Untracked 
| 785|0x0000000762200000, 0x0000000762200000, 0x0000000762400000|  0%| F|  |TAMS 0x0000000762200000| PB 0x0000000762200000| Untracked 
| 786|0x0000000762400000, 0x0000000762400000, 0x0000000762600000|  0%| F|  |TAMS 0x0000000762400000| PB 0x0000000762400000| Untracked 
| 787|0x0000000762600000, 0x0000000762600000, 0x0000000762800000|  0%| F|  |TAMS 0x0000000762600000| PB 0x0000000762600000| Untracked 
| 788|0x0000000762800000, 0x0000000762800000, 0x0000000762a00000|  0%| F|  |TAMS 0x0000000762800000| PB 0x0000000762800000| Untracked 
| 789|0x0000000762a00000, 0x0000000762a00000, 0x0000000762c00000|  0%| F|  |TAMS 0x0000000762a00000| PB 0x0000000762a00000| Untracked 
| 790|0x0000000762c00000, 0x0000000762c00000, 0x0000000762e00000|  0%| F|  |TAMS 0x0000000762c00000| PB 0x0000000762c00000| Untracked 
| 791|0x0000000762e00000, 0x0000000762e00000, 0x0000000763000000|  0%| F|  |TAMS 0x0000000762e00000| PB 0x0000000762e00000| Untracked 
| 792|0x0000000763000000, 0x0000000763000000, 0x0000000763200000|  0%| F|  |TAMS 0x0000000763000000| PB 0x0000000763000000| Untracked 
| 793|0x0000000763200000, 0x0000000763200000, 0x0000000763400000|  0%| F|  |TAMS 0x0000000763200000| PB 0x0000000763200000| Untracked 
| 794|0x0000000763400000, 0x0000000763400000, 0x0000000763600000|  0%| F|  |TAMS 0x0000000763400000| PB 0x0000000763400000| Untracked 
| 795|0x0000000763600000, 0x0000000763600000, 0x0000000763800000|  0%| F|  |TAMS 0x0000000763600000| PB 0x0000000763600000| Untracked 
| 796|0x0000000763800000, 0x0000000763800000, 0x0000000763a00000|  0%| F|  |TAMS 0x0000000763800000| PB 0x0000000763800000| Untracked 
| 797|0x0000000763a00000, 0x0000000763a00000, 0x0000000763c00000|  0%| F|  |TAMS 0x0000000763a00000| PB 0x0000000763a00000| Untracked 
| 798|0x0000000763c00000, 0x0000000763c00000, 0x0000000763e00000|  0%| F|  |TAMS 0x0000000763c00000| PB 0x0000000763c00000| Untracked 
| 799|0x0000000763e00000, 0x0000000763e00000, 0x0000000764000000|  0%| F|  |TAMS 0x0000000763e00000| PB 0x0000000763e00000| Untracked 
| 800|0x0000000764000000, 0x0000000764000000, 0x0000000764200000|  0%| F|  |TAMS 0x0000000764000000| PB 0x0000000764000000| Untracked 
| 801|0x0000000764200000, 0x0000000764200000, 0x0000000764400000|  0%| F|  |TAMS 0x0000000764200000| PB 0x0000000764200000| Untracked 
| 802|0x0000000764400000, 0x0000000764400000, 0x0000000764600000|  0%| F|  |TAMS 0x0000000764400000| PB 0x0000000764400000| Untracked 
| 803|0x0000000764600000, 0x0000000764600000, 0x0000000764800000|  0%| F|  |TAMS 0x0000000764600000| PB 0x0000000764600000| Untracked 
| 804|0x0000000764800000, 0x0000000764800000, 0x0000000764a00000|  0%| F|  |TAMS 0x0000000764800000| PB 0x0000000764800000| Untracked 
| 805|0x0000000764a00000, 0x0000000764a00000, 0x0000000764c00000|  0%| F|  |TAMS 0x0000000764a00000| PB 0x0000000764a00000| Untracked 
| 806|0x0000000764c00000, 0x0000000764c00000, 0x0000000764e00000|  0%| F|  |TAMS 0x0000000764c00000| PB 0x0000000764c00000| Untracked 
| 807|0x0000000764e00000, 0x0000000764e00000, 0x0000000765000000|  0%| F|  |TAMS 0x0000000764e00000| PB 0x0000000764e00000| Untracked 
| 808|0x0000000765000000, 0x0000000765000000, 0x0000000765200000|  0%| F|  |TAMS 0x0000000765000000| PB 0x0000000765000000| Untracked 
| 809|0x0000000765200000, 0x0000000765200000, 0x0000000765400000|  0%| F|  |TAMS 0x0000000765200000| PB 0x0000000765200000| Untracked 
| 810|0x0000000765400000, 0x0000000765400000, 0x0000000765600000|  0%| F|  |TAMS 0x0000000765400000| PB 0x0000000765400000| Untracked 
| 811|0x0000000765600000, 0x0000000765600000, 0x0000000765800000|  0%| F|  |TAMS 0x0000000765600000| PB 0x0000000765600000| Untracked 
| 812|0x0000000765800000, 0x0000000765800000, 0x0000000765a00000|  0%| F|  |TAMS 0x0000000765800000| PB 0x0000000765800000| Untracked 
| 813|0x0000000765a00000, 0x0000000765a00000, 0x0000000765c00000|  0%| F|  |TAMS 0x0000000765a00000| PB 0x0000000765a00000| Untracked 
| 814|0x0000000765c00000, 0x0000000765c00000, 0x0000000765e00000|  0%| F|  |TAMS 0x0000000765c00000| PB 0x0000000765c00000| Untracked 
| 815|0x0000000765e00000, 0x0000000765e00000, 0x0000000766000000|  0%| F|  |TAMS 0x0000000765e00000| PB 0x0000000765e00000| Untracked 
| 816|0x0000000766000000, 0x0000000766000000, 0x0000000766200000|  0%| F|  |TAMS 0x0000000766000000| PB 0x0000000766000000| Untracked 
| 817|0x0000000766200000, 0x0000000766200000, 0x0000000766400000|  0%| F|  |TAMS 0x0000000766200000| PB 0x0000000766200000| Untracked 
| 818|0x0000000766400000, 0x0000000766400000, 0x0000000766600000|  0%| F|  |TAMS 0x0000000766400000| PB 0x0000000766400000| Untracked 
| 819|0x0000000766600000, 0x0000000766600000, 0x0000000766800000|  0%| F|  |TAMS 0x0000000766600000| PB 0x0000000766600000| Untracked 
| 820|0x0000000766800000, 0x0000000766800000, 0x0000000766a00000|  0%| F|  |TAMS 0x0000000766800000| PB 0x0000000766800000| Untracked 
| 821|0x0000000766a00000, 0x0000000766a00000, 0x0000000766c00000|  0%| F|  |TAMS 0x0000000766a00000| PB 0x0000000766a00000| Untracked 
| 822|0x0000000766c00000, 0x0000000766c00000, 0x0000000766e00000|  0%| F|  |TAMS 0x0000000766c00000| PB 0x0000000766c00000| Untracked 
| 823|0x0000000766e00000, 0x0000000766e00000, 0x0000000767000000|  0%| F|  |TAMS 0x0000000766e00000| PB 0x0000000766e00000| Untracked 
| 824|0x0000000767000000, 0x0000000767000000, 0x0000000767200000|  0%| F|  |TAMS 0x0000000767000000| PB 0x0000000767000000| Untracked 
| 825|0x0000000767200000, 0x0000000767200000, 0x0000000767400000|  0%| F|  |TAMS 0x0000000767200000| PB 0x0000000767200000| Untracked 
| 826|0x0000000767400000, 0x0000000767400000, 0x0000000767600000|  0%| F|  |TAMS 0x0000000767400000| PB 0x0000000767400000| Untracked 
| 827|0x0000000767600000, 0x0000000767600000, 0x0000000767800000|  0%| F|  |TAMS 0x0000000767600000| PB 0x0000000767600000| Untracked 
| 828|0x0000000767800000, 0x0000000767800000, 0x0000000767a00000|  0%| F|  |TAMS 0x0000000767800000| PB 0x0000000767800000| Untracked 
| 829|0x0000000767a00000, 0x0000000767a00000, 0x0000000767c00000|  0%| F|  |TAMS 0x0000000767a00000| PB 0x0000000767a00000| Untracked 
| 830|0x0000000767c00000, 0x0000000767c00000, 0x0000000767e00000|  0%| F|  |TAMS 0x0000000767c00000| PB 0x0000000767c00000| Untracked 
| 831|0x0000000767e00000, 0x0000000767e00000, 0x0000000768000000|  0%| F|  |TAMS 0x0000000767e00000| PB 0x0000000767e00000| Untracked 
| 832|0x0000000768000000, 0x0000000768000000, 0x0000000768200000|  0%| F|  |TAMS 0x0000000768000000| PB 0x0000000768000000| Untracked 
| 833|0x0000000768200000, 0x0000000768200000, 0x0000000768400000|  0%| F|  |TAMS 0x0000000768200000| PB 0x0000000768200000| Untracked 
| 834|0x0000000768400000, 0x0000000768400000, 0x0000000768600000|  0%| F|  |TAMS 0x0000000768400000| PB 0x0000000768400000| Untracked 
| 835|0x0000000768600000, 0x0000000768600000, 0x0000000768800000|  0%| F|  |TAMS 0x0000000768600000| PB 0x0000000768600000| Untracked 
| 836|0x0000000768800000, 0x0000000768800000, 0x0000000768a00000|  0%| F|  |TAMS 0x0000000768800000| PB 0x0000000768800000| Untracked 
| 837|0x0000000768a00000, 0x0000000768a00000, 0x0000000768c00000|  0%| F|  |TAMS 0x0000000768a00000| PB 0x0000000768a00000| Untracked 
| 838|0x0000000768c00000, 0x0000000768c00000, 0x0000000768e00000|  0%| F|  |TAMS 0x0000000768c00000| PB 0x0000000768c00000| Untracked 
| 839|0x0000000768e00000, 0x0000000768e00000, 0x0000000769000000|  0%| F|  |TAMS 0x0000000768e00000| PB 0x0000000768e00000| Untracked 
| 840|0x0000000769000000, 0x0000000769000000, 0x0000000769200000|  0%| F|  |TAMS 0x0000000769000000| PB 0x0000000769000000| Untracked 
| 841|0x0000000769200000, 0x0000000769200000, 0x0000000769400000|  0%| F|  |TAMS 0x0000000769200000| PB 0x0000000769200000| Untracked 
| 842|0x0000000769400000, 0x0000000769400000, 0x0000000769600000|  0%| F|  |TAMS 0x0000000769400000| PB 0x0000000769400000| Untracked 
| 843|0x0000000769600000, 0x0000000769600000, 0x0000000769800000|  0%| F|  |TAMS 0x0000000769600000| PB 0x0000000769600000| Untracked 
| 844|0x0000000769800000, 0x0000000769800000, 0x0000000769a00000|  0%| F|  |TAMS 0x0000000769800000| PB 0x0000000769800000| Untracked 
| 845|0x0000000769a00000, 0x0000000769a00000, 0x0000000769c00000|  0%| F|  |TAMS 0x0000000769a00000| PB 0x0000000769a00000| Untracked 
| 846|0x0000000769c00000, 0x0000000769c00000, 0x0000000769e00000|  0%| F|  |TAMS 0x0000000769c00000| PB 0x0000000769c00000| Untracked 
| 847|0x0000000769e00000, 0x0000000769e00000, 0x000000076a000000|  0%| F|  |TAMS 0x0000000769e00000| PB 0x0000000769e00000| Untracked 
| 848|0x000000076a000000, 0x000000076a000000, 0x000000076a200000|  0%| F|  |TAMS 0x000000076a000000| PB 0x000000076a000000| Untracked 
| 849|0x000000076a200000, 0x000000076a200000, 0x000000076a400000|  0%| F|  |TAMS 0x000000076a200000| PB 0x000000076a200000| Untracked 
| 850|0x000000076a400000, 0x000000076a400000, 0x000000076a600000|  0%| F|  |TAMS 0x000000076a400000| PB 0x000000076a400000| Untracked 
| 851|0x000000076a600000, 0x000000076a600000, 0x000000076a800000|  0%| F|  |TAMS 0x000000076a600000| PB 0x000000076a600000| Untracked 
| 852|0x000000076a800000, 0x000000076a800000, 0x000000076aa00000|  0%| F|  |TAMS 0x000000076a800000| PB 0x000000076a800000| Untracked 
| 853|0x000000076aa00000, 0x000000076aa00000, 0x000000076ac00000|  0%| F|  |TAMS 0x000000076aa00000| PB 0x000000076aa00000| Untracked 
| 854|0x000000076ac00000, 0x000000076ac00000, 0x000000076ae00000|  0%| F|  |TAMS 0x000000076ac00000| PB 0x000000076ac00000| Untracked 
| 855|0x000000076ae00000, 0x000000076ae00000, 0x000000076b000000|  0%| F|  |TAMS 0x000000076ae00000| PB 0x000000076ae00000| Untracked 
| 856|0x000000076b000000, 0x000000076b000000, 0x000000076b200000|  0%| F|  |TAMS 0x000000076b000000| PB 0x000000076b000000| Untracked 
| 857|0x000000076b200000, 0x000000076b200000, 0x000000076b400000|  0%| F|  |TAMS 0x000000076b200000| PB 0x000000076b200000| Untracked 
| 858|0x000000076b400000, 0x000000076b400000, 0x000000076b600000|  0%| F|  |TAMS 0x000000076b400000| PB 0x000000076b400000| Untracked 
| 859|0x000000076b600000, 0x000000076b600000, 0x000000076b800000|  0%| F|  |TAMS 0x000000076b600000| PB 0x000000076b600000| Untracked 
| 860|0x000000076b800000, 0x000000076b800000, 0x000000076ba00000|  0%| F|  |TAMS 0x000000076b800000| PB 0x000000076b800000| Untracked 
| 861|0x000000076ba00000, 0x000000076ba00000, 0x000000076bc00000|  0%| F|  |TAMS 0x000000076ba00000| PB 0x000000076ba00000| Untracked 
| 862|0x000000076bc00000, 0x000000076bc00000, 0x000000076be00000|  0%| F|  |TAMS 0x000000076bc00000| PB 0x000000076bc00000| Untracked 
| 863|0x000000076be00000, 0x000000076be00000, 0x000000076c000000|  0%| F|  |TAMS 0x000000076be00000| PB 0x000000076be00000| Untracked 
| 864|0x000000076c000000, 0x000000076c000000, 0x000000076c200000|  0%| F|  |TAMS 0x000000076c000000| PB 0x000000076c000000| Untracked 
| 865|0x000000076c200000, 0x000000076c200000, 0x000000076c400000|  0%| F|  |TAMS 0x000000076c200000| PB 0x000000076c200000| Untracked 
| 866|0x000000076c400000, 0x000000076c400000, 0x000000076c600000|  0%| F|  |TAMS 0x000000076c400000| PB 0x000000076c400000| Untracked 
| 867|0x000000076c600000, 0x000000076c600000, 0x000000076c800000|  0%| F|  |TAMS 0x000000076c600000| PB 0x000000076c600000| Untracked 
| 868|0x000000076c800000, 0x000000076c800000, 0x000000076ca00000|  0%| F|  |TAMS 0x000000076c800000| PB 0x000000076c800000| Untracked 
| 869|0x000000076ca00000, 0x000000076ca00000, 0x000000076cc00000|  0%| F|  |TAMS 0x000000076ca00000| PB 0x000000076ca00000| Untracked 
| 870|0x000000076cc00000, 0x000000076cc00000, 0x000000076ce00000|  0%| F|  |TAMS 0x000000076cc00000| PB 0x000000076cc00000| Untracked 
| 871|0x000000076ce00000, 0x000000076ce00000, 0x000000076d000000|  0%| F|  |TAMS 0x000000076ce00000| PB 0x000000076ce00000| Untracked 
| 872|0x000000076d000000, 0x000000076d000000, 0x000000076d200000|  0%| F|  |TAMS 0x000000076d000000| PB 0x000000076d000000| Untracked 
| 873|0x000000076d200000, 0x000000076d200000, 0x000000076d400000|  0%| F|  |TAMS 0x000000076d200000| PB 0x000000076d200000| Untracked 
| 874|0x000000076d400000, 0x000000076d400000, 0x000000076d600000|  0%| F|  |TAMS 0x000000076d400000| PB 0x000000076d400000| Untracked 
| 875|0x000000076d600000, 0x000000076d600000, 0x000000076d800000|  0%| F|  |TAMS 0x000000076d600000| PB 0x000000076d600000| Untracked 
| 876|0x000000076d800000, 0x000000076d800000, 0x000000076da00000|  0%| F|  |TAMS 0x000000076d800000| PB 0x000000076d800000| Untracked 
| 877|0x000000076da00000, 0x000000076da00000, 0x000000076dc00000|  0%| F|  |TAMS 0x000000076da00000| PB 0x000000076da00000| Untracked 
| 878|0x000000076dc00000, 0x000000076dc00000, 0x000000076de00000|  0%| F|  |TAMS 0x000000076dc00000| PB 0x000000076dc00000| Untracked 
| 879|0x000000076de00000, 0x000000076de00000, 0x000000076e000000|  0%| F|  |TAMS 0x000000076de00000| PB 0x000000076de00000| Untracked 
| 880|0x000000076e000000, 0x000000076e000000, 0x000000076e200000|  0%| F|  |TAMS 0x000000076e000000| PB 0x000000076e000000| Untracked 
| 881|0x000000076e200000, 0x000000076e200000, 0x000000076e400000|  0%| F|  |TAMS 0x000000076e200000| PB 0x000000076e200000| Untracked 
| 882|0x000000076e400000, 0x000000076e400000, 0x000000076e600000|  0%| F|  |TAMS 0x000000076e400000| PB 0x000000076e400000| Untracked 
| 883|0x000000076e600000, 0x000000076e600000, 0x000000076e800000|  0%| F|  |TAMS 0x000000076e600000| PB 0x000000076e600000| Untracked 
| 884|0x000000076e800000, 0x000000076e800000, 0x000000076ea00000|  0%| F|  |TAMS 0x000000076e800000| PB 0x000000076e800000| Untracked 
| 885|0x000000076ea00000, 0x000000076ea00000, 0x000000076ec00000|  0%| F|  |TAMS 0x000000076ea00000| PB 0x000000076ea00000| Untracked 
| 886|0x000000076ec00000, 0x000000076ec00000, 0x000000076ee00000|  0%| F|  |TAMS 0x000000076ec00000| PB 0x000000076ec00000| Untracked 
| 887|0x000000076ee00000, 0x000000076ee00000, 0x000000076f000000|  0%| F|  |TAMS 0x000000076ee00000| PB 0x000000076ee00000| Untracked 
| 888|0x000000076f000000, 0x000000076f000000, 0x000000076f200000|  0%| F|  |TAMS 0x000000076f000000| PB 0x000000076f000000| Untracked 
| 889|0x000000076f200000, 0x000000076f200000, 0x000000076f400000|  0%| F|  |TAMS 0x000000076f200000| PB 0x000000076f200000| Untracked 
| 890|0x000000076f400000, 0x000000076f400000, 0x000000076f600000|  0%| F|  |TAMS 0x000000076f400000| PB 0x000000076f400000| Untracked 
| 891|0x000000076f600000, 0x000000076f600000, 0x000000076f800000|  0%| F|  |TAMS 0x000000076f600000| PB 0x000000076f600000| Untracked 
| 892|0x000000076f800000, 0x000000076f800000, 0x000000076fa00000|  0%| F|  |TAMS 0x000000076f800000| PB 0x000000076f800000| Untracked 
| 893|0x000000076fa00000, 0x000000076fa00000, 0x000000076fc00000|  0%| F|  |TAMS 0x000000076fa00000| PB 0x000000076fa00000| Untracked 
| 894|0x000000076fc00000, 0x000000076fc00000, 0x000000076fe00000|  0%| F|  |TAMS 0x000000076fc00000| PB 0x000000076fc00000| Untracked 
| 895|0x000000076fe00000, 0x000000076fe00000, 0x0000000770000000|  0%| F|  |TAMS 0x000000076fe00000| PB 0x000000076fe00000| Untracked 
| 896|0x0000000770000000, 0x0000000770000000, 0x0000000770200000|  0%| F|  |TAMS 0x0000000770000000| PB 0x0000000770000000| Untracked 
| 897|0x0000000770200000, 0x0000000770200000, 0x0000000770400000|  0%| F|  |TAMS 0x0000000770200000| PB 0x0000000770200000| Untracked 
| 898|0x0000000770400000, 0x0000000770400000, 0x0000000770600000|  0%| F|  |TAMS 0x0000000770400000| PB 0x0000000770400000| Untracked 
| 899|0x0000000770600000, 0x0000000770600000, 0x0000000770800000|  0%| F|  |TAMS 0x0000000770600000| PB 0x0000000770600000| Untracked 
| 900|0x0000000770800000, 0x0000000770800000, 0x0000000770a00000|  0%| F|  |TAMS 0x0000000770800000| PB 0x0000000770800000| Untracked 
| 901|0x0000000770a00000, 0x0000000770a00000, 0x0000000770c00000|  0%| F|  |TAMS 0x0000000770a00000| PB 0x0000000770a00000| Untracked 
| 902|0x0000000770c00000, 0x0000000770c00000, 0x0000000770e00000|  0%| F|  |TAMS 0x0000000770c00000| PB 0x0000000770c00000| Untracked 
| 903|0x0000000770e00000, 0x0000000770e00000, 0x0000000771000000|  0%| F|  |TAMS 0x0000000770e00000| PB 0x0000000770e00000| Untracked 
| 904|0x0000000771000000, 0x0000000771000000, 0x0000000771200000|  0%| F|  |TAMS 0x0000000771000000| PB 0x0000000771000000| Untracked 
| 905|0x0000000771200000, 0x0000000771200000, 0x0000000771400000|  0%| F|  |TAMS 0x0000000771200000| PB 0x0000000771200000| Untracked 
| 906|0x0000000771400000, 0x0000000771400000, 0x0000000771600000|  0%| F|  |TAMS 0x0000000771400000| PB 0x0000000771400000| Untracked 
| 907|0x0000000771600000, 0x0000000771600000, 0x0000000771800000|  0%| F|  |TAMS 0x0000000771600000| PB 0x0000000771600000| Untracked 
| 908|0x0000000771800000, 0x0000000771800000, 0x0000000771a00000|  0%| F|  |TAMS 0x0000000771800000| PB 0x0000000771800000| Untracked 
| 909|0x0000000771a00000, 0x0000000771a00000, 0x0000000771c00000|  0%| F|  |TAMS 0x0000000771a00000| PB 0x0000000771a00000| Untracked 
| 910|0x0000000771c00000, 0x0000000771c00000, 0x0000000771e00000|  0%| F|  |TAMS 0x0000000771c00000| PB 0x0000000771c00000| Untracked 
| 911|0x0000000771e00000, 0x0000000771e00000, 0x0000000772000000|  0%| F|  |TAMS 0x0000000771e00000| PB 0x0000000771e00000| Untracked 
| 912|0x0000000772000000, 0x0000000772000000, 0x0000000772200000|  0%| F|  |TAMS 0x0000000772000000| PB 0x0000000772000000| Untracked 
| 913|0x0000000772200000, 0x0000000772200000, 0x0000000772400000|  0%| F|  |TAMS 0x0000000772200000| PB 0x0000000772200000| Untracked 
| 914|0x0000000772400000, 0x0000000772400000, 0x0000000772600000|  0%| F|  |TAMS 0x0000000772400000| PB 0x0000000772400000| Untracked 
| 915|0x0000000772600000, 0x0000000772600000, 0x0000000772800000|  0%| F|  |TAMS 0x0000000772600000| PB 0x0000000772600000| Untracked 
| 916|0x0000000772800000, 0x0000000772800000, 0x0000000772a00000|  0%| F|  |TAMS 0x0000000772800000| PB 0x0000000772800000| Untracked 
| 917|0x0000000772a00000, 0x0000000772a00000, 0x0000000772c00000|  0%| F|  |TAMS 0x0000000772a00000| PB 0x0000000772a00000| Untracked 
| 918|0x0000000772c00000, 0x0000000772c00000, 0x0000000772e00000|  0%| F|  |TAMS 0x0000000772c00000| PB 0x0000000772c00000| Untracked 
| 919|0x0000000772e00000, 0x0000000772e00000, 0x0000000773000000|  0%| F|  |TAMS 0x0000000772e00000| PB 0x0000000772e00000| Untracked 
| 920|0x0000000773000000, 0x0000000773000000, 0x0000000773200000|  0%| F|  |TAMS 0x0000000773000000| PB 0x0000000773000000| Untracked 
| 921|0x0000000773200000, 0x0000000773200000, 0x0000000773400000|  0%| F|  |TAMS 0x0000000773200000| PB 0x0000000773200000| Untracked 
| 922|0x0000000773400000, 0x0000000773400000, 0x0000000773600000|  0%| F|  |TAMS 0x0000000773400000| PB 0x0000000773400000| Untracked 
| 923|0x0000000773600000, 0x0000000773600000, 0x0000000773800000|  0%| F|  |TAMS 0x0000000773600000| PB 0x0000000773600000| Untracked 
| 924|0x0000000773800000, 0x0000000773800000, 0x0000000773a00000|  0%| F|  |TAMS 0x0000000773800000| PB 0x0000000773800000| Untracked 
| 925|0x0000000773a00000, 0x0000000773a00000, 0x0000000773c00000|  0%| F|  |TAMS 0x0000000773a00000| PB 0x0000000773a00000| Untracked 
| 926|0x0000000773c00000, 0x0000000773c00000, 0x0000000773e00000|  0%| F|  |TAMS 0x0000000773c00000| PB 0x0000000773c00000| Untracked 
| 927|0x0000000773e00000, 0x0000000773e00000, 0x0000000774000000|  0%| F|  |TAMS 0x0000000773e00000| PB 0x0000000773e00000| Untracked 
| 928|0x0000000774000000, 0x0000000774000000, 0x0000000774200000|  0%| F|  |TAMS 0x0000000774000000| PB 0x0000000774000000| Untracked 
| 929|0x0000000774200000, 0x0000000774200000, 0x0000000774400000|  0%| F|  |TAMS 0x0000000774200000| PB 0x0000000774200000| Untracked 
| 930|0x0000000774400000, 0x0000000774400000, 0x0000000774600000|  0%| F|  |TAMS 0x0000000774400000| PB 0x0000000774400000| Untracked 
| 931|0x0000000774600000, 0x0000000774600000, 0x0000000774800000|  0%| F|  |TAMS 0x0000000774600000| PB 0x0000000774600000| Untracked 
| 932|0x0000000774800000, 0x0000000774800000, 0x0000000774a00000|  0%| F|  |TAMS 0x0000000774800000| PB 0x0000000774800000| Untracked 
| 933|0x0000000774a00000, 0x0000000774a00000, 0x0000000774c00000|  0%| F|  |TAMS 0x0000000774a00000| PB 0x0000000774a00000| Untracked 
| 934|0x0000000774c00000, 0x0000000774c00000, 0x0000000774e00000|  0%| F|  |TAMS 0x0000000774c00000| PB 0x0000000774c00000| Untracked 
| 935|0x0000000774e00000, 0x0000000774e00000, 0x0000000775000000|  0%| F|  |TAMS 0x0000000774e00000| PB 0x0000000774e00000| Untracked 
| 936|0x0000000775000000, 0x0000000775000000, 0x0000000775200000|  0%| F|  |TAMS 0x0000000775000000| PB 0x0000000775000000| Untracked 
| 937|0x0000000775200000, 0x0000000775200000, 0x0000000775400000|  0%| F|  |TAMS 0x0000000775200000| PB 0x0000000775200000| Untracked 
| 938|0x0000000775400000, 0x0000000775400000, 0x0000000775600000|  0%| F|  |TAMS 0x0000000775400000| PB 0x0000000775400000| Untracked 
| 939|0x0000000775600000, 0x0000000775600000, 0x0000000775800000|  0%| F|  |TAMS 0x0000000775600000| PB 0x0000000775600000| Untracked 
| 940|0x0000000775800000, 0x0000000775800000, 0x0000000775a00000|  0%| F|  |TAMS 0x0000000775800000| PB 0x0000000775800000| Untracked 
| 941|0x0000000775a00000, 0x0000000775a00000, 0x0000000775c00000|  0%| F|  |TAMS 0x0000000775a00000| PB 0x0000000775a00000| Untracked 
| 942|0x0000000775c00000, 0x0000000775c00000, 0x0000000775e00000|  0%| F|  |TAMS 0x0000000775c00000| PB 0x0000000775c00000| Untracked 
| 943|0x0000000775e00000, 0x0000000775e00000, 0x0000000776000000|  0%| F|  |TAMS 0x0000000775e00000| PB 0x0000000775e00000| Untracked 
|1977|0x00000007f7200000, 0x00000007f7200000, 0x00000007f7400000|  0%| F|  |TAMS 0x00000007f7200000| PB 0x00000007f7200000| Untracked 
|1978|0x00000007f7400000, 0x00000007f7400000, 0x00000007f7600000|  0%| F|  |TAMS 0x00000007f7400000| PB 0x00000007f7400000| Untracked 
|1979|0x00000007f7600000, 0x00000007f7600000, 0x00000007f7800000|  0%| F|  |TAMS 0x00000007f7600000| PB 0x00000007f7600000| Untracked 
|1980|0x00000007f7800000, 0x00000007f7800000, 0x00000007f7a00000|  0%| F|  |TAMS 0x00000007f7800000| PB 0x00000007f7800000| Untracked 
|1981|0x00000007f7a00000, 0x00000007f7a00000, 0x00000007f7c00000|  0%| F|  |TAMS 0x00000007f7a00000| PB 0x00000007f7a00000| Untracked 
|1982|0x00000007f7c00000, 0x00000007f7c00000, 0x00000007f7e00000|  0%| F|  |TAMS 0x00000007f7c00000| PB 0x00000007f7c00000| Untracked 
|1983|0x00000007f7e00000, 0x00000007f7e00000, 0x00000007f8000000|  0%| F|  |TAMS 0x00000007f7e00000| PB 0x00000007f7e00000| Untracked 
|1984|0x00000007f8000000, 0x00000007f8000000, 0x00000007f8200000|  0%| F|  |TAMS 0x00000007f8000000| PB 0x00000007f8000000| Untracked 
|1985|0x00000007f8200000, 0x00000007f8200000, 0x00000007f8400000|  0%| F|  |TAMS 0x00000007f8200000| PB 0x00000007f8200000| Untracked 
|1986|0x00000007f8400000, 0x00000007f8400000, 0x00000007f8600000|  0%| F|  |TAMS 0x00000007f8400000| PB 0x00000007f8400000| Untracked 
|1987|0x00000007f8600000, 0x00000007f8600000, 0x00000007f8800000|  0%| F|  |TAMS 0x00000007f8600000| PB 0x00000007f8600000| Untracked 
|1988|0x00000007f8800000, 0x00000007f8800000, 0x00000007f8a00000|  0%| F|  |TAMS 0x00000007f8800000| PB 0x00000007f8800000| Untracked 
|1989|0x00000007f8a00000, 0x00000007f8a00000, 0x00000007f8c00000|  0%| F|  |TAMS 0x00000007f8a00000| PB 0x00000007f8a00000| Untracked 
|1990|0x00000007f8c00000, 0x00000007f8c00000, 0x00000007f8e00000|  0%| F|  |TAMS 0x00000007f8c00000| PB 0x00000007f8c00000| Untracked 
|1991|0x00000007f8e00000, 0x00000007f8e00000, 0x00000007f9000000|  0%| F|  |TAMS 0x00000007f8e00000| PB 0x00000007f8e00000| Untracked 
|1992|0x00000007f9000000, 0x00000007f9000000, 0x00000007f9200000|  0%| F|  |TAMS 0x00000007f9000000| PB 0x00000007f9000000| Untracked 
|1993|0x00000007f9200000, 0x00000007f9200000, 0x00000007f9400000|  0%| F|  |TAMS 0x00000007f9200000| PB 0x00000007f9200000| Untracked 
|1994|0x00000007f9400000, 0x00000007f9400000, 0x00000007f9600000|  0%| F|  |TAMS 0x00000007f9400000| PB 0x00000007f9400000| Untracked 
|1995|0x00000007f9600000, 0x00000007f9600000, 0x00000007f9800000|  0%| F|  |TAMS 0x00000007f9600000| PB 0x00000007f9600000| Untracked 
|1996|0x00000007f9800000, 0x00000007f9800000, 0x00000007f9a00000|  0%| F|  |TAMS 0x00000007f9800000| PB 0x00000007f9800000| Untracked 
|1997|0x00000007f9a00000, 0x00000007f9bf14c0, 0x00000007f9c00000| 97%| O|  |TAMS 0x00000007f9bf14c0| PB 0x00000007f9a00000| Untracked 
|1998|0x00000007f9c00000, 0x00000007f9e00000, 0x00000007f9e00000|100%| O|  |TAMS 0x00000007f9e00000| PB 0x00000007f9c00000| Untracked 
|1999|0x00000007f9e00000, 0x00000007fa000000, 0x00000007fa000000|100%| O|  |TAMS 0x00000007fa000000| PB 0x00000007f9e00000| Untracked 
|2000|0x00000007fa000000, 0x00000007fa200000, 0x00000007fa200000|100%| O|  |TAMS 0x00000007fa200000| PB 0x00000007fa000000| Untracked 
|2001|0x00000007fa200000, 0x00000007fa400000, 0x00000007fa400000|100%| O|  |TAMS 0x00000007fa400000| PB 0x00000007fa200000| Untracked 
|2002|0x00000007fa400000, 0x00000007fa600000, 0x00000007fa600000|100%| O|  |TAMS 0x00000007fa600000| PB 0x00000007fa400000| Untracked 
|2003|0x00000007fa600000, 0x00000007fa800000, 0x00000007fa800000|100%| O|  |TAMS 0x00000007fa800000| PB 0x00000007fa600000| Untracked 
|2004|0x00000007fa800000, 0x00000007faa00000, 0x00000007faa00000|100%| O|  |TAMS 0x00000007faa00000| PB 0x00000007fa800000| Untracked 
|2005|0x00000007faa00000, 0x00000007fac00000, 0x00000007fac00000|100%| O|  |TAMS 0x00000007fac00000| PB 0x00000007faa00000| Untracked 
|2006|0x00000007fac00000, 0x00000007fae00000, 0x00000007fae00000|100%| O|  |TAMS 0x00000007fae00000| PB 0x00000007fac00000| Untracked 
|2007|0x00000007fae00000, 0x00000007fb000000, 0x00000007fb000000|100%| O|  |TAMS 0x00000007fb000000| PB 0x00000007fae00000| Untracked 
|2008|0x00000007fb000000, 0x00000007fb200000, 0x00000007fb200000|100%| O|  |TAMS 0x00000007fb200000| PB 0x00000007fb000000| Untracked 
|2009|0x00000007fb200000, 0x00000007fb400000, 0x00000007fb400000|100%| O|  |TAMS 0x00000007fb400000| PB 0x00000007fb200000| Untracked 
|2010|0x00000007fb400000, 0x00000007fb600000, 0x00000007fb600000|100%| O|  |TAMS 0x00000007fb600000| PB 0x00000007fb400000| Untracked 
|2011|0x00000007fb600000, 0x00000007fb800000, 0x00000007fb800000|100%| O|  |TAMS 0x00000007fb800000| PB 0x00000007fb600000| Untracked 
|2012|0x00000007fb800000, 0x00000007fba00000, 0x00000007fba00000|100%| O|  |TAMS 0x00000007fba00000| PB 0x00000007fb800000| Untracked 
|2013|0x00000007fba00000, 0x00000007fbc00000, 0x00000007fbc00000|100%| O|  |TAMS 0x00000007fbc00000| PB 0x00000007fba00000| Untracked 
|2014|0x00000007fbc00000, 0x00000007fbe00000, 0x00000007fbe00000|100%| O|  |TAMS 0x00000007fbe00000| PB 0x00000007fbc00000| Untracked 
|2015|0x00000007fbe00000, 0x00000007fc000000, 0x00000007fc000000|100%| O|  |TAMS 0x00000007fc000000| PB 0x00000007fbe00000| Untracked 
|2016|0x00000007fc000000, 0x00000007fc200000, 0x00000007fc200000|100%| O|  |TAMS 0x00000007fc200000| PB 0x00000007fc000000| Untracked 
|2017|0x00000007fc200000, 0x00000007fc400000, 0x00000007fc400000|100%| O|  |TAMS 0x00000007fc400000| PB 0x00000007fc200000| Untracked 
|2018|0x00000007fc400000, 0x00000007fc600000, 0x00000007fc600000|100%| O|  |TAMS 0x00000007fc600000| PB 0x00000007fc400000| Untracked 
|2019|0x00000007fc600000, 0x00000007fc600000, 0x00000007fc800000|  0%| F|  |TAMS 0x00000007fc600000| PB 0x00000007fc600000| Untracked 
|2020|0x00000007fc800000, 0x00000007fc800000, 0x00000007fca00000|  0%| F|  |TAMS 0x00000007fc800000| PB 0x00000007fc800000| Untracked 
|2021|0x00000007fca00000, 0x00000007fcb00000, 0x00000007fcc00000| 50%| E|  |TAMS 0x00000007fca00000| PB 0x00000007fca00000| Complete 
|2022|0x00000007fcc00000, 0x00000007fce00000, 0x00000007fce00000|100%| O|  |TAMS 0x00000007fce00000| PB 0x00000007fcc00000| Untracked 
|2023|0x00000007fce00000, 0x00000007fd000000, 0x00000007fd000000|100%| O|  |TAMS 0x00000007fd000000| PB 0x00000007fce00000| Untracked 
|2024|0x00000007fd000000, 0x00000007fd200000, 0x00000007fd200000|100%| O|  |TAMS 0x00000007fd200000| PB 0x00000007fd000000| Untracked 
|2025|0x00000007fd200000, 0x00000007fd400000, 0x00000007fd400000|100%| E|CS|TAMS 0x00000007fd200000| PB 0x00000007fd200000| Complete 
|2026|0x00000007fd400000, 0x00000007fd600000, 0x00000007fd600000|100%| E|  |TAMS 0x00000007fd400000| PB 0x00000007fd400000| Complete 
|2027|0x00000007fd600000, 0x00000007fd800000, 0x00000007fd800000|100%| O|  |TAMS 0x00000007fd800000| PB 0x00000007fd600000| Untracked 
|2028|0x00000007fd800000, 0x00000007fda00000, 0x00000007fda00000|100%| O|  |TAMS 0x00000007fda00000| PB 0x00000007fd800000| Untracked 
|2029|0x00000007fda00000, 0x00000007fdc00000, 0x00000007fdc00000|100%| O|  |TAMS 0x00000007fdc00000| PB 0x00000007fda00000| Untracked 
|2030|0x00000007fdc00000, 0x00000007fde00000, 0x00000007fde00000|100%| O|  |TAMS 0x00000007fde00000| PB 0x00000007fdc00000| Untracked 
|2031|0x00000007fde00000, 0x00000007fe000000, 0x00000007fe000000|100%| O|  |TAMS 0x00000007fe000000| PB 0x00000007fde00000| Untracked 
|2032|0x00000007fe000000, 0x00000007fe200000, 0x00000007fe200000|100%| O|  |TAMS 0x00000007fe200000| PB 0x00000007fe000000| Untracked 
|2033|0x00000007fe200000, 0x00000007fe400000, 0x00000007fe400000|100%| O|  |TAMS 0x00000007fe400000| PB 0x00000007fe200000| Untracked 
|2034|0x00000007fe400000, 0x00000007fe600000, 0x00000007fe600000|100%| E|CS|TAMS 0x00000007fe400000| PB 0x00000007fe400000| Complete 
|2035|0x00000007fe600000, 0x00000007fe800000, 0x00000007fe800000|100%| E|CS|TAMS 0x00000007fe600000| PB 0x00000007fe600000| Complete 
|2036|0x00000007fe800000, 0x00000007fea00000, 0x00000007fea00000|100%| O|  |TAMS 0x00000007fea00000| PB 0x00000007fe800000| Untracked 
|2037|0x00000007fea00000, 0x00000007fec00000, 0x00000007fec00000|100%| O|  |TAMS 0x00000007fec00000| PB 0x00000007fea00000| Untracked 
|2038|0x00000007fec00000, 0x00000007fee00000, 0x00000007fee00000|100%| O|  |TAMS 0x00000007fee00000| PB 0x00000007fec00000| Untracked 
|2039|0x00000007fee00000, 0x00000007ff000000, 0x00000007ff000000|100%| O|  |TAMS 0x00000007ff000000| PB 0x00000007fee00000| Untracked 
|2040|0x00000007ff000000, 0x00000007ff200000, 0x00000007ff200000|100%| O|  |TAMS 0x00000007ff200000| PB 0x00000007ff000000| Untracked 
|2041|0x00000007ff200000, 0x00000007ff400000, 0x00000007ff400000|100%| O|  |TAMS 0x00000007ff400000| PB 0x00000007ff200000| Untracked 
|2042|0x00000007ff400000, 0x00000007ff600000, 0x00000007ff600000|100%| O|  |TAMS 0x00000007ff600000| PB 0x00000007ff400000| Untracked 
|2043|0x00000007ff600000, 0x00000007ff800000, 0x00000007ff800000|100%| E|CS|TAMS 0x00000007ff600000| PB 0x00000007ff600000| Complete 
|2044|0x00000007ff800000, 0x00000007ffa00000, 0x00000007ffa00000|100%| O|  |TAMS 0x00000007ffa00000| PB 0x00000007ff800000| Untracked 
|2045|0x00000007ffa00000, 0x00000007ffc00000, 0x00000007ffc00000|100%| O|  |TAMS 0x00000007ffc00000| PB 0x00000007ffa00000| Untracked 
|2046|0x00000007ffc00000, 0x00000007ffe00000, 0x00000007ffe00000|100%| O|  |TAMS 0x00000007ffe00000| PB 0x00000007ffc00000| Untracked 
|2047|0x00000007ffe00000, 0x0000000800000000, 0x0000000800000000|100%| O|  |TAMS 0x0000000800000000| PB 0x00000007ffe00000| Untracked 

Card table byte_map: [0x00000258ad840000,0x00000258ae040000] _byte_map_base: 0x00000258aa040000

Marking Bits: (CMBitMap*) 0x0000025895428170
 Bits: [0x00000258ae040000, 0x00000258b2040000)

Polling page: 0x00000258931a0000

Metaspace:

Usage:
  Non-class:    423.82 MB used.
      Class:     61.75 MB used.
       Both:    485.56 MB used.

Virtual space:
  Non-class space:      448.00 MB reserved,     426.06 MB ( 95%) committed,  7 nodes.
      Class space:        1.00 GB reserved,      64.12 MB (  6%) committed,  1 nodes.
             Both:        1.44 GB reserved,     490.19 MB ( 33%) committed. 

Chunk freelists:
   Non-Class:  5.19 MB
       Class:  15.91 MB
        Both:  21.09 MB

MaxMetaspaceSize: unlimited
CompressedClassSpaceSize: 1.00 GB
Initial GC threshold: 21.00 MB
Current GC threshold: 816.88 MB
CDS: on
 - commit_granule_bytes: 65536.
 - commit_granule_words: 8192.
 - virtual_space_node_default_size: 8388608.
 - enlarge_chunks_in_place: 1.
 - use_allocation_guard: 0.


Internal statistics:

num_allocs_failed_limit: 9.
num_arena_births: 9118.
num_arena_deaths: 70.
num_vsnodes_births: 8.
num_vsnodes_deaths: 0.
num_space_committed: 7831.
num_space_uncommitted: 0.
num_chunks_returned_to_freelist: 117.
num_chunks_taken_from_freelist: 30404.
num_chunk_merges: 28.
num_chunk_splits: 21424.
num_chunks_enlarged: 15447.
num_inconsistent_stats: 0.

CodeHeap 'non-profiled nmethods': size=120000Kb used=11529Kb max_used=36846Kb free=108470Kb
 bounds [0x00000258a55c0000, 0x00000258a79c0000, 0x00000258acaf0000]
CodeHeap 'profiled nmethods': size=120000Kb used=18853Kb max_used=88412Kb free=101146Kb
 bounds [0x000002589daf0000, 0x00000258a3150000, 0x00000258a5020000]
CodeHeap 'non-nmethods': size=5760Kb used=2648Kb max_used=2775Kb free=3111Kb
 bounds [0x00000258a5020000, 0x00000258a52f0000, 0x00000258a55c0000]
CodeCache: size=245760Kb, used=33030Kb, max_used=128033Kb, free=212727Kb
 total_blobs=11400, nmethods=9988, adapters=1311, full_count=0
Compilation: enabled, stopped_count=0, restarted_count=0

Compilation events (20 events):
Event: 2095.288 Thread 0x00000258fa0206d0 nmethod 104803 0x000002589f2a7f10 code [0x000002589f2a80c0, 0x000002589f2a82e0]
Event: 2095.288 Thread 0x00000258fa0206d0 104804       3       com.android.tools.r8.graph.j3$$Lambda/0x00000258b9fcb390::apply (8 bytes)
Event: 2095.288 Thread 0x00000258fa0206d0 nmethod 104804 0x000002589e801810 code [0x000002589e8019c0, 0x000002589e801ca0]
Event: 2095.288 Thread 0x00000258fa0206d0 104805       3       com.android.tools.r8.graph.j3$$Lambda/0x00000258b9fca858::apply (8 bytes)
Event: 2095.288 Thread 0x00000258fa0206d0 nmethod 104805 0x000002589f300790 code [0x000002589f300940, 0x000002589f300b60]
Event: 2095.288 Thread 0x00000258fa0206d0 104806       3       com.android.tools.r8.graph.j3$$Lambda/0x00000258b9fcaa98::test (11 bytes)
Event: 2095.289 Thread 0x00000258fa0206d0 nmethod 104806 0x000002589eac6490 code [0x000002589eac6640, 0x000002589eac68e8]
Event: 2095.289 Thread 0x00000258fa0206d0 104807       3       com.android.tools.r8.graph.ac$$Lambda/0x00000258b9fca3f8::apply (8 bytes)
Event: 2095.289 Thread 0x00000258fa0206d0 nmethod 104807 0x000002589f380f10 code [0x000002589f3810c0, 0x000002589f3812e0]
Event: 2095.289 Thread 0x00000258fa0206d0 104808       3       com.android.tools.r8.graph.ac$$Lambda/0x00000258b9fca1d8::a (5 bytes)
Event: 2095.290 Thread 0x00000258fa0206d0 nmethod 104808 0x000002589db11410 code [0x000002589db11700, 0x000002589db12810]
Event: 2095.290 Thread 0x00000258fa0206d0 104809       3       com.android.tools.r8.internal.p54::a (13 bytes)
Event: 2095.290 Thread 0x00000258fa0206d0 nmethod 104809 0x000002589ed2f410 code [0x000002589ed2f5e0, 0x000002589ed2f958]
Event: 2095.290 Thread 0x00000258fa0206d0 104813       3       com.android.tools.r8.graph.j3::p (6 bytes)
Event: 2095.290 Thread 0x00000258fa0206d0 nmethod 104813 0x000002589f4f3b10 code [0x000002589f4f3cc0, 0x000002589f4f3f18]
Event: 2095.290 Thread 0x00000258fa0206d0 104810       3       com.android.tools.r8.graph.i1::x0 (5 bytes)
Event: 2095.291 Thread 0x00000258fa0206d0 nmethod 104810 0x000002589f282490 code [0x000002589f282640, 0x000002589f282848]
Event: 2095.291 Thread 0x00000258fa0206d0 104811       3       com.android.tools.r8.graph.ac::p (6 bytes)
Event: 2095.291 Thread 0x00000258fa0206d0 nmethod 104811 0x000002589f705090 code [0x000002589f705240, 0x000002589f705498]
Event: 2095.291 Thread 0x00000258fa0206d0 104814       3       com.android.tools.r8.graph.j3$$Lambda/0x00000258b9fcba10::a (9 bytes)

GC Heap History (20 events):
Event: 2088.099 GC heap before
{Heap before GC invocations=179 (full 0):
 garbage-first heap   total 1554432K, used 1400832K [0x0000000700000000, 0x0000000800000000)
  region size 2048K, 410 young (839680K), 39 survivors (79872K)
 Metaspace       used 495628K, committed 500416K, reserved 1507328K
  class space    used 63148K, committed 65600K, reserved 1048576K
}
Event: 2088.145 GC heap after
{Heap after GC invocations=180 (full 0):
 garbage-first heap   total 1554432K, used 661504K [0x0000000700000000, 0x0000000800000000)
  region size 2048K, 20 young (40960K), 20 survivors (40960K)
 Metaspace       used 495628K, committed 500416K, reserved 1507328K
  class space    used 63148K, committed 65600K, reserved 1048576K
}
Event: 2088.794 GC heap before
{Heap before GC invocations=180 (full 0):
 garbage-first heap   total 1554432K, used 1409024K [0x0000000700000000, 0x0000000800000000)
  region size 2048K, 386 young (790528K), 20 survivors (40960K)
 Metaspace       used 496035K, committed 500800K, reserved 1507328K
  class space    used 63153K, committed 65600K, reserved 1048576K
}
Event: 2088.821 GC heap after
{Heap after GC invocations=181 (full 0):
 garbage-first heap   total 1554432K, used 691090K [0x0000000700000000, 0x0000000800000000)
  region size 2048K, 34 young (69632K), 34 survivors (69632K)
 Metaspace       used 496035K, committed 500800K, reserved 1507328K
  class space    used 63153K, committed 65600K, reserved 1048576K
}
Event: 2089.694 GC heap before
{Heap before GC invocations=182 (full 0):
 garbage-first heap   total 1554432K, used 1416082K [0x0000000700000000, 0x0000000800000000)
  region size 2048K, 392 young (802816K), 34 survivors (69632K)
 Metaspace       used 496308K, committed 501120K, reserved 1507328K
  class space    used 63158K, committed 65600K, reserved 1048576K
}
Event: 2089.728 GC heap after
{Heap after GC invocations=183 (full 0):
 garbage-first heap   total 1554432K, used 700416K [0x0000000700000000, 0x0000000800000000)
  region size 2048K, 25 young (51200K), 25 survivors (51200K)
 Metaspace       used 496308K, committed 501120K, reserved 1507328K
  class space    used 63158K, committed 65600K, reserved 1048576K
}
Event: 2090.217 GC heap before
{Heap before GC invocations=183 (full 0):
 garbage-first heap   total 1554432K, used 1437696K [0x0000000700000000, 0x0000000800000000)
  region size 2048K, 386 young (790528K), 25 survivors (51200K)
 Metaspace       used 496529K, committed 501312K, reserved 1507328K
  class space    used 63172K, committed 65600K, reserved 1048576K
}
Event: 2090.239 GC heap after
{Heap after GC invocations=184 (full 0):
 garbage-first heap   total 1554432K, used 676537K [0x0000000700000000, 0x0000000800000000)
  region size 2048K, 25 young (51200K), 25 survivors (51200K)
 Metaspace       used 496529K, committed 501312K, reserved 1507328K
  class space    used 63172K, committed 65600K, reserved 1048576K
}
Event: 2090.826 GC heap before
{Heap before GC invocations=184 (full 0):
 garbage-first heap   total 1554432K, used 1454777K [0x0000000700000000, 0x0000000800000000)
  region size 2048K, 406 young (831488K), 25 survivors (51200K)
 Metaspace       used 496774K, committed 501504K, reserved 1507328K
  class space    used 63184K, committed 65600K, reserved 1048576K
}
Event: 2090.853 GC heap after
{Heap after GC invocations=185 (full 0):
 garbage-first heap   total 1554432K, used 694885K [0x0000000700000000, 0x0000000800000000)
  region size 2048K, 34 young (69632K), 34 survivors (69632K)
 Metaspace       used 496774K, committed 501504K, reserved 1507328K
  class space    used 63184K, committed 65600K, reserved 1048576K
}
Event: 2091.725 GC heap before
{Heap before GC invocations=186 (full 0):
 garbage-first heap   total 1554432K, used 1460837K [0x0000000700000000, 0x0000000800000000)
  region size 2048K, 408 young (835584K), 34 survivors (69632K)
 Metaspace       used 496852K, committed 501568K, reserved 1507328K
  class space    used 63191K, committed 65600K, reserved 1048576K
}
Event: 2091.753 GC heap after
{Heap after GC invocations=187 (full 0):
 garbage-first heap   total 1554432K, used 704684K [0x0000000700000000, 0x0000000800000000)
  region size 2048K, 26 young (53248K), 26 survivors (53248K)
 Metaspace       used 496852K, committed 501568K, reserved 1507328K
  class space    used 63191K, committed 65600K, reserved 1048576K
}
Event: 2092.333 GC heap before
{Heap before GC invocations=187 (full 0):
 garbage-first heap   total 1554432K, used 1468588K [0x0000000700000000, 0x0000000800000000)
  region size 2048K, 400 young (819200K), 26 survivors (53248K)
 Metaspace       used 497004K, committed 501760K, reserved 1507328K
  class space    used 63212K, committed 65664K, reserved 1048576K
}
Event: 2092.364 GC heap after
{Heap after GC invocations=188 (full 0):
 garbage-first heap   total 1996800K, used 687104K [0x0000000700000000, 0x0000000800000000)
  region size 2048K, 26 young (53248K), 26 survivors (53248K)
 Metaspace       used 497004K, committed 501760K, reserved 1507328K
  class space    used 63212K, committed 65664K, reserved 1048576K
}
Event: 2093.030 GC heap before
{Heap before GC invocations=188 (full 0):
 garbage-first heap   total 1996800K, used 1543168K [0x0000000700000000, 0x0000000800000000)
  region size 2048K, 446 young (913408K), 26 survivors (53248K)
 Metaspace       used 497101K, committed 501888K, reserved 1507328K
  class space    used 63224K, committed 65664K, reserved 1048576K
}
Event: 2093.064 GC heap after
{Heap after GC invocations=189 (full 0):
 garbage-first heap   total 1996800K, used 711619K [0x0000000700000000, 0x0000000800000000)
  region size 2048K, 38 young (77824K), 38 survivors (77824K)
 Metaspace       used 497101K, committed 501888K, reserved 1507328K
  class space    used 63224K, committed 65664K, reserved 1048576K
}
Event: 2094.102 GC heap before
{Heap before GC invocations=190 (full 0):
 garbage-first heap   total 1996800K, used 1831875K [0x0000000700000000, 0x0000000800000000)
  region size 2048K, 585 young (1198080K), 38 survivors (77824K)
 Metaspace       used 497155K, committed 501952K, reserved 1507328K
  class space    used 63225K, committed 65664K, reserved 1048576K
}
Event: 2094.160 GC heap after
{Heap after GC invocations=191 (full 0):
 garbage-first heap   total 2021376K, used 821447K [0x0000000700000000, 0x0000000800000000)
  region size 2048K, 74 young (151552K), 74 survivors (151552K)
 Metaspace       used 497155K, committed 501952K, reserved 1507328K
  class space    used 63225K, committed 65664K, reserved 1048576K
}
Event: 2094.726 GC heap before
{Heap before GC invocations=191 (full 0):
 garbage-first heap   total 2021376K, used 1843399K [0x0000000700000000, 0x0000000800000000)
  region size 2048K, 574 young (1175552K), 74 survivors (151552K)
 Metaspace       used 497176K, committed 501952K, reserved 1507328K
  class space    used 63225K, committed 65664K, reserved 1048576K
}
Event: 2094.808 GC heap after
{Heap after GC invocations=192 (full 0):
 garbage-first heap   total 2078720K, used 867269K [0x0000000700000000, 0x0000000800000000)
  region size 2048K, 33 young (67584K), 33 survivors (67584K)
 Metaspace       used 497176K, committed 501952K, reserved 1507328K
  class space    used 63225K, committed 65664K, reserved 1048576K
}

Dll operation events (16 events):
Event: 0.012 Loaded shared library D:\.gradle\jdks\amazon_com_inc_-21-amd64-windows.2\bin\java.dll
Event: 0.053 Loaded shared library D:\.gradle\jdks\amazon_com_inc_-21-amd64-windows.2\bin\jsvml.dll
Event: 0.099 Loaded shared library D:\.gradle\jdks\amazon_com_inc_-21-amd64-windows.2\bin\zip.dll
Event: 0.102 Loaded shared library D:\.gradle\jdks\amazon_com_inc_-21-amd64-windows.2\bin\instrument.dll
Event: 0.106 Loaded shared library D:\.gradle\jdks\amazon_com_inc_-21-amd64-windows.2\bin\net.dll
Event: 0.108 Loaded shared library D:\.gradle\jdks\amazon_com_inc_-21-amd64-windows.2\bin\nio.dll
Event: 0.110 Loaded shared library D:\.gradle\jdks\amazon_com_inc_-21-amd64-windows.2\bin\zip.dll
Event: 0.315 Loaded shared library D:\.gradle\jdks\amazon_com_inc_-21-amd64-windows.2\bin\jimage.dll
Event: 0.532 Loaded shared library D:\.gradle\jdks\amazon_com_inc_-21-amd64-windows.2\bin\verify.dll
Event: 0.563 Loaded shared library D:\.gradle\native\1def1411415f61bf3af743bc5b6707747c0891f09f0c88961ee8f79bc544acac\windows-amd64\native-platform.dll
Event: 0.572 Loaded shared library D:\.gradle\native\0.2.8\x86_64-windows-gnu\gradle-fileevents.dll
Event: 1.432 Loaded shared library D:\.gradle\jdks\amazon_com_inc_-21-amd64-windows.2\bin\management.dll
Event: 1.438 Loaded shared library D:\.gradle\jdks\amazon_com_inc_-21-amd64-windows.2\bin\management_ext.dll
Event: 1.623 Loaded shared library D:\.gradle\jdks\amazon_com_inc_-21-amd64-windows.2\bin\extnet.dll
Event: 1.901 Loaded shared library D:\.gradle\jdks\amazon_com_inc_-21-amd64-windows.2\bin\sunmscapi.dll
Event: 612.851 Loaded shared library D:\.gradle\jdks\amazon_com_inc_-21-amd64-windows.2\bin\rmi.dll

Deoptimization events (20 events):
Event: 2095.232 Thread 0x0000025883863410 DEOPT PACKING pc=0x00000258a0c2a18b sp=0x000000dbbdff96b0
Event: 2095.232 Thread 0x0000025883863410 DEOPT UNPACKING pc=0x00000258a5074bc2 sp=0x000000dbbdff8da8 mode 0
Event: 2095.239 Thread 0x0000025883863410 DEOPT PACKING pc=0x00000258a0c2a073 sp=0x000000dbbdff93c0
Event: 2095.239 Thread 0x0000025883863410 DEOPT UNPACKING pc=0x00000258a5074bc2 sp=0x000000dbbdff8ab0 mode 0
Event: 2095.248 Thread 0x0000025883860620 DEOPT PACKING pc=0x00000258a0c2a073 sp=0x000000dbbd6f9870
Event: 2095.248 Thread 0x0000025883860620 DEOPT UNPACKING pc=0x00000258a5074bc2 sp=0x000000dbbd6f8f60 mode 0
Event: 2095.251 Thread 0x0000025883860620 DEOPT PACKING pc=0x000002589e5b458c sp=0x000000dbbd6f94a0
Event: 2095.251 Thread 0x0000025883860620 DEOPT UNPACKING pc=0x00000258a5074bc2 sp=0x000000dbbd6f8978 mode 0
Event: 2095.251 Thread 0x0000025883860620 DEOPT PACKING pc=0x00000258a2fd15aa sp=0x000000dbbd6f9800
Event: 2095.251 Thread 0x0000025883860620 DEOPT UNPACKING pc=0x00000258a5074bc2 sp=0x000000dbbd6f8f60 mode 0
Event: 2095.255 Thread 0x0000025883860620 DEOPT PACKING pc=0x00000258a2fd16c7 sp=0x000000dbbd6f9800
Event: 2095.256 Thread 0x0000025883860620 DEOPT UNPACKING pc=0x00000258a5074bc2 sp=0x000000dbbd6f8f68 mode 0
Event: 2095.268 Thread 0x0000025883863410 DEOPT PACKING pc=0x00000258a0c2a073 sp=0x000000dbbdff93c0
Event: 2095.268 Thread 0x0000025883863410 DEOPT UNPACKING pc=0x00000258a5074bc2 sp=0x000000dbbdff8ab0 mode 0
Event: 2095.273 Thread 0x0000025883860620 DEOPT PACKING pc=0x000002589fb803fb sp=0x000000dbbd6f9840
Event: 2095.273 Thread 0x0000025883860620 DEOPT UNPACKING pc=0x00000258a5074bc2 sp=0x000000dbbd6f8f38 mode 0
Event: 2095.281 Thread 0x0000025883860620 DEOPT PACKING pc=0x000002589e34af5d sp=0x000000dbbd6f9cc0
Event: 2095.281 Thread 0x0000025883860620 DEOPT UNPACKING pc=0x00000258a5074bc2 sp=0x000000dbbd6f9240 mode 0
Event: 2095.287 Thread 0x00000258838747b0 DEOPT PACKING pc=0x00000258a0c2a073 sp=0x000000dbc01f9550
Event: 2095.287 Thread 0x00000258838747b0 DEOPT UNPACKING pc=0x00000258a5074bc2 sp=0x000000dbc01f8c40 mode 0

Classes loaded (20 events):
Event: 1504.616 Loading class sun/security/ssl/PreSharedKeyExtension$CHPreSharedKeySpec
Event: 1504.617 Loading class sun/security/ssl/PreSharedKeyExtension$CHPreSharedKeySpec done
Event: 1504.617 Loading class sun/security/ssl/PreSharedKeyExtension$PartialClientHelloMessage
Event: 1504.617 Loading class sun/security/ssl/PreSharedKeyExtension$PartialClientHelloMessage done
Event: 1504.617 Loading class sun/security/ssl/SSLEngineOutputRecord
Event: 1504.618 Loading class sun/security/ssl/SSLEngineOutputRecord done
Event: 1504.618 Loading class sun/security/ssl/SSLEngineOutputRecord$HandshakeFragment
Event: 1504.619 Loading class sun/security/ssl/SSLEngineOutputRecord$HandshakeFragment done
Event: 1504.619 Loading class sun/security/ssl/SSLEngineOutputRecord$HandshakeMemo
Event: 1504.619 Loading class sun/security/ssl/SSLEngineOutputRecord$RecordMemo
Event: 1504.619 Loading class sun/security/ssl/SSLEngineOutputRecord$RecordMemo done
Event: 1504.619 Loading class sun/security/ssl/SSLEngineOutputRecord$HandshakeMemo done
Event: 1504.839 Loading class sun/security/ssl/PreSharedKeyExtension$SHPreSharedKeySpec
Event: 1504.840 Loading class sun/security/ssl/PreSharedKeyExtension$SHPreSharedKeySpec done
Event: 1507.651 Loading class java/util/jar/JarOutputStream
Event: 1507.652 Loading class java/util/jar/JarOutputStream done
Event: 1510.451 Loading class java/util/zip/ZipOutputStream$XEntry
Event: 1510.451 Loading class java/util/zip/ZipOutputStream$XEntry done
Event: 1593.096 Loading class com/sun/org/apache/xerces/internal/dom/DeferredCommentImpl
Event: 1593.097 Loading class com/sun/org/apache/xerces/internal/dom/DeferredCommentImpl done

Classes unloaded (20 events):
Event: 568.031 Thread 0x00000258b4aa3ad0 Unloading class 0x00000258b79c5c00 'java/lang/invoke/LambdaForm$MH+0x00000258b79c5c00'
Event: 568.031 Thread 0x00000258b4aa3ad0 Unloading class 0x00000258b79c4c00 'java/lang/invoke/LambdaForm$MH+0x00000258b79c4c00'
Event: 568.031 Thread 0x00000258b4aa3ad0 Unloading class 0x00000258b79c5000 'java/lang/invoke/LambdaForm$MH+0x00000258b79c5000'
Event: 568.031 Thread 0x00000258b4aa3ad0 Unloading class 0x00000258b79c4000 'java/lang/invoke/LambdaForm$DMH+0x00000258b79c4000'
Event: 568.031 Thread 0x00000258b4aa3ad0 Unloading class 0x00000258b79c3c00 'java/lang/invoke/LambdaForm$MH+0x00000258b79c3c00'
Event: 568.031 Thread 0x00000258b4aa3ad0 Unloading class 0x00000258b79c3800 'java/lang/invoke/LambdaForm$DMH+0x00000258b79c3800'
Event: 568.031 Thread 0x00000258b4aa3ad0 Unloading class 0x00000258b79c2c00 'java/lang/invoke/LambdaForm$MH+0x00000258b79c2c00'
Event: 568.031 Thread 0x00000258b4aa3ad0 Unloading class 0x00000258b79c2000 'java/lang/invoke/LambdaForm$MH+0x00000258b79c2000'
Event: 568.031 Thread 0x00000258b4aa3ad0 Unloading class 0x00000258b79c1800 'java/lang/invoke/LambdaForm$MH+0x00000258b79c1800'
Event: 568.031 Thread 0x00000258b4aa3ad0 Unloading class 0x00000258b79c0c00 'java/lang/invoke/LambdaForm$MH+0x00000258b79c0c00'
Event: 570.302 Thread 0x00000258b4aa3ad0 Unloading class 0x00000258b7b29400 'java/lang/invoke/LambdaForm$DMH+0x00000258b7b29400'
Event: 570.302 Thread 0x00000258b4aa3ad0 Unloading class 0x00000258b7b29000 'java/lang/invoke/LambdaForm$DMH+0x00000258b7b29000'
Event: 570.302 Thread 0x00000258b4aa3ad0 Unloading class 0x00000258b7b28400 'java/lang/invoke/LambdaForm$DMH+0x00000258b7b28400'
Event: 570.302 Thread 0x00000258b4aa3ad0 Unloading class 0x00000258b7b28800 'java/lang/invoke/LambdaForm$DMH+0x00000258b7b28800'
Event: 570.302 Thread 0x00000258b4aa3ad0 Unloading class 0x00000258b7b28c00 'java/lang/invoke/LambdaForm$DMH+0x00000258b7b28c00'
Event: 574.553 Thread 0x00000258b4aa3ad0 Unloading class 0x00000258b7da4800 'java/lang/invoke/LambdaForm$DMH+0x00000258b7da4800'
Event: 579.625 Thread 0x00000258b4aa3ad0 Unloading class 0x00000258b7e70400 'java/lang/invoke/LambdaForm$DMH+0x00000258b7e70400'
Event: 1472.093 Thread 0x00000258b4aa3ad0 Unloading class 0x00000258b8058400 'java/lang/invoke/LambdaForm$DMH+0x00000258b8058400'
Event: 2085.811 Thread 0x00000258b4aa3ad0 Unloading class 0x00000258b9c78c00 'jdk/internal/reflect/GeneratedSerializationConstructorAccessor1033'
Event: 2085.811 Thread 0x00000258b4aa3ad0 Unloading class 0x00000258b9c78800 'jdk/internal/reflect/GeneratedSerializationConstructorAccessor1032'

Classes redefined (0 events):
No events

Internal exceptions (20 events):
Event: 2091.620 Thread 0x0000025883863410 Exception <a 'sun/nio/fs/WindowsException'{0x00000007377a81c0}> (0x00000007377a81c0) 
thrown [s\src\hotspot\share\prims\jni.cpp, line 520]
Event: 2091.630 Thread 0x000002588385ebe0 Exception <a 'sun/nio/fs/WindowsException'{0x0000000736217880}> (0x0000000736217880) 
thrown [s\src\hotspot\share\prims\jni.cpp, line 520]
Event: 2091.763 Thread 0x0000025883863410 Exception <a 'sun/nio/fs/WindowsException'{0x00000007fca80ff0}> (0x00000007fca80ff0) 
thrown [s\src\hotspot\share\prims\jni.cpp, line 520]
Event: 2092.033 Thread 0x000002588385ebe0 Exception <a 'sun/nio/fs/WindowsException'{0x000000074472fcf8}> (0x000000074472fcf8) 
thrown [s\src\hotspot\share\prims\jni.cpp, line 520]
Event: 2092.121 Thread 0x0000025883863410 Exception <a 'sun/nio/fs/WindowsException'{0x000000073e2cb438}> (0x000000073e2cb438) 
thrown [s\src\hotspot\share\prims\jni.cpp, line 520]
Event: 2092.147 Thread 0x000002588386f260 Exception <a 'sun/nio/fs/WindowsException'{0x000000073da72f48}> (0x000000073da72f48) 
thrown [s\src\hotspot\share\prims\jni.cpp, line 520]
Event: 2092.182 Thread 0x00000258838747b0 Exception <a 'sun/nio/fs/WindowsException'{0x000000073a182428}> (0x000000073a182428) 
thrown [s\src\hotspot\share\prims\jni.cpp, line 520]
Event: 2092.380 Thread 0x00000258838747b0 Exception <a 'sun/nio/fs/WindowsException'{0x00000007fcb57698}> (0x00000007fcb57698) 
thrown [s\src\hotspot\share\prims\jni.cpp, line 520]
Event: 2092.444 Thread 0x000002588385ebe0 Exception <a 'sun/nio/fs/WindowsException'{0x0000000772c41200}> (0x0000000772c41200) 
thrown [s\src\hotspot\share\prims\jni.cpp, line 520]
Event: 2092.745 Thread 0x0000025883863410 Exception <a 'sun/nio/fs/WindowsException'{0x000000075b8bc6d0}> (0x000000075b8bc6d0) 
thrown [s\src\hotspot\share\prims\jni.cpp, line 520]
Event: 2092.768 Thread 0x000002588385ebe0 Exception <a 'sun/nio/fs/WindowsException'{0x0000000759db00f8}> (0x0000000759db00f8) 
thrown [s\src\hotspot\share\prims\jni.cpp, line 520]
Event: 2092.998 Thread 0x000002588385ebe0 Exception <a 'sun/nio/fs/WindowsException'{0x00000007460c4d20}> (0x00000007460c4d20) 
thrown [s\src\hotspot\share\prims\jni.cpp, line 520]
Event: 2093.570 Thread 0x0000025883863410 Exception <a 'sun/nio/fs/WindowsException'{0x000000075f224358}> (0x000000075f224358) 
thrown [s\src\hotspot\share\prims\jni.cpp, line 520]
Event: 2093.883 Thread 0x00000258838619d0 Exception <a 'sun/nio/fs/WindowsException'{0x000000074e5d1d90}> (0x000000074e5d1d90) 
thrown [s\src\hotspot\share\prims\jni.cpp, line 520]
Event: 2093.939 Thread 0x000002588386f260 Exception <a 'sun/nio/fs/WindowsException'{0x0000000744c38e90}> (0x0000000744c38e90) 
thrown [s\src\hotspot\share\prims\jni.cpp, line 520]
Event: 2094.491 Thread 0x000002588386ff80 Exception <a 'sun/nio/fs/WindowsException'{0x0000000756555af0}> (0x0000000756555af0) 
thrown [s\src\hotspot\share\prims\jni.cpp, line 520]
Event: 2094.835 Thread 0x000002588386bde0 Implicit null exception at 0x00000258a5a8fa6b to 0x00000258a5a8fb94
Event: 2095.033 Thread 0x000002588386ff80 Exception <a 'sun/nio/fs/WindowsException'{0x000000076045c970}> (0x000000076045c970) 
thrown [s\src\hotspot\share\prims\jni.cpp, line 520]
Event: 2095.066 Thread 0x000002588386ff80 Exception <a 'sun/nio/fs/WindowsException'{0x000000075c2d0dd0}> (0x000000075c2d0dd0) 
thrown [s\src\hotspot\share\prims\jni.cpp, line 520]
Event: 2095.142 Thread 0x000002588386ff80 Exception <a 'sun/nio/fs/WindowsException'{0x000000075334e3e0}> (0x000000075334e3e0) 
thrown [s\src\hotspot\share\prims\jni.cpp, line 520]

ZGC Phase Switch (0 events):
No events

VM Operations (20 events):
Event: 2091.599 Executing safepoint VM operation: G1PauseCleanup
Event: 2091.600 Executing safepoint VM operation: G1PauseCleanup done
Event: 2091.725 Executing safepoint VM operation: G1CollectForAllocation (G1 Evacuation Pause)
Event: 2091.753 Executing safepoint VM operation: G1CollectForAllocation (G1 Evacuation Pause) done
Event: 2091.787 Executing non-safepoint VM operation: HandshakeAllThreads (Deoptimize)
Event: 2091.790 Executing non-safepoint VM operation: HandshakeAllThreads (Deoptimize) done
Event: 2092.110 Executing safepoint VM operation: ICBufferFull
Event: 2092.110 Executing safepoint VM operation: ICBufferFull done
Event: 2092.333 Executing safepoint VM operation: G1CollectForAllocation (G1 Evacuation Pause)
Event: 2092.364 Executing safepoint VM operation: G1CollectForAllocation (G1 Evacuation Pause) done
Event: 2093.030 Executing safepoint VM operation: G1TryInitiateConcMark (G1 Humongous Allocation)
Event: 2093.064 Executing safepoint VM operation: G1TryInitiateConcMark (G1 Humongous Allocation) done
Event: 2093.490 Executing safepoint VM operation: G1PauseRemark
Event: 2093.535 Executing safepoint VM operation: G1PauseRemark done
Event: 2093.844 Executing safepoint VM operation: G1PauseCleanup
Event: 2093.845 Executing safepoint VM operation: G1PauseCleanup done
Event: 2094.102 Executing safepoint VM operation: G1CollectForAllocation (G1 Evacuation Pause)
Event: 2094.160 Executing safepoint VM operation: G1CollectForAllocation (G1 Evacuation Pause) done
Event: 2094.726 Executing safepoint VM operation: G1CollectForAllocation (G1 Evacuation Pause)
Event: 2094.808 Executing safepoint VM operation: G1CollectForAllocation (G1 Evacuation Pause) done

Memory protections (0 events):
No events

Nmethod flushes (20 events):
Event: 2093.525 Thread 0x00000258b4aa3ad0 flushing  nmethod 0x00000258a2fbc490
Event: 2093.525 Thread 0x00000258b4aa3ad0 flushing  nmethod 0x00000258a2fc2b10
Event: 2093.525 Thread 0x00000258b4aa3ad0 flushing  nmethod 0x00000258a2fc2f90
Event: 2093.525 Thread 0x00000258b4aa3ad0 flushing  nmethod 0x00000258a2fc4010
Event: 2093.525 Thread 0x00000258b4aa3ad0 flushing  nmethod 0x00000258a2fc4410
Event: 2093.525 Thread 0x00000258b4aa3ad0 flushing  nmethod 0x00000258a2fc4910
Event: 2093.525 Thread 0x00000258b4aa3ad0 flushing  nmethod 0x00000258a2fc4e90
Event: 2093.525 Thread 0x00000258b4aa3ad0 flushing  nmethod 0x00000258a2fc5e90
Event: 2093.525 Thread 0x00000258b4aa3ad0 flushing  nmethod 0x00000258a2fc6410
Event: 2093.525 Thread 0x00000258b4aa3ad0 flushing  nmethod 0x00000258a2fc6f90
Event: 2093.525 Thread 0x00000258b4aa3ad0 flushing  nmethod 0x00000258a2fc7e10
Event: 2093.525 Thread 0x00000258b4aa3ad0 flushing  nmethod 0x00000258a2fc8d90
Event: 2093.525 Thread 0x00000258b4aa3ad0 flushing  nmethod 0x00000258a2fda810
Event: 2093.525 Thread 0x00000258b4aa3ad0 flushing  nmethod 0x00000258a2fdb590
Event: 2093.525 Thread 0x00000258b4aa3ad0 flushing  nmethod 0x00000258a2fded90
Event: 2093.525 Thread 0x00000258b4aa3ad0 flushing  nmethod 0x00000258a2feb790
Event: 2093.525 Thread 0x00000258b4aa3ad0 flushing  nmethod 0x00000258a2ff3910
Event: 2093.525 Thread 0x00000258b4aa3ad0 flushing  nmethod 0x00000258a2ff3e90
Event: 2093.525 Thread 0x00000258b4aa3ad0 flushing  nmethod 0x00000258a2ff4810
Event: 2093.525 Thread 0x00000258b4aa3ad0 flushing  nmethod 0x00000258a2ff5290

Events (20 events):
Event: 2080.944 Thread 0x0000025883863aa0 Thread added: 0x00000258fc2efb40
Event: 2080.944 Thread 0x0000025883863aa0 Thread added: 0x00000258fcf48440
Event: 2080.944 Thread 0x0000025883863aa0 Thread added: 0x00000258fcf47090
Event: 2081.078 Thread 0x00000258838647c0 Thread added: 0x00000258815a6d70
Event: 2081.125 Thread 0x0000025883865b70 Thread added: 0x0000025881979270
Event: 2081.185 Thread 0x0000025883864e50 Thread added: 0x00000259000c41b0
Event: 2081.741 Thread 0x0000025891b84d40 Thread added: 0x00000259000c4840
Event: 2081.741 Thread 0x0000025891b860f0 Thread added: 0x00000259000c1a50
Event: 2081.741 Thread 0x0000025891b85a60 Thread added: 0x00000259000c2e00
Event: 2081.742 Thread 0x0000025891b7f7f0 Thread added: 0x00000259000c5bf0
Event: 2081.742 Thread 0x0000025891b89570 Thread added: 0x00000259000c4ed0
Event: 2081.742 Thread 0x0000025891b853d0 Thread added: 0x00000259000c3490
Event: 2081.742 Thread 0x0000025891b84020 Thread added: 0x00000259000c5560
Event: 2081.742 Thread 0x0000025891b818c0 Thread added: 0x00000259000c2770
Event: 2081.743 Thread 0x000002588386a3a0 Thread added: 0x00000259000c6280
Event: 2081.804 Thread 0x0000025891b881c0 Thread added: 0x00000259000c6910
Event: 2082.058 Thread 0x0000025891b7f7f0 Thread added: 0x00000259000c6fa0
Event: 2083.240 Thread 0x0000025903379490 Thread exited: 0x0000025903379490
Event: 2084.585 Thread 0x0000025903378770 Thread added: 0x00000258fb5683d0
Event: 2086.603 Thread 0x0000025903375980 Thread exited: 0x0000025903375980


Dynamic libraries:
0x00007ff77bd00000 - 0x00007ff77bd0e000 	D:\.gradle\jdks\amazon_com_inc_-21-amd64-windows.2\bin\java.exe
0x00007ffa592a0000 - 0x00007ffa59506000 	C:\WINDOWS\SYSTEM32\ntdll.dll
0x00007ffa572f0000 - 0x00007ffa573b9000 	C:\WINDOWS\System32\KERNEL32.DLL
0x00007ffa566b0000 - 0x00007ffa56aaa000 	C:\WINDOWS\System32\KERNELBASE.dll
0x00007ffa56c20000 - 0x00007ffa56d6c000 	C:\WINDOWS\System32\ucrtbase.dll
0x00007ffa43a50000 - 0x00007ffa43a6e000 	D:\.gradle\jdks\amazon_com_inc_-21-amd64-windows.2\bin\VCRUNTIME140.dll
0x00007ffa43a70000 - 0x00007ffa43a88000 	D:\.gradle\jdks\amazon_com_inc_-21-amd64-windows.2\bin\jli.dll
0x00007ffa57840000 - 0x00007ffa57a07000 	C:\WINDOWS\System32\USER32.dll
0x00007ffa56d70000 - 0x00007ffa56d97000 	C:\WINDOWS\System32\win32u.dll
0x00007ffa37810000 - 0x00007ffa37aa2000 	C:\WINDOWS\WinSxS\amd64_microsoft.windows.common-controls_6595b64144ccf1df_6.0.26100.8521_none_3e08b75ce33403b3\COMCTL32.dll
0x00007ffa57140000 - 0x00007ffa5716b000 	C:\WINDOWS\System32\GDI32.dll
0x00007ffa57790000 - 0x00007ffa57839000 	C:\WINDOWS\System32\msvcrt.dll
0x00007ffa56da0000 - 0x00007ffa56ecb000 	C:\WINDOWS\System32\gdi32full.dll
0x00007ffa56b70000 - 0x00007ffa56c13000 	C:\WINDOWS\System32\msvcp_win.dll
0x00007ffa59050000 - 0x00007ffa59082000 	C:\WINDOWS\System32\IMM32.DLL
0x00007ffa469e0000 - 0x00007ffa469ec000 	D:\.gradle\jdks\amazon_com_inc_-21-amd64-windows.2\bin\vcruntime140_1.dll
0x00007ffa0a4b0000 - 0x00007ffa0a539000 	D:\.gradle\jdks\amazon_com_inc_-21-amd64-windows.2\bin\msvcp140.dll
0x00007ff987840000 - 0x00007ff9885e8000 	D:\.gradle\jdks\amazon_com_inc_-21-amd64-windows.2\bin\server\jvm.dll
0x00007ffa57da0000 - 0x00007ffa57e56000 	C:\WINDOWS\System32\ADVAPI32.dll
0x00007ffa58810000 - 0x00007ffa588ba000 	C:\WINDOWS\System32\sechost.dll
0x00007ffa57020000 - 0x00007ffa57138000 	C:\WINDOWS\System32\RPCRT4.dll
0x00007ffa57fc0000 - 0x00007ffa58040000 	C:\WINDOWS\System32\WS2_32.dll
0x00007ffa56390000 - 0x00007ffa563ee000 	C:\WINDOWS\SYSTEM32\POWRPROF.dll
0x00007ffa52f90000 - 0x00007ffa52fc6000 	C:\WINDOWS\SYSTEM32\WINMM.dll
0x00007ffa37ab0000 - 0x00007ffa37abb000 	C:\WINDOWS\SYSTEM32\VERSION.dll
0x00007ffa56370000 - 0x00007ffa56384000 	C:\WINDOWS\SYSTEM32\UMPDC.dll
0x00007ffa552c0000 - 0x00007ffa552db000 	C:\WINDOWS\SYSTEM32\kernel.appcore.dll
0x00007ffa43ac0000 - 0x00007ffa43aca000 	D:\.gradle\jdks\amazon_com_inc_-21-amd64-windows.2\bin\jimage.dll
0x00007ffa53b00000 - 0x00007ffa53d42000 	C:\WINDOWS\SYSTEM32\DBGHELP.DLL
0x00007ffa57a10000 - 0x00007ffa57d93000 	C:\WINDOWS\System32\combase.dll
0x00007ffa57ee0000 - 0x00007ffa57fb9000 	C:\WINDOWS\System32\OLEAUT32.dll
0x00007ffa39570000 - 0x00007ffa395ab000 	C:\WINDOWS\SYSTEM32\dbgcore.DLL
0x00007ffa56f60000 - 0x00007ffa57008000 	C:\WINDOWS\System32\bcryptPrimitives.dll
0x00007ffa43a40000 - 0x00007ffa43a50000 	D:\.gradle\jdks\amazon_com_inc_-21-amd64-windows.2\bin\instrument.dll
0x00007ffa3a860000 - 0x00007ffa3a881000 	D:\.gradle\jdks\amazon_com_inc_-21-amd64-windows.2\bin\java.dll
0x00007ffa58080000 - 0x00007ffa58804000 	C:\WINDOWS\System32\SHELL32.dll
0x00007ffa540d0000 - 0x00007ffa54950000 	C:\WINDOWS\SYSTEM32\windows.storage.dll
0x00007ffa58d70000 - 0x00007ffa58e66000 	C:\WINDOWS\System32\SHCORE.dll
0x00007ffa571c0000 - 0x00007ffa57227000 	C:\WINDOWS\System32\shlwapi.dll
0x00007ffa56450000 - 0x00007ffa56479000 	C:\WINDOWS\SYSTEM32\profapi.dll
0x00007ffa07db0000 - 0x00007ffa07e87000 	D:\.gradle\jdks\amazon_com_inc_-21-amd64-windows.2\bin\jsvml.dll
0x00007ffa25520000 - 0x00007ffa25538000 	D:\.gradle\jdks\amazon_com_inc_-21-amd64-windows.2\bin\zip.dll
0x00007ffa24f80000 - 0x00007ffa24f91000 	D:\.gradle\jdks\amazon_com_inc_-21-amd64-windows.2\bin\net.dll
0x00007ffa4cdb0000 - 0x00007ffa4ced9000 	C:\WINDOWS\SYSTEM32\WINHTTP.dll
0x00007ffa55830000 - 0x00007ffa5589c000 	C:\WINDOWS\system32\mswsock.dll
0x00007ffa24e30000 - 0x00007ffa24e46000 	D:\.gradle\jdks\amazon_com_inc_-21-amd64-windows.2\bin\nio.dll
0x00007ffa420c0000 - 0x00007ffa420d0000 	D:\.gradle\jdks\amazon_com_inc_-21-amd64-windows.2\bin\verify.dll
0x00007ffa1ca30000 - 0x00007ffa1ca57000 	D:\.gradle\native\1def1411415f61bf3af743bc5b6707747c0891f09f0c88961ee8f79bc544acac\windows-amd64\native-platform.dll
0x00007ffa07c60000 - 0x00007ffa07cd7000 	D:\.gradle\native\0.2.8\x86_64-windows-gnu\gradle-fileevents.dll
0x00007ffa3a600000 - 0x00007ffa3a60a000 	D:\.gradle\jdks\amazon_com_inc_-21-amd64-windows.2\bin\management.dll
0x00007ffa39bc0000 - 0x00007ffa39bcc000 	D:\.gradle\jdks\amazon_com_inc_-21-amd64-windows.2\bin\management_ext.dll
0x00007ffa59090000 - 0x00007ffa59098000 	C:\WINDOWS\System32\PSAPI.DLL
0x00007ffa54d40000 - 0x00007ffa54d73000 	C:\WINDOWS\SYSTEM32\IPHLPAPI.DLL
0x00007ffa590a0000 - 0x00007ffa590aa000 	C:\WINDOWS\System32\NSI.dll
0x00007ffa395b0000 - 0x00007ffa395b9000 	D:\.gradle\jdks\amazon_com_inc_-21-amd64-windows.2\bin\extnet.dll
0x00007ffa55b10000 - 0x00007ffa55b2b000 	C:\WINDOWS\SYSTEM32\CRYPTSP.dll
0x00007ffa55220000 - 0x00007ffa55259000 	C:\WINDOWS\system32\rsaenh.dll
0x00007ffa558e0000 - 0x00007ffa55913000 	C:\WINDOWS\SYSTEM32\USERENV.dll
0x00007ffa56420000 - 0x00007ffa5644a000 	C:\WINDOWS\SYSTEM32\bcrypt.dll
0x00007ffa55b30000 - 0x00007ffa55b3c000 	C:\WINDOWS\SYSTEM32\CRYPTBASE.dll
0x00007ffa30ec0000 - 0x00007ffa30ece000 	D:\.gradle\jdks\amazon_com_inc_-21-amd64-windows.2\bin\sunmscapi.dll
0x00007ffa56530000 - 0x00007ffa566a8000 	C:\WINDOWS\System32\CRYPT32.dll
0x00007ffa55d30000 - 0x00007ffa55d60000 	C:\WINDOWS\SYSTEM32\ncrypt.dll
0x00007ffa55ce0000 - 0x00007ffa55d1f000 	C:\WINDOWS\SYSTEM32\NTASN1.dll
0x00007ffa3a340000 - 0x00007ffa3a348000 	C:\WINDOWS\system32\wshunix.dll
0x00007ffa54d80000 - 0x00007ffa54eca000 	C:\WINDOWS\SYSTEM32\DNSAPI.dll
0x00007ffa555e0000 - 0x00007ffa555ed000 	C:\WINDOWS\SYSTEM32\DSPARSE.dll
0x00007ffa4d450000 - 0x00007ffa4d45b000 	C:\Windows\System32\rasadhlp.dll
0x00007ffa4fdc0000 - 0x00007ffa4fe46000 	C:\WINDOWS\System32\fwpuclnt.dll
0x00007ffa53050000 - 0x00007ffa530f0000 	C:\WINDOWS\system32\apphelp.dll
0x00007ffa553e0000 - 0x00007ffa55416000 	C:\WINDOWS\SYSTEM32\ntmarta.dll
0x00007ffa46f40000 - 0x00007ffa46f47000 	D:\.gradle\jdks\amazon_com_inc_-21-amd64-windows.2\bin\rmi.dll

JVMTI agents:
D:\.gradle\wrapper\dists\gradle-9.1.0-bin\9agqghryom9wkf8r80qlhnts3\gradle-9.1.0\lib\agents\gradle-instrumentation-agent-9.1.0.jar path:D:\.gradle\jdks\amazon_com_inc_-21-amd64-windows.2\bin\instrument.dll, loaded, initialized, instrumentlib options:none

dbghelp: loaded successfully - version: 4.0.5 - missing functions: none
symbol engine: initialized successfully - sym options: 0x614 - pdb path: .;D:\.gradle\jdks\amazon_com_inc_-21-amd64-windows.2\bin;C:\WINDOWS\SYSTEM32;C:\WINDOWS\WinSxS\amd64_microsoft.windows.common-controls_6595b64144ccf1df_6.0.26100.8521_none_3e08b75ce33403b3;D:\.gradle\jdks\amazon_com_inc_-21-amd64-windows.2\bin\server;D:\.gradle\native\1def1411415f61bf3af743bc5b6707747c0891f09f0c88961ee8f79bc544acac\windows-amd64;D:\.gradle\native\0.2.8\x86_64-windows-gnu

VM Arguments:
jvm_args: --add-opens=java.base/java.lang=ALL-UNNAMED --add-opens=java.base/java.lang.invoke=ALL-UNNAMED --add-opens=java.base/java.util=ALL-UNNAMED --add-opens=java.prefs/java.util.prefs=ALL-UNNAMED --add-exports=jdk.compiler/com.sun.tools.javac.api=ALL-UNNAMED --add-exports=jdk.compiler/com.sun.tools.javac.util=ALL-UNNAMED --add-opens=java.base/java.util=ALL-UNNAMED --add-opens=java.prefs/java.util.prefs=ALL-UNNAMED --add-opens=java.base/java.nio.charset=ALL-UNNAMED --add-opens=java.base/java.net=ALL-UNNAMED --add-opens=java.base/java.util.concurrent=ALL-UNNAMED --add-opens=java.base/java.util.concurrent.atomic=ALL-UNNAMED --add-opens=java.xml/javax.xml.namespace=ALL-UNNAMED --add-opens=java.base/java.time=ALL-UNNAMED -Xmx4096M -Dfile.encoding=UTF-8 -Duser.country=US -Duser.language=en -Duser.variant -javaagent:D:\.gradle\wrapper\dists\gradle-9.1.0-bin\9agqghryom9wkf8r80qlhnts3\gradle-9.1.0\lib\agents\gradle-instrumentation-agent-9.1.0.jar 
java_command: org.gradle.launcher.daemon.bootstrap.GradleDaemon 9.1.0
java_class_path (initial): D:\.gradle\wrapper\dists\gradle-9.1.0-bin\9agqghryom9wkf8r80qlhnts3\gradle-9.1.0\lib\gradle-daemon-main-9.1.0.jar
Launcher Type: SUN_STANDARD

[Global flags]
     intx CICompilerCount                          = 4                                         {product} {ergonomic}
     uint ConcGCThreads                            = 3                                         {product} {ergonomic}
     uint G1ConcRefinementThreads                  = 10                                        {product} {ergonomic}
   size_t G1HeapRegionSize                         = 2097152                                   {product} {ergonomic}
    uintx GCDrainStackTargetSize                   = 64                                        {product} {ergonomic}
   size_t InitialHeapSize                          = 264241152                                 {product} {ergonomic}
   size_t MarkStackSize                            = 4194304                                   {product} {ergonomic}
   size_t MaxHeapSize                              = 4294967296                                {product} {command line}
   size_t MaxNewSize                               = 2575302656                                {product} {ergonomic}
   size_t MinHeapDeltaBytes                        = 2097152                                   {product} {ergonomic}
   size_t MinHeapSize                              = 8388608                                   {product} {ergonomic}
    uintx NonNMethodCodeHeapSize                   = 5839372                                {pd product} {ergonomic}
    uintx NonProfiledCodeHeapSize                  = 122909434                              {pd product} {ergonomic}
    uintx ProfiledCodeHeapSize                     = 122909434                              {pd product} {ergonomic}
    uintx ReservedCodeCacheSize                    = 251658240                              {pd product} {ergonomic}
     bool SegmentedCodeCache                       = true                                      {product} {ergonomic}
   size_t SoftMaxHeapSize                          = 4294967296                             {manageable} {ergonomic}
     bool UseCompressedOops                        = true                           {product lp64_product} {ergonomic}
     bool UseG1GC                                  = true                                      {product} {ergonomic}
     bool UseLargePagesIndividualAllocation        = false                                  {pd product} {ergonomic}

Logging:
Log output configuration:
 #0: stdout all=warning uptime,level,tags foldmultilines=false
 #1: stderr all=off uptime,level,tags foldmultilines=false

Release file:
IMPLEMENTOR="Amazon.com Inc." 
IMPLEMENTOR_VERSION="Corretto-21.0.11.10.1" 
JAVA_RUNTIME_VERSION="21.0.11+10-LTS" 
JAVA_VERSION="21.0.11" 
JAVA_VERSION_DATE="2026-04-21" 
LIBC="default" 
MODULES="java.base java.compiler java.datatransfer java.xml java.prefs java.desktop java.instrument java.logging java.management java.security.sasl java.naming java.rmi java.management.rmi java.net.http java.scripting java.security.jgss java.transaction.xa java.sql java.sql.rowset java.xml.crypto java.se java.smartcardio jdk.accessibility jdk.internal.jvmstat jdk.attach jdk.charsets jdk.internal.opt jdk.zipfs jdk.compiler jdk.crypto.ec jdk.crypto.cryptoki jdk.crypto.mscapi jdk.dynalink jdk.internal.ed jdk.editpad jdk.hotspot.agent jdk.httpserver jdk.incubator.vector jdk.internal.le jdk.internal.vm.ci jdk.internal.vm.compiler jdk.internal.vm.compiler.management jdk.jartool jdk.javadoc jdk.jcmd jdk.management jdk.management.agent jdk.jconsole jdk.jdeps jdk.jdwp.agent jdk.jdi jdk.jfr jdk.jlink jdk.jpackage jdk.jshell jdk.jsobject jdk.jstatd jdk.localedata jdk.management.jfr jdk.naming.dns jdk.naming.rmi jdk.net jdk.nio.mapmode jdk.random jdk.sctp jdk.security.auth jdk.security.jgss jdk.unsupported jdk.unsupported.desktop jdk.xml.dom" 
OS_ARCH="x86_64" 
OS_NAME="Windows" 
SOURCE="" 

Environment Variables:
PATH=D:\JDK with Hotspot\bin;C:\WINDOWS\system32;C:\WINDOWS;C:\WINDOWS\System32\Wbem;C:\WINDOWS\System32\WindowsPowerShell\v1.0\;C:\WINDOWS\System32\OpenSSH\;C:\Program Files\dotnet\;D:\mongosh-2.5.0-win32-x64;D:\Program Files\Git\cmd;C:\Program Files\Docker\Docker\resources\bin;D:\Program Files\nodejs\;C:\ProgramData\chocolatey\bin;D:\php-8.4.13-src;C:\php-8.4.13-nts-Win32-vs17-x64;C:\composer;C:\Users\USER\AppData\Local\Microsoft\WindowsApps;D:\Microsoft VS Code\bin;C:\msys64\ucrt64\bin;C:\Users\USER\AppData\Local\Programs\Python\Python313\python.exe;C:\Users\USER\AppData\Local\Programs\Python\Python313\Scripts;C:\Users\USER\AppData\Roaming\npm;D:\tubes1-IF2211-game-engine-1.1.0\tubes1-IF2211-game-engine-1.1.0\scripts\copy-env.bat;C:\Users\USER\OneDrive\College\phpmyadmin;D:\php-8.4.13-src;C:\php-8.4.13-nts-Win32-vs17-x64;C:\Users\USER\AppData\Roaming\Composer\vendor\bin;D:\.android\emulator;D:\.android\platform-tools;C:\Users\USER\AppData\Local\Android\Sdk\platform-tools;C:\Users\USER\AppData\Local\Android\Sdk\emulator;
USERNAME=USER
OS=Windows_NT
PROCESSOR_IDENTIFIER=Intel64 Family 6 Model 186 Stepping 2, GenuineIntel
TMP=C:\Users\USER\AppData\Local\Temp
TEMP=C:\Users\USER\AppData\Local\Temp




Periodic native trim disabled

---------------  S Y S T E M  ---------------

OS:
 Windows 11 , 64 bit Build 26100 (10.0.26100.8521)
OS uptime: 0 days 0:58 hours
Hyper-V role detected

CPU: total 12 (initial active 12) (6 cores per cpu, 2 threads per core) family 6 model 186 stepping 2 microcode 0x4121, cx8, cmov, fxsr, ht, mmx, 3dnowpref, sse, sse2, sse3, ssse3, sse4.1, sse4.2, popcnt, lzcnt, tsc, tscinvbit, avx, avx2, aes, erms, clmul, bmi1, bmi2, adx, sha, fma, vzeroupper, clflush, clflushopt, clwb, hv, serialize, rdtscp, rdpid, fsrm, f16c, cet_ibt, cet_ss
Processor Information for processor 0
  Max Mhz: 2100, Current Mhz: 2100, Mhz Limit: 2100
Processor Information for processor 1
  Max Mhz: 2100, Current Mhz: 2100, Mhz Limit: 2100
Processor Information for processor 2
  Max Mhz: 2100, Current Mhz: 2100, Mhz Limit: 2100
Processor Information for processor 3
  Max Mhz: 2100, Current Mhz: 2100, Mhz Limit: 2100
Processor Information for processor 4
  Max Mhz: 2100, Current Mhz: 2100, Mhz Limit: 2100
Processor Information for processor 5
  Max Mhz: 2100, Current Mhz: 2100, Mhz Limit: 2100
Processor Information for processor 6
  Max Mhz: 2100, Current Mhz: 2100, Mhz Limit: 2100
Processor Information for processor 7
  Max Mhz: 2100, Current Mhz: 2100, Mhz Limit: 2100
Processor Information for processor 8
  Max Mhz: 2100, Current Mhz: 1500, Mhz Limit: 1491
Processor Information for processor 9
  Max Mhz: 2100, Current Mhz: 1500, Mhz Limit: 1491
Processor Information for processor 10
  Max Mhz: 2100, Current Mhz: 1500, Mhz Limit: 1491
Processor Information for processor 11
  Max Mhz: 2100, Current Mhz: 1500, Mhz Limit: 1491

Memory: 4k page, system-wide physical 16122M (1040M free)
TotalPageFile size 20278M (AvailPageFile size 3M)
current process WorkingSet (physical memory assigned to process): 2955M, peak: 2956M
current process commit charge ("private bytes"): 3137M, peak: 3140M

vm_info: OpenJDK 64-Bit Server VM (21.0.11+10-LTS) for windows-amd64 JRE (21.0.11+10-LTS), built on 2026-04-18T07:30:30Z by "Administrator" with MS VC++ 17.14 (VS2022)

END.
