#
# There is insufficient memory for the Java Runtime Environment to continue.
# Native memory allocation (mmap) failed to map 627048448 bytes. Error detail: G1 virtual space
# Possible reasons:
#   The system is out of physical RAM or swap space
#   This process is running with CompressedOops enabled, and the Java Heap may be blocking the growth of the native heap
# Possible solutions:
#   Reduce memory load on the system
#   Increase physical memory or swap space
#   Check if swap backing store is full
#   Decrease Java heap size (-Xmx/-Xms)
#   Decrease number of Java threads
#   Decrease Java thread stack sizes (-Xss)
#   Set larger code cache with -XX:ReservedCodeCacheSize=
#   JVM is running with Zero Based Compressed Oops mode in which the Java heap is
#     placed in the first 32GB address space. The Java Heap base address is the
#     maximum limit for the native heap growth. Please use -XX:HeapBaseMinAddress
#     to set the Java Heap base and to place the Java Heap above 32GB virtual address.
# This output file may be truncated or incomplete.
#
#  Out of Memory Error (os_windows.cpp:3714), pid=20188, tid=18312
#
# JRE version: OpenJDK Runtime Environment Corretto-21.0.11.10.1 (21.0.11+10) (build 21.0.11+10-LTS)
# Java VM: OpenJDK 64-Bit Server VM Corretto-21.0.11.10.1 (21.0.11+10-LTS, mixed mode, sharing, tiered, compressed oops, compressed class ptrs, g1 gc, windows-amd64)
# No core dump will be written. Minidumps are not enabled by default on client versions of Windows
#

---------------  S U M M A R Y ------------

Command Line: --add-opens=java.base/java.lang=ALL-UNNAMED --add-opens=java.base/java.lang.invoke=ALL-UNNAMED --add-opens=java.base/java.util=ALL-UNNAMED --add-opens=java.prefs/java.util.prefs=ALL-UNNAMED --add-exports=jdk.compiler/com.sun.tools.javac.api=ALL-UNNAMED --add-exports=jdk.compiler/com.sun.tools.javac.util=ALL-UNNAMED --add-opens=java.base/java.util=ALL-UNNAMED --add-opens=java.prefs/java.util.prefs=ALL-UNNAMED --add-opens=java.base/java.nio.charset=ALL-UNNAMED --add-opens=java.base/java.net=ALL-UNNAMED --add-opens=java.base/java.util.concurrent=ALL-UNNAMED --add-opens=java.base/java.util.concurrent.atomic=ALL-UNNAMED --add-opens=java.xml/javax.xml.namespace=ALL-UNNAMED --add-opens=java.base/java.time=ALL-UNNAMED -Xmx4096M -Dfile.encoding=UTF-8 -Duser.country=US -Duser.language=en -Duser.variant -javaagent:D:\.gradle\wrapper\dists\gradle-9.1.0-bin\9agqghryom9wkf8r80qlhnts3\gradle-9.1.0\lib\agents\gradle-instrumentation-agent-9.1.0.jar org.gradle.launcher.daemon.bootstrap.GradleDaemon 9.1.0

Host: 13th Gen Intel(R) Core(TM) i5-13420H, 12 cores, 15G,  Windows 11 , 64 bit Build 26100 (10.0.26100.8737)
Time: Sat Jun 27 20:36:43 2026 SE Asia Standard Time elapsed time: 4769.380947 seconds (0d 1h 19m 29s)

---------------  T H R E A D  ---------------

Current thread (0x000001b51e83ae70):  VMThread "VM Thread"          [id=18312, stack(0x0000000e3cb00000,0x0000000e3cc00000) (1024K)]

Stack: [0x0000000e3cb00000,0x0000000e3cc00000]
Native frames: (J=compiled Java code, j=interpreted, Vv=VM code, C=native code)
V  [jvm.dll+0x6df899]
V  [jvm.dll+0x8bc52b]
V  [jvm.dll+0x8beaba]
V  [jvm.dll+0x8bf193]
V  [jvm.dll+0x28aa16]
V  [jvm.dll+0x6dc1f5]
V  [jvm.dll+0x6d003a]
V  [jvm.dll+0x3650fe]
V  [jvm.dll+0x36cfcb]
V  [jvm.dll+0x3bea89]
V  [jvm.dll+0x3bed2b]
V  [jvm.dll+0x3392c7]
V  [jvm.dll+0x339357]
V  [jvm.dll+0x37d83c]
V  [jvm.dll+0x37c01e]
V  [jvm.dll+0x338a21]
V  [jvm.dll+0x37b68a]
V  [jvm.dll+0x8c4eef]
V  [jvm.dll+0x8c63d3]
V  [jvm.dll+0x8c6944]
V  [jvm.dll+0x8c6a43]
V  [jvm.dll+0x8672bd]
V  [jvm.dll+0x6de09d]
C  [ucrtbase.dll+0x2cd30]
C  [KERNEL32.DLL+0x2e957]
C  [ntdll.dll+0xaad6c]

VM_Operation (0x0000000e452fac60): G1CollectForAllocation, mode: safepoint, requested by thread 0x000001b586b3b020


---------------  P R O C E S S  ---------------

Threads class SMR info:
_java_thread_list=0x000001b5868bb9c0, length=234, elements={
0x000001b57f820030, 0x000001b51e85d8e0, 0x000001b51e85df50, 0x000001b51e85ed60,
0x000001b51e85f500, 0x000001b51e864450, 0x000001b51e86ae70, 0x000001b51e86e2a0,
0x000001b51f243e90, 0x000001b51f48bb70, 0x000001b51f4c7800, 0x000001b5667dff10,
0x000001b5652b20b0, 0x000001b565c136c0, 0x000001b565e8b140, 0x000001b565e8aab0,
0x000001b565e8b7d0, 0x000001b5697b9e90, 0x000001b5697ba520, 0x000001b5697bb8d0,
0x000001b5697bc5f0, 0x000001b5697babb0, 0x000001b5697be030, 0x000001b5697bf3e0,
0x000001b5697bfa70, 0x000001b5697bd9a0, 0x000001b5697be6c0, 0x000001b5697bd310,
0x000001b5697c0e20, 0x000001b5697bed50, 0x000001b5697c0100, 0x000001b5697c14b0,
0x000001b567ca7ad0, 0x000001b568e4add0, 0x000001b584941f90, 0x000001b568e537a0,
0x000001b587568aa0, 0x000001b5891bcbf0, 0x000001b584437670, 0x000001b5844b7510,
0x000001b588082830, 0x000001b57bd54590, 0x000001b58a2e7de0, 0x000001b57bd51e30,
0x000001b56b248e70, 0x000001b58984ae90, 0x000001b586e2a420, 0x000001b58443aaf0,
0x000001b589d86ea0, 0x000001b58a93aa30, 0x000001b586443700, 0x000001b58ebfe3b0,
0x000001b58ebfdd20, 0x000001b58a93bde0, 0x000001b58ebfd000, 0x000001b58ebfd690,
0x000001b58ec011a0, 0x000001b58ebfea40, 0x000001b58a93c470, 0x000001b58a93b0c0,
0x000001b58a93ebd0, 0x000001b58a93f260, 0x000001b58a93ff80, 0x000001b58a93cb00,
0x000001b58a940610, 0x000001b58a93d190, 0x000001b58a940ca0, 0x000001b58a941330,
0x000001b586906f30, 0x000001b586909690, 0x000001b586909d20, 0x000001b58690a3b0,
0x000001b58690aa40, 0x000001b58690b0d0, 0x000001b58690b760, 0x000001b5869082e0,
0x000001b58690d830, 0x000001b58690dec0, 0x000001b58690cb10, 0x000001b58690e550,
0x000001b58690d1a0, 0x000001b58690bdf0, 0x000001b5844a1610, 0x000001b5867a5730,
0x000001b5867a4380, 0x000001b5867a2fd0, 0x000001b5867a4a10, 0x000001b5867a50a0,
0x000001b5867a5dc0, 0x000001b5867a3cf0, 0x000001b5867a6450, 0x000001b56d1297e0,
0x000001b56d128ac0, 0x000001b56d129150, 0x000001b56d12ab90, 0x000001b56d129e70,
0x000001b56d12a500, 0x000001b56d12b220, 0x000001b589d85460, 0x000001b589d84dd0,
0x000001b589d86810, 0x000001b589d85af0, 0x000001b589d86180, 0x000001b589d87530,
0x000001b589d840b0, 0x000001b589d87bc0, 0x000001b589d84740, 0x000001b589d8b040,
0x000001b589d89600, 0x000001b589d8b6d0, 0x000001b5893adb10, 0x000001b58ec01830,
0x000001b58ec01ec0, 0x000001b58ec02550, 0x000001b58ebff0d0, 0x000001b58ec00480,
0x000001b58ec02be0, 0x000001b58ebffdf0, 0x000001b58ebff760, 0x000001b58ec03900,
0x000001b58ec03270, 0x000001b58ec03f90, 0x000001b58ec04620, 0x000001b5a8d4ae50,
0x000001b5893ae830, 0x000001b5893ad480, 0x000001b5a8d49aa0, 0x000001b5a8d486f0,
0x000001b584c6a060, 0x000001b586b3ca60, 0x000001b586b3b020, 0x000001b586b3d0f0,
0x000001b586b39c70, 0x000001b586b3d780, 0x000001b5a8d4a7c0, 0x000001b5a8d4b4e0,
0x000001b589d888e0, 0x000001b5844a29c0, 0x000001b58449f540, 0x000001b5844a3050,
0x000001b58449fbd0, 0x000001b5844a5e40, 0x000001b5844a64d0, 0x000001b5844a3d70,
0x000001b5844a57b0, 0x000001b586ec4bd0, 0x000001b5844a36e0, 0x000001b5844a4400,
0x000001b5844a4a90, 0x000001b57b6d2830, 0x000001b589d8a320, 0x000001b589d88f70,
0x000001b586440910, 0x000001b5844a5120, 0x000001b587569130, 0x000001b5a8d4c200,
0x000001b5875676f0, 0x000001b57b6d0760, 0x000001b5893ae1a0, 0x000001b589d89c90,
0x000001b5893aeec0, 0x000001b587569e50, 0x000001b5893af550, 0x000001b586b3bd40,
0x000001b57c576430, 0x000001b586b3b6b0, 0x000001b5893ac0d0, 0x000001b57c575da0,
0x000001b586440fa0, 0x000001b586444ab0, 0x000001b586445140, 0x000001b5a8d4bb70,
0x000001b586e2cb80, 0x000001b586b3c3d0, 0x000001b586e2be60, 0x000001b5a8d48d80,
0x000001b586e29700, 0x000001b5a8d49410, 0x000001b586e2e5c0, 0x000001b5a8d4c890,
0x000001b5a8d4cf20, 0x000001b586e2f2e0, 0x000001b586b3a300, 0x000001b586e2f970,
0x000001b589845fd0, 0x000001b5a8d4d5b0, 0x000001b58756a4e0, 0x000001b584c25100,
0x000001b5a8d4a130, 0x000001b586e2ec50, 0x000001b57c5777e0, 0x000001b586e30000,
0x000001b589845940, 0x000001b589846660, 0x000001b586e30690, 0x000001b586b3de10,
0x000001b586e2d210, 0x000001b584c24a70, 0x000001b589846cf0, 0x000001b586b3a990,
0x000001b586b3f850, 0x000001b589843f00, 0x000001b589844590, 0x000001b584c264b0,
0x000001b57b967ec0, 0x000001b5864478a0, 0x000001b58969ac90, 0x000001b586446b80,
0x000001b5864457d0, 0x000001b586b41290, 0x000001b5a8d4dc40, 0x000001b587567d80,
0x000001b5a8d4f680, 0x000001b5a8d4e2d0, 0x000001b5a8d4e960, 0x000001b5a8d4eff0,
0x000001b584c26b40, 0x000001b586b3e4a0, 0x000001b589847a10, 0x000001b586ec5f80,
0x000001b5a8d184e0, 0x000001b586b3fee0, 0x000001b56e46ede0, 0x000001b585e2f580,
0x000001b56e46bff0, 0x000001b586b3eb30, 0x000001b58a93b750, 0x000001b56e391e00,
0x000001b57bcf0940, 0x000001b58969b9b0, 0x000001b589848dc0, 0x000001b57b965760,
0x000001b58969a600, 0x000001b5a8d16aa0
}

Java Threads: ( => current thread )
  0x000001b57f820030 JavaThread "main"                              [_thread_blocked, id=11440, stack(0x0000000e3c400000,0x0000000e3c500000) (1024K)]
  0x000001b51e85d8e0 JavaThread "Reference Handler"          daemon [_thread_blocked, id=2756, stack(0x0000000e3cc00000,0x0000000e3cd00000) (1024K)]
  0x000001b51e85df50 JavaThread "Finalizer"                  daemon [_thread_blocked, id=6384, stack(0x0000000e3cd00000,0x0000000e3ce00000) (1024K)]
  0x000001b51e85ed60 JavaThread "Signal Dispatcher"          daemon [_thread_blocked, id=13000, stack(0x0000000e3ce00000,0x0000000e3cf00000) (1024K)]
  0x000001b51e85f500 JavaThread "Attach Listener"            daemon [_thread_blocked, id=16924, stack(0x0000000e3cf00000,0x0000000e3d000000) (1024K)]
  0x000001b51e864450 JavaThread "Service Thread"             daemon [_thread_blocked, id=18524, stack(0x0000000e3d000000,0x0000000e3d100000) (1024K)]
  0x000001b51e86ae70 JavaThread "Monitor Deflation Thread"   daemon [_thread_blocked, id=22144, stack(0x0000000e3d100000,0x0000000e3d200000) (1024K)]
  0x000001b51e86e2a0 JavaThread "C2 CompilerThread0"         daemon [_thread_blocked, id=20432, stack(0x0000000e3d200000,0x0000000e3d300000) (1024K)]
  0x000001b51f243e90 JavaThread "C1 CompilerThread0"         daemon [_thread_blocked, id=15444, stack(0x0000000e3d300000,0x0000000e3d400000) (1024K)]
  0x000001b51f48bb70 JavaThread "Common-Cleaner"             daemon [_thread_blocked, id=10296, stack(0x0000000e3d400000,0x0000000e3d500000) (1024K)]
  0x000001b51f4c7800 JavaThread "Notification Thread"        daemon [_thread_blocked, id=1984, stack(0x0000000e3d500000,0x0000000e3d600000) (1024K)]
  0x000001b5667dff10 JavaThread "Daemon health stats"               [_thread_blocked, id=18600, stack(0x0000000e3dd00000,0x0000000e3de00000) (1024K)]
  0x000001b5652b20b0 JavaThread "Incoming local TCP Connector on port 53347"        [_thread_in_native, id=16868, stack(0x0000000e3e100000,0x0000000e3e200000) (1024K)]
  0x000001b565c136c0 JavaThread "Daemon periodic checks"            [_thread_blocked, id=6704, stack(0x0000000e3e200000,0x0000000e3e300000) (1024K)]
  0x000001b565e8b140 JavaThread "Cache worker for journal cache (D:\.gradle\caches\journal-1)"        [_thread_blocked, id=4688, stack(0x0000000e3ea00000,0x0000000e3eb00000) (1024K)]
  0x000001b565e8aab0 JavaThread "File lock request listener"        [_thread_in_native, id=20224, stack(0x0000000e3eb00000,0x0000000e3ec00000) (1024K)]
  0x000001b565e8b7d0 JavaThread "Cache worker for file hash cache (D:\.gradle\caches\9.1.0\fileHashes)"        [_thread_blocked, id=21616, stack(0x0000000e3ec00000,0x0000000e3ed00000) (1024K)]
  0x000001b5697b9e90 JavaThread "File watcher server"        daemon [_thread_blocked, id=3948, stack(0x0000000e3f200000,0x0000000e3f300000) (1024K)]
  0x000001b5697ba520 JavaThread "File watcher consumer"      daemon [_thread_blocked, id=21184, stack(0x0000000e3f300000,0x0000000e3f400000) (1024K)]
  0x000001b5697bb8d0 JavaThread "jar transforms"                    [_thread_blocked, id=14284, stack(0x0000000e3f400000,0x0000000e3f500000) (1024K)]
  0x000001b5697bc5f0 JavaThread "jar transforms Thread 2"           [_thread_blocked, id=11888, stack(0x0000000e3f500000,0x0000000e3f600000) (1024K)]
  0x000001b5697babb0 JavaThread "jar transforms Thread 3"           [_thread_blocked, id=9256, stack(0x0000000e3f600000,0x0000000e3f700000) (1024K)]
  0x000001b5697be030 JavaThread "jar transforms Thread 4"           [_thread_blocked, id=19296, stack(0x0000000e3f700000,0x0000000e3f800000) (1024K)]
  0x000001b5697bf3e0 JavaThread "jar transforms Thread 5"           [_thread_blocked, id=19976, stack(0x0000000e3f800000,0x0000000e3f900000) (1024K)]
  0x000001b5697bfa70 JavaThread "jar transforms Thread 6"           [_thread_blocked, id=20032, stack(0x0000000e3f900000,0x0000000e3fa00000) (1024K)]
  0x000001b5697bd9a0 JavaThread "jar transforms Thread 7"           [_thread_blocked, id=6044, stack(0x0000000e3fa00000,0x0000000e3fb00000) (1024K)]
  0x000001b5697be6c0 JavaThread "jar transforms Thread 8"           [_thread_blocked, id=20772, stack(0x0000000e3fb00000,0x0000000e3fc00000) (1024K)]
  0x000001b5697bd310 JavaThread "jar transforms Thread 9"           [_thread_blocked, id=15912, stack(0x0000000e3fc00000,0x0000000e3fd00000) (1024K)]
  0x000001b5697c0e20 JavaThread "jar transforms Thread 10"          [_thread_blocked, id=4376, stack(0x0000000e3fd00000,0x0000000e3fe00000) (1024K)]
  0x000001b5697bed50 JavaThread "jar transforms Thread 11"          [_thread_blocked, id=12160, stack(0x0000000e3fe00000,0x0000000e3ff00000) (1024K)]
  0x000001b5697c0100 JavaThread "jar transforms Thread 12"          [_thread_blocked, id=14412, stack(0x0000000e3ff00000,0x0000000e40000000) (1024K)]
  0x000001b5697c14b0 JavaThread "Cache worker for file content cache (D:\.gradle\caches\9.1.0\fileContent)"        [_thread_blocked, id=13156, stack(0x0000000e40100000,0x0000000e40200000) (1024K)]
  0x000001b567ca7ad0 JavaThread "Memory manager"                    [_thread_blocked, id=18500, stack(0x0000000e3d700000,0x0000000e3d800000) (1024K)]
  0x000001b568e4add0 JavaThread "pool-7-thread-1"                   [_thread_blocked, id=22372, stack(0x0000000e43700000,0x0000000e43800000) (1024K)]
  0x000001b584941f90 JavaThread "pool-11-thread-1"                  [_thread_blocked, id=6140, stack(0x0000000e43000000,0x0000000e43100000) (1024K)]
  0x000001b568e537a0 JavaThread "pool-14-thread-1"                  [_thread_blocked, id=14564, stack(0x0000000e43100000,0x0000000e43200000) (1024K)]
  0x000001b587568aa0 JavaThread "pool-17-thread-1"                  [_thread_blocked, id=12036, stack(0x0000000e43300000,0x0000000e43400000) (1024K)]
  0x000001b5891bcbf0 JavaThread "pool-21-thread-1"                  [_thread_blocked, id=3304, stack(0x0000000e44d00000,0x0000000e44e00000) (1024K)]
  0x000001b584437670 JavaThread "pool-25-thread-1"                  [_thread_blocked, id=15828, stack(0x0000000e43a00000,0x0000000e43b00000) (1024K)]
  0x000001b5844b7510 JavaThread "pool-28-thread-1"                  [_thread_blocked, id=8896, stack(0x0000000e43d00000,0x0000000e43e00000) (1024K)]
  0x000001b588082830 JavaThread "pool-31-thread-1"                  [_thread_blocked, id=15152, stack(0x0000000e40d00000,0x0000000e40e00000) (1024K)]
  0x000001b57bd54590 JavaThread "RMI Scheduler(0)"           daemon [_thread_blocked, id=5124, stack(0x0000000e4a700000,0x0000000e4a800000) (1024K)]
  0x000001b58a2e7de0 JavaThread "RMI GC Daemon"              daemon [_thread_blocked, id=9088, stack(0x0000000e4a900000,0x0000000e4aa00000) (1024K)]
  0x000001b57bd51e30 JavaThread "RMI TCP Accept-0"           daemon [_thread_in_native, id=8292, stack(0x0000000e45b00000,0x0000000e45c00000) (1024K)]
  0x000001b56b248e70 JavaThread "RMI Reaper"                        [_thread_blocked, id=21564, stack(0x0000000e46c00000,0x0000000e46d00000) (1024K)]
  0x000001b58984ae90 JavaThread "pool-34-thread-1"                  [_thread_blocked, id=9552, stack(0x0000000e43e00000,0x0000000e43f00000) (1024K)]
  0x000001b586e2a420 JavaThread "pool-37-thread-1"                  [_thread_blocked, id=21876, stack(0x0000000e44400000,0x0000000e44500000) (1024K)]
  0x000001b58443aaf0 JavaThread "pool-42-thread-1"                  [_thread_blocked, id=8132, stack(0x0000000e42c00000,0x0000000e42d00000) (1024K)]
  0x000001b589d86ea0 JavaThread "pool-46-thread-1"                  [_thread_blocked, id=20884, stack(0x0000000e42b00000,0x0000000e42c00000) (1024K)]
  0x000001b58a93aa30 JavaThread "Daemon Thread 14"                  [_thread_blocked, id=19948, stack(0x0000000e3c100000,0x0000000e3c200000) (1024K)]
  0x000001b586443700 JavaThread "Handler for socket connection from /127.0.0.1:53347 to /127.0.0.1:54253"        [_thread_in_native, id=19940, stack(0x0000000e3c200000,0x0000000e3c300000) (1024K)]
  0x000001b58ebfe3b0 JavaThread "Cancel handler"                    [_thread_blocked, id=10168, stack(0x0000000e3c300000,0x0000000e3c400000) (1024K)]
  0x000001b58ebfdd20 JavaThread "Daemon worker Thread 13"           [_thread_blocked, id=11524, stack(0x0000000e3d600000,0x0000000e3d700000) (1024K)]
  0x000001b58a93bde0 JavaThread "Asynchronous log dispatcher for DefaultDaemonConnection: socket connection from /127.0.0.1:53347 to /127.0.0.1:54253"        [_thread_blocked, id=18612, stack(0x0000000e3e300000,0x0000000e3e400000) (1024K)]
  0x000001b58ebfd000 JavaThread "Stdin handler"                     [_thread_blocked, id=3340, stack(0x0000000e3e400000,0x0000000e3e500000) (1024K)]
  0x000001b58ebfd690 JavaThread "Daemon client event forwarder"        [_thread_blocked, id=17048, stack(0x0000000e3e500000,0x0000000e3e600000) (1024K)]
  0x000001b58ec011a0 JavaThread "Cache worker for file hash cache (D:\Projects\tugas-pengembangan-aplikasi-mobile\tugas-minggu-6\.gradle\9.1.0\fileHashes)"        [_thread_blocked, id=7092, stack(0x0000000e3e600000,0x0000000e3e700000) (1024K)]
  0x000001b58ebfea40 JavaThread "Cache worker for checksums cache (D:\Projects\tugas-pengembangan-aplikasi-mobile\tugas-minggu-6\.gradle\9.1.0\checksums)"        [_thread_blocked, id=14560, stack(0x0000000e3e700000,0x0000000e3e800000) (1024K)]
  0x000001b58a93c470 JavaThread "Cache worker for Build Output Cleanup Cache (D:\Projects\tugas-pengembangan-aplikasi-mobile\tugas-minggu-6\.gradle\buildOutputCleanup)"        [_thread_blocked, id=5444, stack(0x0000000e3e800000,0x0000000e3e900000) (1024K)]
  0x000001b58a93b0c0 JavaThread "Cache worker for cache directory md-supplier (D:\.gradle\caches\9.1.0\md-supplier)"        [_thread_blocked, id=3916, stack(0x0000000e3e900000,0x0000000e3ea00000) (1024K)]
  0x000001b58a93ebd0 JavaThread "Cache worker for cache directory md-rule (D:\.gradle\caches\9.1.0\md-rule)"        [_thread_blocked, id=6056, stack(0x0000000e3f000000,0x0000000e3f100000) (1024K)]
  0x000001b58a93f260 JavaThread "Unconstrained build operations"        [_thread_blocked, id=4888, stack(0x0000000e3f100000,0x0000000e3f200000) (1024K)]
  0x000001b58a93ff80 JavaThread "Unconstrained build operations Thread 2"        [_thread_blocked, id=18920, stack(0x0000000e40000000,0x0000000e40100000) (1024K)]
  0x000001b58a93cb00 JavaThread "Unconstrained build operations Thread 3"        [_thread_blocked, id=13500, stack(0x0000000e40200000,0x0000000e40300000) (1024K)]
  0x000001b58a940610 JavaThread "Unconstrained build operations Thread 4"        [_thread_blocked, id=968, stack(0x0000000e40300000,0x0000000e40400000) (1024K)]
  0x000001b58a93d190 JavaThread "Unconstrained build operations Thread 5"        [_thread_blocked, id=21544, stack(0x0000000e40400000,0x0000000e40500000) (1024K)]
  0x000001b58a940ca0 JavaThread "Unconstrained build operations Thread 6"        [_thread_blocked, id=20276, stack(0x0000000e40500000,0x0000000e40600000) (1024K)]
  0x000001b58a941330 JavaThread "Unconstrained build operations Thread 7"        [_thread_blocked, id=9452, stack(0x0000000e40600000,0x0000000e40700000) (1024K)]
  0x000001b586906f30 JavaThread "Unconstrained build operations Thread 8"        [_thread_blocked, id=12304, stack(0x0000000e40700000,0x0000000e40800000) (1024K)]
  0x000001b586909690 JavaThread "Unconstrained build operations Thread 9"        [_thread_blocked, id=20256, stack(0x0000000e40800000,0x0000000e40900000) (1024K)]
  0x000001b586909d20 JavaThread "Unconstrained build operations Thread 10"        [_thread_blocked, id=952, stack(0x0000000e40900000,0x0000000e40a00000) (1024K)]
  0x000001b58690a3b0 JavaThread "Unconstrained build operations Thread 11"        [_thread_blocked, id=3748, stack(0x0000000e40a00000,0x0000000e40b00000) (1024K)]
  0x000001b58690aa40 JavaThread "Unconstrained build operations Thread 12"        [_thread_blocked, id=452, stack(0x0000000e40c00000,0x0000000e40d00000) (1024K)]
  0x000001b58690b0d0 JavaThread "Unconstrained build operations Thread 13"        [_thread_blocked, id=9140, stack(0x0000000e40e00000,0x0000000e40f00000) (1024K)]
  0x000001b58690b760 JavaThread "Unconstrained build operations Thread 14"        [_thread_blocked, id=18284, stack(0x0000000e40f00000,0x0000000e41000000) (1024K)]
  0x000001b5869082e0 JavaThread "Unconstrained build operations Thread 15"        [_thread_blocked, id=12868, stack(0x0000000e41000000,0x0000000e41100000) (1024K)]
  0x000001b58690d830 JavaThread "Unconstrained build operations Thread 16"        [_thread_blocked, id=432, stack(0x0000000e41200000,0x0000000e41300000) (1024K)]
  0x000001b58690dec0 JavaThread "Unconstrained build operations Thread 17"        [_thread_blocked, id=12872, stack(0x0000000e41300000,0x0000000e41400000) (1024K)]
  0x000001b58690cb10 JavaThread "Unconstrained build operations Thread 18"        [_thread_blocked, id=9840, stack(0x0000000e41400000,0x0000000e41500000) (1024K)]
  0x000001b58690e550 JavaThread "Unconstrained build operations Thread 19"        [_thread_blocked, id=444, stack(0x0000000e41500000,0x0000000e41600000) (1024K)]
  0x000001b58690d1a0 JavaThread "Unconstrained build operations Thread 20"        [_thread_blocked, id=8456, stack(0x0000000e41600000,0x0000000e41700000) (1024K)]
  0x000001b58690bdf0 JavaThread "Unconstrained build operations Thread 21"        [_thread_blocked, id=20896, stack(0x0000000e41700000,0x0000000e41800000) (1024K)]
  0x000001b5844a1610 JavaThread "Unconstrained build operations Thread 22"        [_thread_blocked, id=14472, stack(0x0000000e41800000,0x0000000e41900000) (1024K)]
  0x000001b5867a5730 JavaThread "Unconstrained build operations Thread 23"        [_thread_blocked, id=15096, stack(0x0000000e41900000,0x0000000e41a00000) (1024K)]
  0x000001b5867a4380 JavaThread "Unconstrained build operations Thread 24"        [_thread_blocked, id=9456, stack(0x0000000e41a00000,0x0000000e41b00000) (1024K)]
  0x000001b5867a2fd0 JavaThread "Configuration cache report writer"        [_thread_blocked, id=3032, stack(0x0000000e41b00000,0x0000000e41c00000) (1024K)]
  0x000001b5867a4a10 JavaThread "Unconstrained build operations Thread 25"        [_thread_blocked, id=12496, stack(0x0000000e41c00000,0x0000000e41d00000) (1024K)]
  0x000001b5867a50a0 JavaThread "Unconstrained build operations Thread 26"        [_thread_blocked, id=19448, stack(0x0000000e41d00000,0x0000000e41e00000) (1024K)]
  0x000001b5867a5dc0 JavaThread "Unconstrained build operations Thread 27"        [_thread_blocked, id=20764, stack(0x0000000e41e00000,0x0000000e41f00000) (1024K)]
  0x000001b5867a3cf0 JavaThread "Unconstrained build operations Thread 28"        [_thread_blocked, id=8704, stack(0x0000000e41f00000,0x0000000e42000000) (1024K)]
  0x000001b5867a6450 JavaThread "Unconstrained build operations Thread 29"        [_thread_blocked, id=18628, stack(0x0000000e42000000,0x0000000e42100000) (1024K)]
  0x000001b56d1297e0 JavaThread "Unconstrained build operations Thread 30"        [_thread_blocked, id=4872, stack(0x0000000e42100000,0x0000000e42200000) (1024K)]
  0x000001b56d128ac0 JavaThread "Unconstrained build operations Thread 31"        [_thread_blocked, id=19872, stack(0x0000000e42200000,0x0000000e42300000) (1024K)]
  0x000001b56d129150 JavaThread "Unconstrained build operations Thread 32"        [_thread_blocked, id=15236, stack(0x0000000e42300000,0x0000000e42400000) (1024K)]
  0x000001b56d12ab90 JavaThread "Unconstrained build operations Thread 33"        [_thread_blocked, id=20544, stack(0x0000000e42400000,0x0000000e42500000) (1024K)]
  0x000001b56d129e70 JavaThread "Unconstrained build operations Thread 34"        [_thread_blocked, id=22436, stack(0x0000000e42500000,0x0000000e42600000) (1024K)]
  0x000001b56d12a500 JavaThread "Unconstrained build operations Thread 35"        [_thread_blocked, id=22356, stack(0x0000000e42600000,0x0000000e42700000) (1024K)]
  0x000001b56d12b220 JavaThread "Unconstrained build operations Thread 36"        [_thread_blocked, id=18348, stack(0x0000000e42700000,0x0000000e42800000) (1024K)]
  0x000001b589d85460 JavaThread "Unconstrained build operations Thread 37"        [_thread_blocked, id=16700, stack(0x0000000e42800000,0x0000000e42900000) (1024K)]
  0x000001b589d84dd0 JavaThread "Unconstrained build operations Thread 38"        [_thread_blocked, id=15440, stack(0x0000000e42900000,0x0000000e42a00000) (1024K)]
  0x000001b589d86810 JavaThread "Unconstrained build operations Thread 39"        [_thread_blocked, id=17172, stack(0x0000000e42a00000,0x0000000e42b00000) (1024K)]
  0x000001b589d85af0 JavaThread "Unconstrained build operations Thread 40"        [_thread_blocked, id=21880, stack(0x0000000e42d00000,0x0000000e42e00000) (1024K)]
  0x000001b589d86180 JavaThread "Unconstrained build operations Thread 41"        [_thread_blocked, id=10492, stack(0x0000000e42e00000,0x0000000e42f00000) (1024K)]
  0x000001b589d87530 JavaThread "Unconstrained build operations Thread 42"        [_thread_blocked, id=10840, stack(0x0000000e42f00000,0x0000000e43000000) (1024K)]
  0x000001b589d840b0 JavaThread "Unconstrained build operations Thread 43"        [_thread_blocked, id=13140, stack(0x0000000e43200000,0x0000000e43300000) (1024K)]
  0x000001b589d87bc0 JavaThread "Unconstrained build operations Thread 44"        [_thread_blocked, id=21436, stack(0x0000000e43400000,0x0000000e43500000) (1024K)]
  0x000001b589d84740 JavaThread "Unconstrained build operations Thread 45"        [_thread_blocked, id=15228, stack(0x0000000e43500000,0x0000000e43600000) (1024K)]
  0x000001b589d8b040 JavaThread "Unconstrained build operations Thread 46"        [_thread_blocked, id=20656, stack(0x0000000e43600000,0x0000000e43700000) (1024K)]
  0x000001b589d89600 JavaThread "build event listener"              [_thread_blocked, id=22036, stack(0x0000000e43800000,0x0000000e43900000) (1024K)]
  0x000001b589d8b6d0 JavaThread "build event listener"              [_thread_blocked, id=20808, stack(0x0000000e43b00000,0x0000000e43c00000) (1024K)]
  0x000001b5893adb10 JavaThread "build event listener"              [_thread_blocked, id=12456, stack(0x0000000e43c00000,0x0000000e43d00000) (1024K)]
  0x000001b58ec01830 JavaThread "Problems report writer"            [_thread_blocked, id=13416, stack(0x0000000e43f00000,0x0000000e44000000) (1024K)]
  0x000001b58ec01ec0 JavaThread "pool-49-thread-1"                  [_thread_blocked, id=12532, stack(0x0000000e44000000,0x0000000e44100000) (1024K)]
  0x000001b58ec02550 JavaThread "build event listener"              [_thread_blocked, id=8028, stack(0x0000000e44100000,0x0000000e44200000) (1024K)]
  0x000001b58ebff0d0 JavaThread "Build operations"                  [_thread_blocked, id=21152, stack(0x0000000e44200000,0x0000000e44300000) (1024K)]
  0x000001b58ec00480 JavaThread "Unconstrained build operations Thread 47"        [_thread_blocked, id=12540, stack(0x0000000e44300000,0x0000000e44400000) (1024K)]
  0x000001b58ec02be0 JavaThread "Unconstrained build operations Thread 48"        [_thread_blocked, id=5848, stack(0x0000000e44500000,0x0000000e44600000) (1024K)]
  0x000001b58ebffdf0 JavaThread "Unconstrained build operations Thread 49"        [_thread_blocked, id=20900, stack(0x0000000e44600000,0x0000000e44700000) (1024K)]
  0x000001b58ebff760 JavaThread "Unconstrained build operations Thread 50"        [_thread_blocked, id=4504, stack(0x0000000e44700000,0x0000000e44800000) (1024K)]
  0x000001b58ec03900 JavaThread "Unconstrained build operations Thread 51"        [_thread_blocked, id=11864, stack(0x0000000e44800000,0x0000000e44900000) (1024K)]
  0x000001b58ec03270 JavaThread "Unconstrained build operations Thread 52"        [_thread_blocked, id=17936, stack(0x0000000e44900000,0x0000000e44a00000) (1024K)]
  0x000001b58ec03f90 JavaThread "Unconstrained build operations Thread 53"        [_thread_blocked, id=14536, stack(0x0000000e44a00000,0x0000000e44b00000) (1024K)]
  0x000001b58ec04620 JavaThread "Unconstrained build operations Thread 54"        [_thread_blocked, id=22004, stack(0x0000000e44b00000,0x0000000e44c00000) (1024K)]
  0x000001b5a8d4ae50 JavaThread "Unconstrained build operations Thread 55"        [_thread_blocked, id=21308, stack(0x0000000e44c00000,0x0000000e44d00000) (1024K)]
  0x000001b5893ae830 JavaThread "Unconstrained build operations Thread 56"        [_thread_blocked, id=3712, stack(0x0000000e44e00000,0x0000000e44f00000) (1024K)]
  0x000001b5893ad480 JavaThread "Exec process Thread 7"             [_thread_blocked, id=21212, stack(0x0000000e44f00000,0x0000000e45000000) (1024K)]
  0x000001b5a8d49aa0 JavaThread "Exec process Thread 8"             [_thread_blocked, id=20248, stack(0x0000000e45000000,0x0000000e45100000) (1024K)]
  0x000001b5a8d486f0 JavaThread "Exec process Thread 9"             [_thread_blocked, id=22264, stack(0x0000000e45100000,0x0000000e45200000) (1024K)]
  0x000001b584c6a060 JavaThread "C2 CompilerThread1"         daemon [_thread_blocked, id=21116, stack(0x0000000e40b00000,0x0000000e40c00000) (1024K)]
  0x000001b586b3ca60 JavaThread "Unconstrained build operations Thread 57"        [_thread_blocked, id=22380, stack(0x0000000e43900000,0x0000000e43a00000) (1024K)]
  0x000001b586b3b020 JavaThread "Unconstrained build operations Thread 58"        [_thread_blocked, id=16116, stack(0x0000000e45200000,0x0000000e45300000) (1024K)]
  0x000001b586b3d0f0 JavaThread "Unconstrained build operations Thread 59"        [_thread_blocked, id=20568, stack(0x0000000e45300000,0x0000000e45400000) (1024K)]
  0x000001b586b39c70 JavaThread "Unconstrained build operations Thread 60"        [_thread_blocked, id=20992, stack(0x0000000e45400000,0x0000000e45500000) (1024K)]
  0x000001b586b3d780 JavaThread "Unconstrained build operations Thread 61"        [_thread_blocked, id=6560, stack(0x0000000e45500000,0x0000000e45600000) (1024K)]
  0x000001b5a8d4a7c0 JavaThread "Build operations Thread 2"         [_thread_blocked, id=13264, stack(0x0000000e45700000,0x0000000e45800000) (1024K)]
  0x000001b5a8d4b4e0 JavaThread "Build operations Thread 3"         [_thread_blocked, id=10128, stack(0x0000000e45800000,0x0000000e45900000) (1024K)]
  0x000001b589d888e0 JavaThread "included builds"                   [_thread_blocked, id=10152, stack(0x0000000e45600000,0x0000000e45700000) (1024K)]
  0x000001b5844a29c0 JavaThread "Execution worker"                  [_thread_blocked, id=6228, stack(0x0000000e45a00000,0x0000000e45b00000) (1024K)]
  0x000001b58449f540 JavaThread "Execution worker Thread 2"         [_thread_blocked, id=18256, stack(0x0000000e45c00000,0x0000000e45d00000) (1024K)]
  0x000001b5844a3050 JavaThread "Execution worker Thread 3"         [_thread_blocked, id=6928, stack(0x0000000e45d00000,0x0000000e45e00000) (1024K)]
  0x000001b58449fbd0 JavaThread "Execution worker Thread 4"         [_thread_blocked, id=6620, stack(0x0000000e45e00000,0x0000000e45f00000) (1024K)]
  0x000001b5844a5e40 JavaThread "Execution worker Thread 5"         [_thread_blocked, id=21944, stack(0x0000000e45f00000,0x0000000e46000000) (1024K)]
  0x000001b5844a64d0 JavaThread "Execution worker Thread 6"         [_thread_blocked, id=8056, stack(0x0000000e46000000,0x0000000e46100000) (1024K)]
  0x000001b5844a3d70 JavaThread "Execution worker Thread 7"         [_thread_blocked, id=20040, stack(0x0000000e46100000,0x0000000e46200000) (1024K)]
  0x000001b5844a57b0 JavaThread "Execution worker Thread 8"         [_thread_blocked, id=16324, stack(0x0000000e46200000,0x0000000e46300000) (1024K)]
  0x000001b586ec4bd0 JavaThread "Cache worker for execution history cache (D:\Projects\tugas-pengembangan-aplikasi-mobile\tugas-minggu-6\.gradle\9.1.0\executionHistory)"        [_thread_blocked, id=15848, stack(0x0000000e46300000,0x0000000e46400000) (1024K)]
  0x000001b5844a36e0 JavaThread "Execution worker Thread 9"         [_thread_blocked, id=14872, stack(0x0000000e46400000,0x0000000e46500000) (1024K)]
  0x000001b5844a4400 JavaThread "Execution worker Thread 10"        [_thread_blocked, id=13200, stack(0x0000000e46500000,0x0000000e46600000) (1024K)]
  0x000001b5844a4a90 JavaThread "Execution worker Thread 11"        [_thread_blocked, id=1340, stack(0x0000000e46600000,0x0000000e46700000) (1024K)]
  0x000001b57b6d2830 JavaThread "Unconstrained build operations Thread 62"        [_thread_blocked, id=22360, stack(0x0000000e46700000,0x0000000e46800000) (1024K)]
  0x000001b589d8a320 JavaThread "Unconstrained build operations Thread 63"        [_thread_blocked, id=13636, stack(0x0000000e46800000,0x0000000e46900000) (1024K)]
  0x000001b589d88f70 JavaThread "Unconstrained build operations Thread 64"        [_thread_blocked, id=6404, stack(0x0000000e46900000,0x0000000e46a00000) (1024K)]
  0x000001b586440910 JavaThread "Unconstrained build operations Thread 65"        [_thread_blocked, id=13348, stack(0x0000000e46a00000,0x0000000e46b00000) (1024K)]
  0x000001b5844a5120 JavaThread "Unconstrained build operations Thread 66"        [_thread_blocked, id=16448, stack(0x0000000e46b00000,0x0000000e46c00000) (1024K)]
  0x000001b587569130 JavaThread "Unconstrained build operations Thread 67"        [_thread_blocked, id=21672, stack(0x0000000e46d00000,0x0000000e46e00000) (1024K)]
  0x000001b5a8d4c200 JavaThread "Unconstrained build operations Thread 68"        [_thread_blocked, id=16360, stack(0x0000000e46e00000,0x0000000e46f00000) (1024K)]
  0x000001b5875676f0 JavaThread "Unconstrained build operations Thread 69"        [_thread_blocked, id=11960, stack(0x0000000e46f00000,0x0000000e47000000) (1024K)]
  0x000001b57b6d0760 JavaThread "Unconstrained build operations Thread 70"        [_thread_blocked, id=9012, stack(0x0000000e47000000,0x0000000e47100000) (1024K)]
  0x000001b5893ae1a0 JavaThread "Unconstrained build operations Thread 71"        [_thread_blocked, id=19316, stack(0x0000000e47100000,0x0000000e47200000) (1024K)]
  0x000001b589d89c90 JavaThread "Unconstrained build operations Thread 72"        [_thread_blocked, id=8288, stack(0x0000000e47200000,0x0000000e47300000) (1024K)]
  0x000001b5893aeec0 JavaThread "Unconstrained build operations Thread 73"        [_thread_blocked, id=12240, stack(0x0000000e47300000,0x0000000e47400000) (1024K)]
  0x000001b587569e50 JavaThread "Unconstrained build operations Thread 74"        [_thread_blocked, id=6980, stack(0x0000000e47400000,0x0000000e47500000) (1024K)]
  0x000001b5893af550 JavaThread "Unconstrained build operations Thread 75"        [_thread_blocked, id=15004, stack(0x0000000e47500000,0x0000000e47600000) (1024K)]
  0x000001b586b3bd40 JavaThread "Unconstrained build operations Thread 76"        [_thread_blocked, id=6108, stack(0x0000000e47600000,0x0000000e47700000) (1024K)]
  0x000001b57c576430 JavaThread "Unconstrained build operations Thread 77"        [_thread_blocked, id=22280, stack(0x0000000e47700000,0x0000000e47800000) (1024K)]
  0x000001b586b3b6b0 JavaThread "Unconstrained build operations Thread 78"        [_thread_blocked, id=2208, stack(0x0000000e47800000,0x0000000e47900000) (1024K)]
  0x000001b5893ac0d0 JavaThread "Unconstrained build operations Thread 79"        [_thread_blocked, id=20960, stack(0x0000000e47900000,0x0000000e47a00000) (1024K)]
  0x000001b57c575da0 JavaThread "Unconstrained build operations Thread 80"        [_thread_blocked, id=15464, stack(0x0000000e47a00000,0x0000000e47b00000) (1024K)]
  0x000001b586440fa0 JavaThread "Unconstrained build operations Thread 81"        [_thread_blocked, id=12536, stack(0x0000000e47b00000,0x0000000e47c00000) (1024K)]
  0x000001b586444ab0 JavaThread "Unconstrained build operations Thread 82"        [_thread_blocked, id=22220, stack(0x0000000e47c00000,0x0000000e47d00000) (1024K)]
  0x000001b586445140 JavaThread "Unconstrained build operations Thread 83"        [_thread_blocked, id=15712, stack(0x0000000e47d00000,0x0000000e47e00000) (1024K)]
  0x000001b5a8d4bb70 JavaThread "Unconstrained build operations Thread 84"        [_thread_blocked, id=448, stack(0x0000000e47e00000,0x0000000e47f00000) (1024K)]
  0x000001b586e2cb80 JavaThread "Unconstrained build operations Thread 85"        [_thread_blocked, id=5000, stack(0x0000000e47f00000,0x0000000e48000000) (1024K)]
  0x000001b586b3c3d0 JavaThread "Unconstrained build operations Thread 86"        [_thread_blocked, id=19800, stack(0x0000000e48000000,0x0000000e48100000) (1024K)]
  0x000001b586e2be60 JavaThread "Unconstrained build operations Thread 87"        [_thread_blocked, id=4992, stack(0x0000000e48100000,0x0000000e48200000) (1024K)]
  0x000001b5a8d48d80 JavaThread "Unconstrained build operations Thread 88"        [_thread_blocked, id=6020, stack(0x0000000e48200000,0x0000000e48300000) (1024K)]
  0x000001b586e29700 JavaThread "Unconstrained build operations Thread 89"        [_thread_blocked, id=21988, stack(0x0000000e48300000,0x0000000e48400000) (1024K)]
  0x000001b5a8d49410 JavaThread "Unconstrained build operations Thread 90"        [_thread_blocked, id=17020, stack(0x0000000e48400000,0x0000000e48500000) (1024K)]
  0x000001b586e2e5c0 JavaThread "Unconstrained build operations Thread 91"        [_thread_blocked, id=12172, stack(0x0000000e48500000,0x0000000e48600000) (1024K)]
  0x000001b5a8d4c890 JavaThread "Unconstrained build operations Thread 92"        [_thread_blocked, id=7856, stack(0x0000000e48600000,0x0000000e48700000) (1024K)]
  0x000001b5a8d4cf20 JavaThread "Unconstrained build operations Thread 94"        [_thread_blocked, id=21296, stack(0x0000000e48700000,0x0000000e48800000) (1024K)]
  0x000001b586e2f2e0 JavaThread "Unconstrained build operations Thread 93"        [_thread_blocked, id=5232, stack(0x0000000e48800000,0x0000000e48900000) (1024K)]
  0x000001b586b3a300 JavaThread "Unconstrained build operations Thread 95"        [_thread_blocked, id=3480, stack(0x0000000e48900000,0x0000000e48a00000) (1024K)]
  0x000001b586e2f970 JavaThread "Unconstrained build operations Thread 96"        [_thread_blocked, id=10580, stack(0x0000000e48a00000,0x0000000e48b00000) (1024K)]
  0x000001b589845fd0 JavaThread "Unconstrained build operations Thread 97"        [_thread_blocked, id=20664, stack(0x0000000e48b00000,0x0000000e48c00000) (1024K)]
  0x000001b5a8d4d5b0 JavaThread "Unconstrained build operations Thread 99"        [_thread_blocked, id=5244, stack(0x0000000e48c00000,0x0000000e48d00000) (1024K)]
  0x000001b58756a4e0 JavaThread "Unconstrained build operations Thread 98"        [_thread_blocked, id=8968, stack(0x0000000e48d00000,0x0000000e48e00000) (1024K)]
  0x000001b584c25100 JavaThread "Unconstrained build operations Thread 100"        [_thread_blocked, id=15144, stack(0x0000000e48e00000,0x0000000e48f00000) (1024K)]
  0x000001b5a8d4a130 JavaThread "Unconstrained build operations Thread 101"        [_thread_blocked, id=12492, stack(0x0000000e48f00000,0x0000000e49000000) (1024K)]
  0x000001b586e2ec50 JavaThread "Unconstrained build operations Thread 102"        [_thread_blocked, id=9004, stack(0x0000000e49000000,0x0000000e49100000) (1024K)]
  0x000001b57c5777e0 JavaThread "Unconstrained build operations Thread 103"        [_thread_blocked, id=10540, stack(0x0000000e49100000,0x0000000e49200000) (1024K)]
  0x000001b586e30000 JavaThread "Unconstrained build operations Thread 105"        [_thread_blocked, id=21704, stack(0x0000000e49200000,0x0000000e49300000) (1024K)]
  0x000001b589845940 JavaThread "Unconstrained build operations Thread 104"        [_thread_blocked, id=6400, stack(0x0000000e49300000,0x0000000e49400000) (1024K)]
  0x000001b589846660 JavaThread "Unconstrained build operations Thread 106"        [_thread_blocked, id=1936, stack(0x0000000e49400000,0x0000000e49500000) (1024K)]
  0x000001b586e30690 JavaThread "Unconstrained build operations Thread 107"        [_thread_blocked, id=7504, stack(0x0000000e49500000,0x0000000e49600000) (1024K)]
  0x000001b586b3de10 JavaThread "Unconstrained build operations Thread 108"        [_thread_blocked, id=4260, stack(0x0000000e49600000,0x0000000e49700000) (1024K)]
  0x000001b586e2d210 JavaThread "Unconstrained build operations Thread 109"        [_thread_blocked, id=15496, stack(0x0000000e49700000,0x0000000e49800000) (1024K)]
  0x000001b584c24a70 JavaThread "Unconstrained build operations Thread 110"        [_thread_blocked, id=10416, stack(0x0000000e49800000,0x0000000e49900000) (1024K)]
  0x000001b589846cf0 JavaThread "Unconstrained build operations Thread 111"        [_thread_blocked, id=21352, stack(0x0000000e49900000,0x0000000e49a00000) (1024K)]
  0x000001b586b3a990 JavaThread "Unconstrained build operations Thread 112"        [_thread_blocked, id=13808, stack(0x0000000e49a00000,0x0000000e49b00000) (1024K)]
  0x000001b586b3f850 JavaThread "Unconstrained build operations Thread 113"        [_thread_blocked, id=3144, stack(0x0000000e49b00000,0x0000000e49c00000) (1024K)]
  0x000001b589843f00 JavaThread "Unconstrained build operations Thread 114"        [_thread_blocked, id=7828, stack(0x0000000e49c00000,0x0000000e49d00000) (1024K)]
  0x000001b589844590 JavaThread "Unconstrained build operations Thread 115"        [_thread_blocked, id=18032, stack(0x0000000e49d00000,0x0000000e49e00000) (1024K)]
  0x000001b584c264b0 JavaThread "Unconstrained build operations Thread 116"        [_thread_blocked, id=11368, stack(0x0000000e49e00000,0x0000000e49f00000) (1024K)]
  0x000001b57b967ec0 JavaThread "WorkerExecutor Queue"              [_thread_in_native, id=9580, stack(0x0000000e49f00000,0x0000000e4a000000) (1024K)]
  0x000001b5864478a0 JavaThread "WorkerExecutor Queue Thread 2"        [_thread_blocked, id=1756, stack(0x0000000e4a000000,0x0000000e4a100000) (1024K)]
  0x000001b58969ac90 JavaThread "WorkerExecutor Queue Thread 3"        [_thread_blocked, id=8372, stack(0x0000000e4a100000,0x0000000e4a200000) (1024K)]
  0x000001b586446b80 JavaThread "WorkerExecutor Queue Thread 4"        [_thread_blocked, id=6252, stack(0x0000000e4a200000,0x0000000e4a300000) (1024K)]
  0x000001b5864457d0 JavaThread "WorkerExecutor Queue Thread 5"        [_thread_blocked, id=13680, stack(0x0000000e4a300000,0x0000000e4a400000) (1024K)]
  0x000001b586b41290 JavaThread "WorkerExecutor Queue Thread 6"        [_thread_blocked, id=5112, stack(0x0000000e4a400000,0x0000000e4a500000) (1024K)]
  0x000001b5a8d4dc40 JavaThread "WorkerExecutor Queue Thread 7"        [_thread_blocked, id=17788, stack(0x0000000e4a500000,0x0000000e4a600000) (1024K)]
  0x000001b587567d80 JavaThread "Unconstrained build operations Thread 117"        [_thread_blocked, id=2164, stack(0x0000000e4a600000,0x0000000e4a700000) (1024K)]
  0x000001b5a8d4f680 JavaThread "Unconstrained build operations Thread 118"        [_thread_blocked, id=19988, stack(0x0000000e4a800000,0x0000000e4a900000) (1024K)]
  0x000001b5a8d4e2d0 JavaThread "Unconstrained build operations Thread 119"        [_thread_blocked, id=20712, stack(0x0000000e4aa00000,0x0000000e4ab00000) (1024K)]
  0x000001b5a8d4e960 JavaThread "Unconstrained build operations Thread 120"        [_thread_blocked, id=9168, stack(0x0000000e4ab00000,0x0000000e4ac00000) (1024K)]
  0x000001b5a8d4eff0 JavaThread "WorkerExecutor Queue Thread 8"        [_thread_blocked, id=19960, stack(0x0000000e4ac00000,0x0000000e4ad00000) (1024K)]
  0x000001b584c26b40 JavaThread "pool-50-thread-4"                  [_thread_blocked, id=21712, stack(0x0000000e45900000,0x0000000e45a00000) (1024K)]
  0x000001b586b3e4a0 JavaThread "pool-50-thread-3"                  [_thread_blocked, id=15468, stack(0x0000000e4ad00000,0x0000000e4ae00000) (1024K)]
  0x000001b589847a10 JavaThread "pool-50-thread-2"                  [_thread_blocked, id=7792, stack(0x0000000e4ae00000,0x0000000e4af00000) (1024K)]
  0x000001b586ec5f80 JavaThread "pool-50-thread-5"                  [_thread_blocked, id=12664, stack(0x0000000e4af00000,0x0000000e4b000000) (1024K)]
  0x000001b5a8d184e0 JavaThread "pool-50-thread-1"                  [_thread_blocked, id=3444, stack(0x0000000e4b000000,0x0000000e4b100000) (1024K)]
  0x000001b586b3fee0 JavaThread "pool-50-thread-6"                  [_thread_blocked, id=9752, stack(0x0000000e4b100000,0x0000000e4b200000) (1024K)]
  0x000001b56e46ede0 JavaThread "pool-50-thread-7"                  [_thread_blocked, id=20644, stack(0x0000000e4b200000,0x0000000e4b300000) (1024K)]
  0x000001b585e2f580 JavaThread "C2 CompilerThread2"         daemon [_thread_blocked, id=12200, stack(0x0000000e4b300000,0x0000000e4b400000) (1024K)]
  0x000001b56e46bff0 JavaThread "pool-50-thread-8"                  [_thread_blocked, id=16424, stack(0x0000000e4b400000,0x0000000e4b500000) (1024K)]
  0x000001b586b3eb30 JavaThread "pool-50-thread-9"                  [_thread_blocked, id=1384, stack(0x0000000e4be00000,0x0000000e4bf00000) (1024K)]
  0x000001b58a93b750 JavaThread "pool-50-thread-10"                 [_thread_blocked, id=3384, stack(0x0000000e4bf00000,0x0000000e4c000000) (1024K)]
  0x000001b56e391e00 JavaThread "WorkerExecutor Queue Thread 9"        [_thread_blocked, id=10032, stack(0x0000000e4c200000,0x0000000e4c300000) (1024K)]
  0x000001b57bcf0940 JavaThread "WorkerExecutor Queue Thread 11"        [_thread_blocked, id=13100, stack(0x0000000e4c400000,0x0000000e4c500000) (1024K)]
  0x000001b58969b9b0 JavaThread "WorkerExecutor Queue Thread 12"        [_thread_blocked, id=19012, stack(0x0000000e4c500000,0x0000000e4c600000) (1024K)]
  0x000001b589848dc0 JavaThread "WorkerExecutor Queue Thread 13"        [_thread_blocked, id=20448, stack(0x0000000e4c600000,0x0000000e4c700000) (1024K)]
  0x000001b57b965760 JavaThread "RMI RenewClean-[127.0.0.1:17765,org.jetbrains.kotlin.daemon.common.LoopbackNetworkInterface$ClientLoopbackSocketFactory@23083995]" daemon [_thread_blocked, id=2892, stack(0x0000000e41100000,0x0000000e41200000) (1024K)]
  0x000001b58969a600 JavaThread "RMI TCP Accept-0"           daemon [_thread_in_native, id=7124, stack(0x0000000e4c300000,0x0000000e4c400000) (1024K)]
  0x000001b5a8d16aa0 JavaThread "RMI TCP Connection(7)-127.0.0.1" daemon [_thread_in_native, id=13556, stack(0x0000000e4c700000,0x0000000e4c800000) (1024K)]
Total: 234

Other Threads:
=>0x000001b51e83ae70 VMThread "VM Thread"                           [id=18312, stack(0x0000000e3cb00000,0x0000000e3cc00000) (1024K)]
  0x000001b51e824820 WatcherThread "VM Periodic Task Thread"        [id=11988, stack(0x0000000e3ca00000,0x0000000e3cb00000) (1024K)]
  0x000001b57f8897a0 WorkerThread "GC Thread#0"                     [id=9616, stack(0x0000000e3c500000,0x0000000e3c600000) (1024K)]
  0x000001b51f838780 WorkerThread "GC Thread#1"                     [id=21392, stack(0x0000000e3d800000,0x0000000e3d900000) (1024K)]
  0x000001b51f55c450 WorkerThread "GC Thread#2"                     [id=22148, stack(0x0000000e3d900000,0x0000000e3da00000) (1024K)]
  0x000001b51f8e9b90 WorkerThread "GC Thread#3"                     [id=21824, stack(0x0000000e3da00000,0x0000000e3db00000) (1024K)]
  0x000001b51f8e9f40 WorkerThread "GC Thread#4"                     [id=19684, stack(0x0000000e3db00000,0x0000000e3dc00000) (1024K)]
  0x000001b51f79c810 WorkerThread "GC Thread#5"                     [id=11100, stack(0x0000000e3dc00000,0x0000000e3dd00000) (1024K)]
  0x000001b51f79c0b0 WorkerThread "GC Thread#6"                     [id=14080, stack(0x0000000e3de00000,0x0000000e3df00000) (1024K)]
  0x000001b51f79c460 WorkerThread "GC Thread#7"                     [id=10700, stack(0x0000000e3df00000,0x0000000e3e000000) (1024K)]
  0x000001b51f79cf70 WorkerThread "GC Thread#8"                     [id=19920, stack(0x0000000e3e000000,0x0000000e3e100000) (1024K)]
  0x000001b565ced250 WorkerThread "GC Thread#9"                     [id=12792, stack(0x0000000e3ed00000,0x0000000e3ee00000) (1024K)]
  0x000001b57f89a9b0 ConcurrentGCThread "G1 Main Marker"            [id=14976, stack(0x0000000e3c600000,0x0000000e3c700000) (1024K)]
  0x000001b57f89d600 WorkerThread "G1 Conc#0"                       [id=8668, stack(0x0000000e3c700000,0x0000000e3c800000) (1024K)]
  0x000001b565cf0d50 WorkerThread "G1 Conc#1"                       [id=10904, stack(0x0000000e3ee00000,0x0000000e3ef00000) (1024K)]
  0x000001b565ced600 WorkerThread "G1 Conc#2"                       [id=6912, stack(0x0000000e3ef00000,0x0000000e3f000000) (1024K)]
  0x000001b57f8de880 ConcurrentGCThread "G1 Refine#0"               [id=19968, stack(0x0000000e3c800000,0x0000000e3c900000) (1024K)]
  0x000001b5869bfc20 ConcurrentGCThread "G1 Refine#1"               [id=15852, stack(0x0000000e4b500000,0x0000000e4b600000) (1024K)]
  0x000001b5869c22f0 ConcurrentGCThread "G1 Refine#2"               [id=21432, stack(0x0000000e4b600000,0x0000000e4b700000) (1024K)]
  0x000001b5869c04c0 ConcurrentGCThread "G1 Refine#3"               [id=8936, stack(0x0000000e4b700000,0x0000000e4b800000) (1024K)]
  0x000001b5869c2740 ConcurrentGCThread "G1 Refine#4"               [id=21572, stack(0x0000000e4b800000,0x0000000e4b900000) (1024K)]
  0x000001b5869c0910 ConcurrentGCThread "G1 Refine#5"               [id=11472, stack(0x0000000e4b900000,0x0000000e4ba00000) (1024K)]
  0x000001b5869c11b0 ConcurrentGCThread "G1 Refine#6"               [id=8264, stack(0x0000000e4ba00000,0x0000000e4bb00000) (1024K)]
  0x000001b5869c0d60 ConcurrentGCThread "G1 Refine#7"               [id=21284, stack(0x0000000e4bb00000,0x0000000e4bc00000) (1024K)]
  0x000001b5869bef30 ConcurrentGCThread "G1 Refine#8"               [id=21084, stack(0x0000000e4bc00000,0x0000000e4bd00000) (1024K)]
  0x000001b5869c1600 ConcurrentGCThread "G1 Refine#9"               [id=4284, stack(0x0000000e4bd00000,0x0000000e4be00000) (1024K)]
  0x000001b51e6fb0a0 ConcurrentGCThread "G1 Service"                [id=11736, stack(0x0000000e3c900000,0x0000000e3ca00000) (1024K)]
Total: 27

Threads with active compile tasks:
C2 CompilerThread0  4769437 180673 %     4       com.android.tools.r8.internal.t52::a @ 1135 (2026 bytes)
C2 CompilerThread1  4769437 180729       4       com.android.tools.r8.internal.gi4::a (153 bytes)
C2 CompilerThread2  4769437 180634   !   4       com.android.tools.r8.internal.e61::a (4236 bytes)
Total: 3

VM state: at safepoint (normal execution)

VM Mutex/Monitor currently owned by a thread:  ([mutex/lock_event])
[0x00007ffc85e665c0] Threads_lock - owner thread: 0x000001b51e83ae70
[0x00007ffc85e666c0] Heap_lock - owner thread: 0x000001b586b3b020

Heap address: 0x0000000700000000, size: 4096 MB, Compressed Oops mode: Zero based, Oop shift amount: 3

CDS archive(s) mapped at: [0x000001b520000000-0x000001b520c80000-0x000001b520c80000), size 13107200, SharedBaseAddress: 0x000001b520000000, ArchiveRelocationMode: 1.
Compressed class space mapped at: 0x000001b521000000-0x000001b561000000, reserved size: 1073741824
Narrow klass base: 0x000001b520000000, Narrow klass shift: 0, Narrow klass range: 0x100000000

GC Precious Log:
 CardTable entry size: 512
 Card Set container configuration: InlinePtr #cards 4 size 8 Array Of Cards #cards 16 size 48 Howl #buckets 8 coarsen threshold 3686 Howl Bitmap #cards 512 size 80 coarsen threshold 460 Card regions per heap region 1 cards per card region 4096
 CPUs: 12 total, 12 available
 Memory: 16122M
 Large Page Support: Disabled
 NUMA Support: Disabled
 Compressed Oops: Enabled (Zero based)
 Heap Region Size: 2M
 Heap Min Capacity: 8M
 Heap Initial Capacity: 252M
 Heap Max Capacity: 4G
 Pre-touch: Disabled
 Parallel Workers: 10
 Concurrent Workers: 3
 Concurrent Refinement Workers: 10
 Periodic GC: Disabled

Heap:
 garbage-first heap   total 1972224K, used 1175552K [0x0000000700000000, 0x0000000800000000)
  region size 2048K, 26 young (53248K), 26 survivors (53248K)
 Metaspace       used 645725K, committed 650624K, reserved 1638400K
  class space    used 81052K, committed 83392K, reserved 1048576K

Heap Regions: E=young(eden), S=young(survivor), O=old, HS=humongous(starts), HC=humongous(continues), CS=collection set, F=free, TAMS=top-at-mark-start, PB=parsable bottom
|   0|0x0000000700000000, 0x0000000700200000, 0x0000000700200000|100%|HS|  |TAMS 0x0000000700000000| PB 0x0000000700000000| Complete 
|   1|0x0000000700200000, 0x0000000700400000, 0x0000000700400000|100%|HC|  |TAMS 0x0000000700200000| PB 0x0000000700200000| Complete 
|   2|0x0000000700400000, 0x0000000700600000, 0x0000000700600000|100%| O|  |TAMS 0x0000000700400000| PB 0x0000000700400000| Untracked 
|   3|0x0000000700600000, 0x0000000700800000, 0x0000000700800000|100%| O|  |TAMS 0x0000000700600000| PB 0x0000000700600000| Untracked 
|   4|0x0000000700800000, 0x0000000700a00000, 0x0000000700a00000|100%| O|  |TAMS 0x0000000700800000| PB 0x0000000700800000| Untracked 
|   5|0x0000000700a00000, 0x0000000700c00000, 0x0000000700c00000|100%| O|  |TAMS 0x0000000700a00000| PB 0x0000000700a00000| Untracked 
|   6|0x0000000700c00000, 0x0000000700e00000, 0x0000000700e00000|100%|HS|  |TAMS 0x0000000700c00000| PB 0x0000000700c00000| Complete 
|   7|0x0000000700e00000, 0x0000000701000000, 0x0000000701000000|100%|HC|  |TAMS 0x0000000700e00000| PB 0x0000000700e00000| Complete 
|   8|0x0000000701000000, 0x0000000701200000, 0x0000000701200000|100%|HC|  |TAMS 0x0000000701000000| PB 0x0000000701000000| Complete 
|   9|0x0000000701200000, 0x0000000701400000, 0x0000000701400000|100%| O|  |TAMS 0x0000000701200000| PB 0x0000000701200000| Untracked 
|  10|0x0000000701400000, 0x0000000701600000, 0x0000000701600000|100%| O|  |TAMS 0x0000000701400000| PB 0x0000000701400000| Untracked 
|  11|0x0000000701600000, 0x0000000701800000, 0x0000000701800000|100%| O|  |TAMS 0x0000000701600000| PB 0x0000000701600000| Untracked 
|  12|0x0000000701800000, 0x0000000701a00000, 0x0000000701a00000|100%| O|  |TAMS 0x0000000701800000| PB 0x0000000701800000| Untracked 
|  13|0x0000000701a00000, 0x0000000701c00000, 0x0000000701c00000|100%| O|  |TAMS 0x0000000701a00000| PB 0x0000000701a00000| Untracked 
|  14|0x0000000701c00000, 0x0000000701e00000, 0x0000000701e00000|100%| O|  |TAMS 0x0000000701c00000| PB 0x0000000701c00000| Untracked 
|  15|0x0000000701e00000, 0x0000000702000000, 0x0000000702000000|100%|HS|  |TAMS 0x0000000701e00000| PB 0x0000000701e00000| Complete 
|  16|0x0000000702000000, 0x0000000702200000, 0x0000000702200000|100%| O|  |TAMS 0x0000000702000000| PB 0x0000000702000000| Untracked 
|  17|0x0000000702200000, 0x0000000702400000, 0x0000000702400000|100%| O|  |TAMS 0x0000000702200000| PB 0x0000000702200000| Untracked 
|  18|0x0000000702400000, 0x0000000702600000, 0x0000000702600000|100%| O|  |TAMS 0x0000000702400000| PB 0x0000000702400000| Untracked 
|  19|0x0000000702600000, 0x0000000702800000, 0x0000000702800000|100%| O|  |TAMS 0x0000000702600000| PB 0x0000000702600000| Untracked 
|  20|0x0000000702800000, 0x0000000702a00000, 0x0000000702a00000|100%| O|  |TAMS 0x0000000702800000| PB 0x0000000702800000| Untracked 
|  21|0x0000000702a00000, 0x0000000702c00000, 0x0000000702c00000|100%| O|  |TAMS 0x0000000702a00000| PB 0x0000000702a00000| Untracked 
|  22|0x0000000702c00000, 0x0000000702e00000, 0x0000000702e00000|100%| O|  |TAMS 0x0000000702c00000| PB 0x0000000702c00000| Untracked 
|  23|0x0000000702e00000, 0x0000000703000000, 0x0000000703000000|100%| O|  |TAMS 0x0000000702e00000| PB 0x0000000702e00000| Untracked 
|  24|0x0000000703000000, 0x0000000703200000, 0x0000000703200000|100%| O|  |TAMS 0x0000000703000000| PB 0x0000000703000000| Untracked 
|  25|0x0000000703200000, 0x0000000703400000, 0x0000000703400000|100%| O|  |TAMS 0x0000000703200000| PB 0x0000000703200000| Untracked 
|  26|0x0000000703400000, 0x0000000703600000, 0x0000000703600000|100%| O|  |TAMS 0x0000000703400000| PB 0x0000000703400000| Untracked 
|  27|0x0000000703600000, 0x0000000703800000, 0x0000000703800000|100%| O|  |TAMS 0x0000000703600000| PB 0x0000000703600000| Untracked 
|  28|0x0000000703800000, 0x0000000703a00000, 0x0000000703a00000|100%| O|  |TAMS 0x0000000703800000| PB 0x0000000703800000| Untracked 
|  29|0x0000000703a00000, 0x0000000703c00000, 0x0000000703c00000|100%|HS|  |TAMS 0x0000000703a00000| PB 0x0000000703a00000| Complete 
|  30|0x0000000703c00000, 0x0000000703e00000, 0x0000000703e00000|100%| O|  |TAMS 0x0000000703c00000| PB 0x0000000703c00000| Untracked 
|  31|0x0000000703e00000, 0x0000000704000000, 0x0000000704000000|100%| O|  |TAMS 0x0000000703e00000| PB 0x0000000703e00000| Untracked 
|  32|0x0000000704000000, 0x0000000704200000, 0x0000000704200000|100%| O|  |TAMS 0x0000000704000000| PB 0x0000000704000000| Untracked 
|  33|0x0000000704200000, 0x0000000704400000, 0x0000000704400000|100%|HS|  |TAMS 0x0000000704200000| PB 0x0000000704200000| Complete 
|  34|0x0000000704400000, 0x0000000704600000, 0x0000000704600000|100%|HC|  |TAMS 0x0000000704400000| PB 0x0000000704400000| Complete 
|  35|0x0000000704600000, 0x0000000704800000, 0x0000000704800000|100%|HC|  |TAMS 0x0000000704600000| PB 0x0000000704600000| Complete 
|  36|0x0000000704800000, 0x0000000704a00000, 0x0000000704a00000|100%| O|  |TAMS 0x0000000704800000| PB 0x0000000704800000| Untracked 
|  37|0x0000000704a00000, 0x0000000704c00000, 0x0000000704c00000|100%| O|  |TAMS 0x0000000704a00000| PB 0x0000000704a00000| Untracked 
|  38|0x0000000704c00000, 0x0000000704e00000, 0x0000000704e00000|100%|HS|  |TAMS 0x0000000704c00000| PB 0x0000000704c00000| Complete 
|  39|0x0000000704e00000, 0x0000000705000000, 0x0000000705000000|100%| O|  |TAMS 0x0000000704e00000| PB 0x0000000704e00000| Untracked 
|  40|0x0000000705000000, 0x0000000705200000, 0x0000000705200000|100%| O|  |TAMS 0x0000000705000000| PB 0x0000000705000000| Untracked 
|  41|0x0000000705200000, 0x0000000705400000, 0x0000000705400000|100%| O|  |TAMS 0x0000000705200000| PB 0x0000000705200000| Untracked 
|  42|0x0000000705400000, 0x0000000705600000, 0x0000000705600000|100%| O|  |TAMS 0x0000000705400000| PB 0x0000000705400000| Untracked 
|  43|0x0000000705600000, 0x0000000705800000, 0x0000000705800000|100%| O|  |TAMS 0x0000000705600000| PB 0x0000000705600000| Untracked 
|  44|0x0000000705800000, 0x0000000705a00000, 0x0000000705a00000|100%| O|  |TAMS 0x0000000705800000| PB 0x0000000705800000| Untracked 
|  45|0x0000000705a00000, 0x0000000705c00000, 0x0000000705c00000|100%| O|  |TAMS 0x0000000705a00000| PB 0x0000000705a00000| Untracked 
|  46|0x0000000705c00000, 0x0000000705e00000, 0x0000000705e00000|100%| O|  |TAMS 0x0000000705c00000| PB 0x0000000705c00000| Untracked 
|  47|0x0000000705e00000, 0x0000000706000000, 0x0000000706000000|100%| O|  |TAMS 0x0000000705e00000| PB 0x0000000705e00000| Untracked 
|  48|0x0000000706000000, 0x0000000706200000, 0x0000000706200000|100%| O|  |TAMS 0x0000000706000000| PB 0x0000000706000000| Untracked 
|  49|0x0000000706200000, 0x0000000706400000, 0x0000000706400000|100%| O|  |TAMS 0x0000000706200000| PB 0x0000000706200000| Untracked 
|  50|0x0000000706400000, 0x0000000706600000, 0x0000000706600000|100%| O|  |TAMS 0x0000000706400000| PB 0x0000000706400000| Untracked 
|  51|0x0000000706600000, 0x0000000706800000, 0x0000000706800000|100%| O|  |TAMS 0x0000000706600000| PB 0x0000000706600000| Untracked 
|  52|0x0000000706800000, 0x0000000706a00000, 0x0000000706a00000|100%| O|  |TAMS 0x0000000706800000| PB 0x0000000706800000| Untracked 
|  53|0x0000000706a00000, 0x0000000706c00000, 0x0000000706c00000|100%| O|  |TAMS 0x0000000706a00000| PB 0x0000000706a00000| Untracked 
|  54|0x0000000706c00000, 0x0000000706e00000, 0x0000000706e00000|100%| O|  |TAMS 0x0000000706c00000| PB 0x0000000706c00000| Untracked 
|  55|0x0000000706e00000, 0x0000000707000000, 0x0000000707000000|100%| O|  |TAMS 0x0000000706e00000| PB 0x0000000706e00000| Untracked 
|  56|0x0000000707000000, 0x0000000707200000, 0x0000000707200000|100%| O|  |TAMS 0x0000000707000000| PB 0x0000000707000000| Untracked 
|  57|0x0000000707200000, 0x0000000707400000, 0x0000000707400000|100%|HS|  |TAMS 0x0000000707200000| PB 0x0000000707200000| Complete 
|  58|0x0000000707400000, 0x0000000707600000, 0x0000000707600000|100%| O|  |TAMS 0x0000000707400000| PB 0x0000000707400000| Untracked 
|  59|0x0000000707600000, 0x0000000707800000, 0x0000000707800000|100%| O|  |TAMS 0x0000000707600000| PB 0x0000000707600000| Untracked 
|  60|0x0000000707800000, 0x0000000707a00000, 0x0000000707a00000|100%| O|  |TAMS 0x0000000707800000| PB 0x0000000707800000| Untracked 
|  61|0x0000000707a00000, 0x0000000707c00000, 0x0000000707c00000|100%| O|  |TAMS 0x0000000707a00000| PB 0x0000000707a00000| Untracked 
|  62|0x0000000707c00000, 0x0000000707e00000, 0x0000000707e00000|100%| O|  |TAMS 0x0000000707c00000| PB 0x0000000707c00000| Untracked 
|  63|0x0000000707e00000, 0x0000000708000000, 0x0000000708000000|100%| O|  |TAMS 0x0000000707e00000| PB 0x0000000707e00000| Untracked 
|  64|0x0000000708000000, 0x0000000708200000, 0x0000000708200000|100%| O|  |TAMS 0x0000000708000000| PB 0x0000000708000000| Untracked 
|  65|0x0000000708200000, 0x0000000708400000, 0x0000000708400000|100%| O|  |TAMS 0x0000000708200000| PB 0x0000000708200000| Untracked 
|  66|0x0000000708400000, 0x0000000708600000, 0x0000000708600000|100%| O|  |TAMS 0x0000000708400000| PB 0x0000000708400000| Untracked 
|  67|0x0000000708600000, 0x0000000708800000, 0x0000000708800000|100%| O|  |TAMS 0x0000000708600000| PB 0x0000000708600000| Untracked 
|  68|0x0000000708800000, 0x0000000708a00000, 0x0000000708a00000|100%| O|  |TAMS 0x0000000708800000| PB 0x0000000708800000| Untracked 
|  69|0x0000000708a00000, 0x0000000708c00000, 0x0000000708c00000|100%| O|  |TAMS 0x0000000708a00000| PB 0x0000000708a00000| Untracked 
|  70|0x0000000708c00000, 0x0000000708e00000, 0x0000000708e00000|100%| O|  |TAMS 0x0000000708c00000| PB 0x0000000708c00000| Untracked 
|  71|0x0000000708e00000, 0x0000000709000000, 0x0000000709000000|100%| O|  |TAMS 0x0000000708e00000| PB 0x0000000708e00000| Untracked 
|  72|0x0000000709000000, 0x0000000709200000, 0x0000000709200000|100%| O|  |TAMS 0x0000000709000000| PB 0x0000000709000000| Untracked 
|  73|0x0000000709200000, 0x0000000709400000, 0x0000000709400000|100%| O|  |TAMS 0x0000000709200000| PB 0x0000000709200000| Untracked 
|  74|0x0000000709400000, 0x0000000709600000, 0x0000000709600000|100%| O|  |TAMS 0x0000000709400000| PB 0x0000000709400000| Untracked 
|  75|0x0000000709600000, 0x0000000709800000, 0x0000000709800000|100%| O|  |TAMS 0x0000000709600000| PB 0x0000000709600000| Untracked 
|  76|0x0000000709800000, 0x0000000709a00000, 0x0000000709a00000|100%| O|  |TAMS 0x0000000709800000| PB 0x0000000709800000| Untracked 
|  77|0x0000000709a00000, 0x0000000709c00000, 0x0000000709c00000|100%| O|  |TAMS 0x0000000709a00000| PB 0x0000000709a00000| Untracked 
|  78|0x0000000709c00000, 0x0000000709e00000, 0x0000000709e00000|100%| O|  |TAMS 0x0000000709c00000| PB 0x0000000709c00000| Untracked 
|  79|0x0000000709e00000, 0x000000070a000000, 0x000000070a000000|100%| O|  |TAMS 0x0000000709e00000| PB 0x0000000709e00000| Untracked 
|  80|0x000000070a000000, 0x000000070a200000, 0x000000070a200000|100%| O|  |TAMS 0x000000070a000000| PB 0x000000070a000000| Untracked 
|  81|0x000000070a200000, 0x000000070a400000, 0x000000070a400000|100%| O|  |TAMS 0x000000070a200000| PB 0x000000070a200000| Untracked 
|  82|0x000000070a400000, 0x000000070a600000, 0x000000070a600000|100%| O|  |TAMS 0x000000070a400000| PB 0x000000070a400000| Untracked 
|  83|0x000000070a600000, 0x000000070a800000, 0x000000070a800000|100%| O|  |TAMS 0x000000070a600000| PB 0x000000070a600000| Untracked 
|  84|0x000000070a800000, 0x000000070aa00000, 0x000000070aa00000|100%| O|  |TAMS 0x000000070a800000| PB 0x000000070a800000| Untracked 
|  85|0x000000070aa00000, 0x000000070ac00000, 0x000000070ac00000|100%| O|  |TAMS 0x000000070aa00000| PB 0x000000070aa00000| Untracked 
|  86|0x000000070ac00000, 0x000000070ae00000, 0x000000070ae00000|100%| O|  |TAMS 0x000000070ac00000| PB 0x000000070ac00000| Untracked 
|  87|0x000000070ae00000, 0x000000070b000000, 0x000000070b000000|100%| O|  |TAMS 0x000000070ae00000| PB 0x000000070ae00000| Untracked 
|  88|0x000000070b000000, 0x000000070b200000, 0x000000070b200000|100%| O|  |TAMS 0x000000070b000000| PB 0x000000070b000000| Untracked 
|  89|0x000000070b200000, 0x000000070b400000, 0x000000070b400000|100%| O|  |TAMS 0x000000070b200000| PB 0x000000070b200000| Untracked 
|  90|0x000000070b400000, 0x000000070b600000, 0x000000070b600000|100%| O|  |TAMS 0x000000070b400000| PB 0x000000070b400000| Untracked 
|  91|0x000000070b600000, 0x000000070b800000, 0x000000070b800000|100%| O|  |TAMS 0x000000070b600000| PB 0x000000070b600000| Untracked 
|  92|0x000000070b800000, 0x000000070ba00000, 0x000000070ba00000|100%| O|  |TAMS 0x000000070b800000| PB 0x000000070b800000| Untracked 
|  93|0x000000070ba00000, 0x000000070bc00000, 0x000000070bc00000|100%| O|  |TAMS 0x000000070ba00000| PB 0x000000070ba00000| Untracked 
|  94|0x000000070bc00000, 0x000000070be00000, 0x000000070be00000|100%| O|  |TAMS 0x000000070bc00000| PB 0x000000070bc00000| Untracked 
|  95|0x000000070be00000, 0x000000070c000000, 0x000000070c000000|100%| O|  |TAMS 0x000000070be00000| PB 0x000000070be00000| Untracked 
|  96|0x000000070c000000, 0x000000070c200000, 0x000000070c200000|100%| O|  |TAMS 0x000000070c000000| PB 0x000000070c000000| Untracked 
|  97|0x000000070c200000, 0x000000070c400000, 0x000000070c400000|100%| O|  |TAMS 0x000000070c200000| PB 0x000000070c200000| Untracked 
|  98|0x000000070c400000, 0x000000070c600000, 0x000000070c600000|100%| O|  |TAMS 0x000000070c400000| PB 0x000000070c400000| Untracked 
|  99|0x000000070c600000, 0x000000070c800000, 0x000000070c800000|100%| O|  |TAMS 0x000000070c600000| PB 0x000000070c600000| Untracked 
| 100|0x000000070c800000, 0x000000070ca00000, 0x000000070ca00000|100%| O|  |TAMS 0x000000070c800000| PB 0x000000070c800000| Untracked 
| 101|0x000000070ca00000, 0x000000070cc00000, 0x000000070cc00000|100%| O|  |TAMS 0x000000070ca00000| PB 0x000000070ca00000| Untracked 
| 102|0x000000070cc00000, 0x000000070ce00000, 0x000000070ce00000|100%| O|  |TAMS 0x000000070cc00000| PB 0x000000070cc00000| Untracked 
| 103|0x000000070ce00000, 0x000000070d000000, 0x000000070d000000|100%| O|  |TAMS 0x000000070ce00000| PB 0x000000070ce00000| Untracked 
| 104|0x000000070d000000, 0x000000070d200000, 0x000000070d200000|100%| O|  |TAMS 0x000000070d000000| PB 0x000000070d000000| Untracked 
| 105|0x000000070d200000, 0x000000070d400000, 0x000000070d400000|100%| O|  |TAMS 0x000000070d200000| PB 0x000000070d200000| Untracked 
| 106|0x000000070d400000, 0x000000070d600000, 0x000000070d600000|100%| O|  |TAMS 0x000000070d400000| PB 0x000000070d400000| Untracked 
| 107|0x000000070d600000, 0x000000070d800000, 0x000000070d800000|100%| O|  |TAMS 0x000000070d600000| PB 0x000000070d600000| Untracked 
| 108|0x000000070d800000, 0x000000070da00000, 0x000000070da00000|100%| O|  |TAMS 0x000000070d800000| PB 0x000000070d800000| Untracked 
| 109|0x000000070da00000, 0x000000070dc00000, 0x000000070dc00000|100%| O|  |TAMS 0x000000070da00000| PB 0x000000070da00000| Untracked 
| 110|0x000000070dc00000, 0x000000070de00000, 0x000000070de00000|100%| O|  |TAMS 0x000000070dc00000| PB 0x000000070dc00000| Untracked 
| 111|0x000000070de00000, 0x000000070e000000, 0x000000070e000000|100%|HS|  |TAMS 0x000000070de00000| PB 0x000000070de00000| Complete 
| 112|0x000000070e000000, 0x000000070e200000, 0x000000070e200000|100%|HS|  |TAMS 0x000000070e000000| PB 0x000000070e000000| Complete 
| 113|0x000000070e200000, 0x000000070e400000, 0x000000070e400000|100%| O|  |TAMS 0x000000070e200000| PB 0x000000070e200000| Untracked 
| 114|0x000000070e400000, 0x000000070e600000, 0x000000070e600000|100%| O|  |TAMS 0x000000070e400000| PB 0x000000070e400000| Untracked 
| 115|0x000000070e600000, 0x000000070e800000, 0x000000070e800000|100%| O|  |TAMS 0x000000070e600000| PB 0x000000070e600000| Untracked 
| 116|0x000000070e800000, 0x000000070ea00000, 0x000000070ea00000|100%| O|  |TAMS 0x000000070e800000| PB 0x000000070e800000| Untracked 
| 117|0x000000070ea00000, 0x000000070ec00000, 0x000000070ec00000|100%| O|  |TAMS 0x000000070ea00000| PB 0x000000070ea00000| Untracked 
| 118|0x000000070ec00000, 0x000000070ee00000, 0x000000070ee00000|100%| O|  |TAMS 0x000000070ec00000| PB 0x000000070ec00000| Untracked 
| 119|0x000000070ee00000, 0x000000070f000000, 0x000000070f000000|100%| O|  |TAMS 0x000000070ee00000| PB 0x000000070ee00000| Untracked 
| 120|0x000000070f000000, 0x000000070f200000, 0x000000070f200000|100%| O|  |TAMS 0x000000070f000000| PB 0x000000070f000000| Untracked 
| 121|0x000000070f200000, 0x000000070f400000, 0x000000070f400000|100%| O|  |TAMS 0x000000070f200000| PB 0x000000070f200000| Untracked 
| 122|0x000000070f400000, 0x000000070f600000, 0x000000070f600000|100%| O|  |TAMS 0x000000070f400000| PB 0x000000070f400000| Untracked 
| 123|0x000000070f600000, 0x000000070f800000, 0x000000070f800000|100%| O|  |TAMS 0x000000070f600000| PB 0x000000070f600000| Untracked 
| 124|0x000000070f800000, 0x000000070fa00000, 0x000000070fa00000|100%| O|  |TAMS 0x000000070f800000| PB 0x000000070f800000| Untracked 
| 125|0x000000070fa00000, 0x000000070fc00000, 0x000000070fc00000|100%| O|  |TAMS 0x000000070fa00000| PB 0x000000070fa00000| Untracked 
| 126|0x000000070fc00000, 0x000000070fe00000, 0x000000070fe00000|100%| O|  |TAMS 0x000000070fc00000| PB 0x000000070fc00000| Untracked 
| 127|0x000000070fe00000, 0x0000000710000000, 0x0000000710000000|100%| O|  |TAMS 0x000000070fe00000| PB 0x000000070fe00000| Untracked 
| 128|0x0000000710000000, 0x0000000710000000, 0x0000000710200000|  0%| F|  |TAMS 0x0000000710000000| PB 0x0000000710000000| Untracked 
| 129|0x0000000710200000, 0x0000000710400000, 0x0000000710400000|100%| O|  |TAMS 0x0000000710200000| PB 0x0000000710200000| Untracked 
| 130|0x0000000710400000, 0x0000000710600000, 0x0000000710600000|100%| O|  |TAMS 0x0000000710400000| PB 0x0000000710400000| Untracked 
| 131|0x0000000710600000, 0x0000000710600000, 0x0000000710800000|  0%| F|  |TAMS 0x0000000710600000| PB 0x0000000710600000| Untracked 
| 132|0x0000000710800000, 0x0000000710a00000, 0x0000000710a00000|100%| O|  |TAMS 0x0000000710800000| PB 0x0000000710800000| Untracked 
| 133|0x0000000710a00000, 0x0000000710a00000, 0x0000000710c00000|  0%| F|  |TAMS 0x0000000710a00000| PB 0x0000000710a00000| Untracked 
| 134|0x0000000710c00000, 0x0000000710e00000, 0x0000000710e00000|100%| O|  |TAMS 0x0000000710c00000| PB 0x0000000710c00000| Untracked 
| 135|0x0000000710e00000, 0x0000000711000000, 0x0000000711000000|100%| O|  |TAMS 0x0000000710e00000| PB 0x0000000710e00000| Untracked 
| 136|0x0000000711000000, 0x0000000711200000, 0x0000000711200000|100%| O|  |TAMS 0x0000000711000000| PB 0x0000000711000000| Untracked 
| 137|0x0000000711200000, 0x0000000711400000, 0x0000000711400000|100%| O|  |TAMS 0x0000000711200000| PB 0x0000000711200000| Untracked 
| 138|0x0000000711400000, 0x0000000711600000, 0x0000000711600000|100%| O|  |TAMS 0x0000000711400000| PB 0x0000000711400000| Untracked 
| 139|0x0000000711600000, 0x0000000711600000, 0x0000000711800000|  0%| F|  |TAMS 0x0000000711600000| PB 0x0000000711600000| Untracked 
| 140|0x0000000711800000, 0x0000000711a00000, 0x0000000711a00000|100%| O|  |TAMS 0x0000000711800000| PB 0x0000000711800000| Untracked 
| 141|0x0000000711a00000, 0x0000000711c00000, 0x0000000711c00000|100%| O|  |TAMS 0x0000000711a00000| PB 0x0000000711a00000| Untracked 
| 142|0x0000000711c00000, 0x0000000711e00000, 0x0000000711e00000|100%| O|  |TAMS 0x0000000711c00000| PB 0x0000000711c00000| Untracked 
| 143|0x0000000711e00000, 0x0000000712000000, 0x0000000712000000|100%| O|  |TAMS 0x0000000711e00000| PB 0x0000000711e00000| Untracked 
| 144|0x0000000712000000, 0x0000000712200000, 0x0000000712200000|100%| O|  |TAMS 0x0000000712000000| PB 0x0000000712000000| Untracked 
| 145|0x0000000712200000, 0x0000000712200000, 0x0000000712400000|  0%| F|  |TAMS 0x0000000712200000| PB 0x0000000712200000| Untracked 
| 146|0x0000000712400000, 0x0000000712600000, 0x0000000712600000|100%| O|  |TAMS 0x0000000712400000| PB 0x0000000712400000| Untracked 
| 147|0x0000000712600000, 0x0000000712800000, 0x0000000712800000|100%| O|  |TAMS 0x0000000712600000| PB 0x0000000712600000| Untracked 
| 148|0x0000000712800000, 0x0000000712a00000, 0x0000000712a00000|100%| O|  |TAMS 0x0000000712800000| PB 0x0000000712800000| Untracked 
| 149|0x0000000712a00000, 0x0000000712c00000, 0x0000000712c00000|100%| O|  |TAMS 0x0000000712a00000| PB 0x0000000712a00000| Untracked 
| 150|0x0000000712c00000, 0x0000000712e00000, 0x0000000712e00000|100%| O|  |TAMS 0x0000000712c00000| PB 0x0000000712c00000| Untracked 
| 151|0x0000000712e00000, 0x0000000713000000, 0x0000000713000000|100%| O|  |TAMS 0x0000000712e00000| PB 0x0000000712e00000| Untracked 
| 152|0x0000000713000000, 0x0000000713200000, 0x0000000713200000|100%| O|  |TAMS 0x0000000713000000| PB 0x0000000713000000| Untracked 
| 153|0x0000000713200000, 0x0000000713400000, 0x0000000713400000|100%| O|  |TAMS 0x0000000713200000| PB 0x0000000713200000| Untracked 
| 154|0x0000000713400000, 0x0000000713600000, 0x0000000713600000|100%| O|  |TAMS 0x0000000713400000| PB 0x0000000713400000| Untracked 
| 155|0x0000000713600000, 0x0000000713800000, 0x0000000713800000|100%| O|  |TAMS 0x0000000713600000| PB 0x0000000713600000| Untracked 
| 156|0x0000000713800000, 0x0000000713a00000, 0x0000000713a00000|100%| O|  |TAMS 0x0000000713800000| PB 0x0000000713800000| Untracked 
| 157|0x0000000713a00000, 0x0000000713c00000, 0x0000000713c00000|100%| O|  |TAMS 0x0000000713a00000| PB 0x0000000713a00000| Untracked 
| 158|0x0000000713c00000, 0x0000000713e00000, 0x0000000713e00000|100%| O|  |TAMS 0x0000000713c00000| PB 0x0000000713c00000| Untracked 
| 159|0x0000000713e00000, 0x0000000714000000, 0x0000000714000000|100%| O|  |TAMS 0x0000000713e00000| PB 0x0000000713e00000| Untracked 
| 160|0x0000000714000000, 0x0000000714200000, 0x0000000714200000|100%| O|  |TAMS 0x0000000714000000| PB 0x0000000714000000| Untracked 
| 161|0x0000000714200000, 0x0000000714400000, 0x0000000714400000|100%| O|  |TAMS 0x0000000714200000| PB 0x0000000714200000| Untracked 
| 162|0x0000000714400000, 0x0000000714600000, 0x0000000714600000|100%|HS|  |TAMS 0x0000000714400000| PB 0x0000000714400000| Complete 
| 163|0x0000000714600000, 0x0000000714800000, 0x0000000714800000|100%| O|  |TAMS 0x0000000714600000| PB 0x0000000714600000| Untracked 
| 164|0x0000000714800000, 0x0000000714a00000, 0x0000000714a00000|100%| O|  |TAMS 0x0000000714800000| PB 0x0000000714800000| Untracked 
| 165|0x0000000714a00000, 0x0000000714c00000, 0x0000000714c00000|100%| O|  |TAMS 0x0000000714a00000| PB 0x0000000714a00000| Untracked 
| 166|0x0000000714c00000, 0x0000000714e00000, 0x0000000714e00000|100%| O|  |TAMS 0x0000000714c00000| PB 0x0000000714c00000| Untracked 
| 167|0x0000000714e00000, 0x0000000715000000, 0x0000000715000000|100%| O|  |TAMS 0x0000000714e00000| PB 0x0000000714e00000| Untracked 
| 168|0x0000000715000000, 0x0000000715000000, 0x0000000715200000|  0%| F|  |TAMS 0x0000000715000000| PB 0x0000000715000000| Untracked 
| 169|0x0000000715200000, 0x0000000715400000, 0x0000000715400000|100%| O|  |TAMS 0x0000000715200000| PB 0x0000000715200000| Untracked 
| 170|0x0000000715400000, 0x0000000715600000, 0x0000000715600000|100%| O|  |TAMS 0x0000000715400000| PB 0x0000000715400000| Untracked 
| 171|0x0000000715600000, 0x0000000715600000, 0x0000000715800000|  0%| F|  |TAMS 0x0000000715600000| PB 0x0000000715600000| Untracked 
| 172|0x0000000715800000, 0x0000000715a00000, 0x0000000715a00000|100%| O|  |TAMS 0x0000000715800000| PB 0x0000000715800000| Untracked 
| 173|0x0000000715a00000, 0x0000000715c00000, 0x0000000715c00000|100%| O|  |TAMS 0x0000000715a00000| PB 0x0000000715a00000| Untracked 
| 174|0x0000000715c00000, 0x0000000715e00000, 0x0000000715e00000|100%| O|  |TAMS 0x0000000715c00000| PB 0x0000000715c00000| Untracked 
| 175|0x0000000715e00000, 0x0000000716000000, 0x0000000716000000|100%| O|  |TAMS 0x0000000715e00000| PB 0x0000000715e00000| Untracked 
| 176|0x0000000716000000, 0x0000000716200000, 0x0000000716200000|100%| O|  |TAMS 0x0000000716000000| PB 0x0000000716000000| Untracked 
| 177|0x0000000716200000, 0x0000000716400000, 0x0000000716400000|100%| O|  |TAMS 0x0000000716200000| PB 0x0000000716200000| Untracked 
| 178|0x0000000716400000, 0x0000000716600000, 0x0000000716600000|100%| O|  |TAMS 0x0000000716400000| PB 0x0000000716400000| Untracked 
| 179|0x0000000716600000, 0x0000000716600000, 0x0000000716800000|  0%| F|  |TAMS 0x0000000716600000| PB 0x0000000716600000| Untracked 
| 180|0x0000000716800000, 0x0000000716a00000, 0x0000000716a00000|100%| O|  |TAMS 0x0000000716800000| PB 0x0000000716800000| Untracked 
| 181|0x0000000716a00000, 0x0000000716a00000, 0x0000000716c00000|  0%| F|  |TAMS 0x0000000716a00000| PB 0x0000000716a00000| Untracked 
| 182|0x0000000716c00000, 0x0000000716e00000, 0x0000000716e00000|100%| O|  |TAMS 0x0000000716c00000| PB 0x0000000716c00000| Untracked 
| 183|0x0000000716e00000, 0x0000000717000000, 0x0000000717000000|100%| O|  |TAMS 0x0000000716e00000| PB 0x0000000716e00000| Untracked 
| 184|0x0000000717000000, 0x0000000717200000, 0x0000000717200000|100%| O|  |TAMS 0x0000000717000000| PB 0x0000000717000000| Untracked 
| 185|0x0000000717200000, 0x0000000717400000, 0x0000000717400000|100%| O|  |TAMS 0x0000000717200000| PB 0x0000000717200000| Untracked 
| 186|0x0000000717400000, 0x0000000717400000, 0x0000000717600000|  0%| F|  |TAMS 0x0000000717400000| PB 0x0000000717400000| Untracked 
| 187|0x0000000717600000, 0x0000000717800000, 0x0000000717800000|100%|HS|  |TAMS 0x0000000717600000| PB 0x0000000717600000| Complete 
| 188|0x0000000717800000, 0x0000000717a00000, 0x0000000717a00000|100%|HC|  |TAMS 0x0000000717800000| PB 0x0000000717800000| Complete 
| 189|0x0000000717a00000, 0x0000000717c00000, 0x0000000717c00000|100%| O|  |TAMS 0x0000000717a00000| PB 0x0000000717a00000| Untracked 
| 190|0x0000000717c00000, 0x0000000717e00000, 0x0000000717e00000|100%| O|  |TAMS 0x0000000717c00000| PB 0x0000000717c00000| Untracked 
| 191|0x0000000717e00000, 0x0000000718000000, 0x0000000718000000|100%| O|  |TAMS 0x0000000717e00000| PB 0x0000000717e00000| Untracked 
| 192|0x0000000718000000, 0x0000000718200000, 0x0000000718200000|100%| O|  |TAMS 0x0000000718000000| PB 0x0000000718000000| Untracked 
| 193|0x0000000718200000, 0x0000000718400000, 0x0000000718400000|100%| O|  |TAMS 0x0000000718200000| PB 0x0000000718200000| Untracked 
| 194|0x0000000718400000, 0x0000000718600000, 0x0000000718600000|100%| O|  |TAMS 0x0000000718400000| PB 0x0000000718400000| Untracked 
| 195|0x0000000718600000, 0x0000000718800000, 0x0000000718800000|100%| O|  |TAMS 0x0000000718600000| PB 0x0000000718600000| Untracked 
| 196|0x0000000718800000, 0x0000000718a00000, 0x0000000718a00000|100%| O|  |TAMS 0x0000000718800000| PB 0x0000000718800000| Untracked 
| 197|0x0000000718a00000, 0x0000000718a00000, 0x0000000718c00000|  0%| F|  |TAMS 0x0000000718a00000| PB 0x0000000718a00000| Untracked 
| 198|0x0000000718c00000, 0x0000000718e00000, 0x0000000718e00000|100%| O|  |TAMS 0x0000000718c00000| PB 0x0000000718c00000| Untracked 
| 199|0x0000000718e00000, 0x0000000719000000, 0x0000000719000000|100%| O|  |TAMS 0x0000000718e00000| PB 0x0000000718e00000| Untracked 
| 200|0x0000000719000000, 0x0000000719200000, 0x0000000719200000|100%| O|  |TAMS 0x0000000719000000| PB 0x0000000719000000| Untracked 
| 201|0x0000000719200000, 0x0000000719400000, 0x0000000719400000|100%| O|  |TAMS 0x0000000719200000| PB 0x0000000719200000| Untracked 
| 202|0x0000000719400000, 0x0000000719600000, 0x0000000719600000|100%|HS|  |TAMS 0x0000000719400000| PB 0x0000000719400000| Complete 
| 203|0x0000000719600000, 0x0000000719800000, 0x0000000719800000|100%|HC|  |TAMS 0x0000000719600000| PB 0x0000000719600000| Complete 
| 204|0x0000000719800000, 0x0000000719800000, 0x0000000719a00000|  0%| F|  |TAMS 0x0000000719800000| PB 0x0000000719800000| Untracked 
| 205|0x0000000719a00000, 0x0000000719c00000, 0x0000000719c00000|100%| O|  |TAMS 0x0000000719a00000| PB 0x0000000719a00000| Untracked 
| 206|0x0000000719c00000, 0x0000000719e00000, 0x0000000719e00000|100%| O|  |TAMS 0x0000000719c00000| PB 0x0000000719c00000| Untracked 
| 207|0x0000000719e00000, 0x000000071a000000, 0x000000071a000000|100%| O|  |TAMS 0x0000000719e00000| PB 0x0000000719e00000| Untracked 
| 208|0x000000071a000000, 0x000000071a200000, 0x000000071a200000|100%| O|  |TAMS 0x000000071a000000| PB 0x000000071a000000| Untracked 
| 209|0x000000071a200000, 0x000000071a400000, 0x000000071a400000|100%| O|  |TAMS 0x000000071a200000| PB 0x000000071a200000| Untracked 
| 210|0x000000071a400000, 0x000000071a600000, 0x000000071a600000|100%| O|  |TAMS 0x000000071a400000| PB 0x000000071a400000| Untracked 
| 211|0x000000071a600000, 0x000000071a800000, 0x000000071a800000|100%| O|  |TAMS 0x000000071a600000| PB 0x000000071a600000| Untracked 
| 212|0x000000071a800000, 0x000000071aa00000, 0x000000071aa00000|100%| O|  |TAMS 0x000000071a800000| PB 0x000000071a800000| Untracked 
| 213|0x000000071aa00000, 0x000000071ac00000, 0x000000071ac00000|100%| O|  |TAMS 0x000000071aa00000| PB 0x000000071aa00000| Untracked 
| 214|0x000000071ac00000, 0x000000071ae00000, 0x000000071ae00000|100%| O|  |TAMS 0x000000071ac00000| PB 0x000000071ac00000| Untracked 
| 215|0x000000071ae00000, 0x000000071b000000, 0x000000071b000000|100%| O|  |TAMS 0x000000071ae00000| PB 0x000000071ae00000| Untracked 
| 216|0x000000071b000000, 0x000000071b200000, 0x000000071b200000|100%| O|  |TAMS 0x000000071b000000| PB 0x000000071b000000| Untracked 
| 217|0x000000071b200000, 0x000000071b400000, 0x000000071b400000|100%| O|  |TAMS 0x000000071b200000| PB 0x000000071b200000| Untracked 
| 218|0x000000071b400000, 0x000000071b600000, 0x000000071b600000|100%| O|  |TAMS 0x000000071b400000| PB 0x000000071b400000| Untracked 
| 219|0x000000071b600000, 0x000000071b800000, 0x000000071b800000|100%| O|  |TAMS 0x000000071b600000| PB 0x000000071b600000| Untracked 
| 220|0x000000071b800000, 0x000000071ba00000, 0x000000071ba00000|100%| O|  |TAMS 0x000000071b800000| PB 0x000000071b800000| Untracked 
| 221|0x000000071ba00000, 0x000000071bc00000, 0x000000071bc00000|100%| O|  |TAMS 0x000000071ba00000| PB 0x000000071ba00000| Untracked 
| 222|0x000000071bc00000, 0x000000071be00000, 0x000000071be00000|100%| O|  |TAMS 0x000000071bc00000| PB 0x000000071bc00000| Untracked 
| 223|0x000000071be00000, 0x000000071c000000, 0x000000071c000000|100%| O|  |TAMS 0x000000071be00000| PB 0x000000071be00000| Untracked 
| 224|0x000000071c000000, 0x000000071c200000, 0x000000071c200000|100%| O|  |TAMS 0x000000071c000000| PB 0x000000071c000000| Untracked 
| 225|0x000000071c200000, 0x000000071c400000, 0x000000071c400000|100%| O|  |TAMS 0x000000071c200000| PB 0x000000071c200000| Untracked 
| 226|0x000000071c400000, 0x000000071c600000, 0x000000071c600000|100%| O|  |TAMS 0x000000071c400000| PB 0x000000071c400000| Untracked 
| 227|0x000000071c600000, 0x000000071c800000, 0x000000071c800000|100%| O|  |TAMS 0x000000071c600000| PB 0x000000071c600000| Untracked 
| 228|0x000000071c800000, 0x000000071ca00000, 0x000000071ca00000|100%| O|  |TAMS 0x000000071c800000| PB 0x000000071c800000| Untracked 
| 229|0x000000071ca00000, 0x000000071cc00000, 0x000000071cc00000|100%| O|  |TAMS 0x000000071ca00000| PB 0x000000071ca00000| Untracked 
| 230|0x000000071cc00000, 0x000000071ce00000, 0x000000071ce00000|100%| O|  |TAMS 0x000000071cc00000| PB 0x000000071cc00000| Untracked 
| 231|0x000000071ce00000, 0x000000071d000000, 0x000000071d000000|100%| O|  |TAMS 0x000000071ce00000| PB 0x000000071ce00000| Untracked 
| 232|0x000000071d000000, 0x000000071d200000, 0x000000071d200000|100%| O|  |TAMS 0x000000071d000000| PB 0x000000071d000000| Untracked 
| 233|0x000000071d200000, 0x000000071d400000, 0x000000071d400000|100%| O|  |TAMS 0x000000071d200000| PB 0x000000071d200000| Untracked 
| 234|0x000000071d400000, 0x000000071d600000, 0x000000071d600000|100%| O|  |TAMS 0x000000071d400000| PB 0x000000071d400000| Untracked 
| 235|0x000000071d600000, 0x000000071d800000, 0x000000071d800000|100%| O|  |TAMS 0x000000071d600000| PB 0x000000071d600000| Untracked 
| 236|0x000000071d800000, 0x000000071da00000, 0x000000071da00000|100%| O|  |TAMS 0x000000071d800000| PB 0x000000071d800000| Untracked 
| 237|0x000000071da00000, 0x000000071dc00000, 0x000000071dc00000|100%| O|  |TAMS 0x000000071da00000| PB 0x000000071da00000| Untracked 
| 238|0x000000071dc00000, 0x000000071de00000, 0x000000071de00000|100%| O|  |TAMS 0x000000071dc00000| PB 0x000000071dc00000| Untracked 
| 239|0x000000071de00000, 0x000000071e000000, 0x000000071e000000|100%| O|  |TAMS 0x000000071de00000| PB 0x000000071de00000| Untracked 
| 240|0x000000071e000000, 0x000000071e200000, 0x000000071e200000|100%| O|  |TAMS 0x000000071e000000| PB 0x000000071e000000| Untracked 
| 241|0x000000071e200000, 0x000000071e400000, 0x000000071e400000|100%| O|  |TAMS 0x000000071e200000| PB 0x000000071e200000| Untracked 
| 242|0x000000071e400000, 0x000000071e600000, 0x000000071e600000|100%| O|  |TAMS 0x000000071e400000| PB 0x000000071e400000| Untracked 
| 243|0x000000071e600000, 0x000000071e800000, 0x000000071e800000|100%| O|  |TAMS 0x000000071e600000| PB 0x000000071e600000| Untracked 
| 244|0x000000071e800000, 0x000000071ea00000, 0x000000071ea00000|100%| O|  |TAMS 0x000000071e800000| PB 0x000000071e800000| Untracked 
| 245|0x000000071ea00000, 0x000000071ec00000, 0x000000071ec00000|100%| O|  |TAMS 0x000000071ea00000| PB 0x000000071ea00000| Untracked 
| 246|0x000000071ec00000, 0x000000071ee00000, 0x000000071ee00000|100%| O|  |TAMS 0x000000071ec00000| PB 0x000000071ec00000| Untracked 
| 247|0x000000071ee00000, 0x000000071f000000, 0x000000071f000000|100%| O|  |TAMS 0x000000071ee00000| PB 0x000000071ee00000| Untracked 
| 248|0x000000071f000000, 0x000000071f200000, 0x000000071f200000|100%| O|  |TAMS 0x000000071f000000| PB 0x000000071f000000| Untracked 
| 249|0x000000071f200000, 0x000000071f400000, 0x000000071f400000|100%| O|  |TAMS 0x000000071f200000| PB 0x000000071f200000| Untracked 
| 250|0x000000071f400000, 0x000000071f600000, 0x000000071f600000|100%| O|  |TAMS 0x000000071f400000| PB 0x000000071f400000| Untracked 
| 251|0x000000071f600000, 0x000000071f800000, 0x000000071f800000|100%| O|  |TAMS 0x000000071f600000| PB 0x000000071f600000| Untracked 
| 252|0x000000071f800000, 0x000000071fa00000, 0x000000071fa00000|100%| O|  |TAMS 0x000000071f800000| PB 0x000000071f800000| Untracked 
| 253|0x000000071fa00000, 0x000000071fc00000, 0x000000071fc00000|100%| O|  |TAMS 0x000000071fa00000| PB 0x000000071fa00000| Untracked 
| 254|0x000000071fc00000, 0x000000071fe00000, 0x000000071fe00000|100%| O|  |TAMS 0x000000071fc00000| PB 0x000000071fc00000| Untracked 
| 255|0x000000071fe00000, 0x0000000720000000, 0x0000000720000000|100%| O|  |TAMS 0x000000071fe00000| PB 0x000000071fe00000| Untracked 
| 256|0x0000000720000000, 0x0000000720200000, 0x0000000720200000|100%| O|  |TAMS 0x0000000720000000| PB 0x0000000720000000| Untracked 
| 257|0x0000000720200000, 0x0000000720400000, 0x0000000720400000|100%| O|  |TAMS 0x0000000720200000| PB 0x0000000720200000| Untracked 
| 258|0x0000000720400000, 0x0000000720600000, 0x0000000720600000|100%| O|  |TAMS 0x0000000720400000| PB 0x0000000720400000| Untracked 
| 259|0x0000000720600000, 0x0000000720800000, 0x0000000720800000|100%| O|  |TAMS 0x0000000720600000| PB 0x0000000720600000| Untracked 
| 260|0x0000000720800000, 0x0000000720a00000, 0x0000000720a00000|100%| O|  |TAMS 0x0000000720800000| PB 0x0000000720800000| Untracked 
| 261|0x0000000720a00000, 0x0000000720c00000, 0x0000000720c00000|100%| O|  |TAMS 0x0000000720a00000| PB 0x0000000720a00000| Untracked 
| 262|0x0000000720c00000, 0x0000000720e00000, 0x0000000720e00000|100%| O|  |TAMS 0x0000000720c00000| PB 0x0000000720c00000| Untracked 
| 263|0x0000000720e00000, 0x0000000721000000, 0x0000000721000000|100%| O|  |TAMS 0x0000000720e00000| PB 0x0000000720e00000| Untracked 
| 264|0x0000000721000000, 0x0000000721200000, 0x0000000721200000|100%| O|  |TAMS 0x0000000721000000| PB 0x0000000721000000| Untracked 
| 265|0x0000000721200000, 0x0000000721400000, 0x0000000721400000|100%| O|  |TAMS 0x0000000721200000| PB 0x0000000721200000| Untracked 
| 266|0x0000000721400000, 0x0000000721600000, 0x0000000721600000|100%| O|  |TAMS 0x0000000721400000| PB 0x0000000721400000| Untracked 
| 267|0x0000000721600000, 0x0000000721800000, 0x0000000721800000|100%| O|  |TAMS 0x0000000721600000| PB 0x0000000721600000| Untracked 
| 268|0x0000000721800000, 0x0000000721a00000, 0x0000000721a00000|100%| O|  |TAMS 0x0000000721800000| PB 0x0000000721800000| Untracked 
| 269|0x0000000721a00000, 0x0000000721c00000, 0x0000000721c00000|100%| O|  |TAMS 0x0000000721a00000| PB 0x0000000721a00000| Untracked 
| 270|0x0000000721c00000, 0x0000000721e00000, 0x0000000721e00000|100%| O|  |TAMS 0x0000000721c00000| PB 0x0000000721c00000| Untracked 
| 271|0x0000000721e00000, 0x0000000722000000, 0x0000000722000000|100%| O|  |TAMS 0x0000000721e00000| PB 0x0000000721e00000| Untracked 
| 272|0x0000000722000000, 0x0000000722200000, 0x0000000722200000|100%| O|  |TAMS 0x0000000722000000| PB 0x0000000722000000| Untracked 
| 273|0x0000000722200000, 0x0000000722400000, 0x0000000722400000|100%| O|  |TAMS 0x0000000722200000| PB 0x0000000722200000| Untracked 
| 274|0x0000000722400000, 0x0000000722600000, 0x0000000722600000|100%| O|  |TAMS 0x0000000722400000| PB 0x0000000722400000| Untracked 
| 275|0x0000000722600000, 0x0000000722800000, 0x0000000722800000|100%| O|  |TAMS 0x0000000722600000| PB 0x0000000722600000| Untracked 
| 276|0x0000000722800000, 0x0000000722800000, 0x0000000722a00000|  0%| F|  |TAMS 0x0000000722800000| PB 0x0000000722800000| Untracked 
| 277|0x0000000722a00000, 0x0000000722c00000, 0x0000000722c00000|100%| O|  |TAMS 0x0000000722a00000| PB 0x0000000722a00000| Untracked 
| 278|0x0000000722c00000, 0x0000000722e00000, 0x0000000722e00000|100%| O|  |TAMS 0x0000000722c00000| PB 0x0000000722c00000| Untracked 
| 279|0x0000000722e00000, 0x0000000723000000, 0x0000000723000000|100%| O|  |TAMS 0x0000000722e00000| PB 0x0000000722e00000| Untracked 
| 280|0x0000000723000000, 0x0000000723200000, 0x0000000723200000|100%| O|  |TAMS 0x0000000723000000| PB 0x0000000723000000| Untracked 
| 281|0x0000000723200000, 0x0000000723400000, 0x0000000723400000|100%| O|  |TAMS 0x0000000723200000| PB 0x0000000723200000| Untracked 
| 282|0x0000000723400000, 0x0000000723600000, 0x0000000723600000|100%| O|  |TAMS 0x0000000723400000| PB 0x0000000723400000| Untracked 
| 283|0x0000000723600000, 0x0000000723800000, 0x0000000723800000|100%| O|  |TAMS 0x0000000723600000| PB 0x0000000723600000| Untracked 
| 284|0x0000000723800000, 0x0000000723a00000, 0x0000000723a00000|100%| O|  |TAMS 0x0000000723800000| PB 0x0000000723800000| Untracked 
| 285|0x0000000723a00000, 0x0000000723c00000, 0x0000000723c00000|100%| O|  |TAMS 0x0000000723a00000| PB 0x0000000723a00000| Untracked 
| 286|0x0000000723c00000, 0x0000000723e00000, 0x0000000723e00000|100%| O|  |TAMS 0x0000000723c00000| PB 0x0000000723c00000| Untracked 
| 287|0x0000000723e00000, 0x0000000724000000, 0x0000000724000000|100%| O|  |TAMS 0x0000000723e00000| PB 0x0000000723e00000| Untracked 
| 288|0x0000000724000000, 0x0000000724200000, 0x0000000724200000|100%| O|  |TAMS 0x0000000724000000| PB 0x0000000724000000| Untracked 
| 289|0x0000000724200000, 0x0000000724400000, 0x0000000724400000|100%| O|  |TAMS 0x0000000724200000| PB 0x0000000724200000| Untracked 
| 290|0x0000000724400000, 0x0000000724600000, 0x0000000724600000|100%| O|  |TAMS 0x0000000724400000| PB 0x0000000724400000| Untracked 
| 291|0x0000000724600000, 0x0000000724800000, 0x0000000724800000|100%| O|  |TAMS 0x0000000724600000| PB 0x0000000724600000| Untracked 
| 292|0x0000000724800000, 0x0000000724a00000, 0x0000000724a00000|100%| O|  |TAMS 0x0000000724800000| PB 0x0000000724800000| Untracked 
| 293|0x0000000724a00000, 0x0000000724c00000, 0x0000000724c00000|100%| O|  |TAMS 0x0000000724a00000| PB 0x0000000724a00000| Untracked 
| 294|0x0000000724c00000, 0x0000000724e00000, 0x0000000724e00000|100%| O|  |TAMS 0x0000000724c00000| PB 0x0000000724c00000| Untracked 
| 295|0x0000000724e00000, 0x0000000725000000, 0x0000000725000000|100%| O|  |TAMS 0x0000000724e00000| PB 0x0000000724e00000| Untracked 
| 296|0x0000000725000000, 0x0000000725200000, 0x0000000725200000|100%| O|  |TAMS 0x0000000725000000| PB 0x0000000725000000| Untracked 
| 297|0x0000000725200000, 0x0000000725400000, 0x0000000725400000|100%| O|  |TAMS 0x0000000725200000| PB 0x0000000725200000| Untracked 
| 298|0x0000000725400000, 0x0000000725600000, 0x0000000725600000|100%| O|  |TAMS 0x0000000725400000| PB 0x0000000725400000| Untracked 
| 299|0x0000000725600000, 0x0000000725800000, 0x0000000725800000|100%| O|  |TAMS 0x0000000725600000| PB 0x0000000725600000| Untracked 
| 300|0x0000000725800000, 0x0000000725a00000, 0x0000000725a00000|100%| O|  |TAMS 0x0000000725800000| PB 0x0000000725800000| Untracked 
| 301|0x0000000725a00000, 0x0000000725c00000, 0x0000000725c00000|100%| O|  |TAMS 0x0000000725a00000| PB 0x0000000725a00000| Untracked 
| 302|0x0000000725c00000, 0x0000000725e00000, 0x0000000725e00000|100%| O|  |TAMS 0x0000000725c00000| PB 0x0000000725c00000| Untracked 
| 303|0x0000000725e00000, 0x0000000726000000, 0x0000000726000000|100%| O|  |TAMS 0x0000000725e00000| PB 0x0000000725e00000| Untracked 
| 304|0x0000000726000000, 0x0000000726200000, 0x0000000726200000|100%| O|  |TAMS 0x0000000726000000| PB 0x0000000726000000| Untracked 
| 305|0x0000000726200000, 0x0000000726200000, 0x0000000726400000|  0%| F|  |TAMS 0x0000000726200000| PB 0x0000000726200000| Untracked 
| 306|0x0000000726400000, 0x0000000726600000, 0x0000000726600000|100%| O|  |TAMS 0x0000000726400000| PB 0x0000000726400000| Untracked 
| 307|0x0000000726600000, 0x0000000726800000, 0x0000000726800000|100%| O|  |TAMS 0x0000000726600000| PB 0x0000000726600000| Untracked 
| 308|0x0000000726800000, 0x0000000726a00000, 0x0000000726a00000|100%| O|  |TAMS 0x0000000726800000| PB 0x0000000726800000| Untracked 
| 309|0x0000000726a00000, 0x0000000726c00000, 0x0000000726c00000|100%| O|  |TAMS 0x0000000726a00000| PB 0x0000000726a00000| Untracked 
| 310|0x0000000726c00000, 0x0000000726e00000, 0x0000000726e00000|100%| O|  |TAMS 0x0000000726c00000| PB 0x0000000726c00000| Untracked 
| 311|0x0000000726e00000, 0x0000000727000000, 0x0000000727000000|100%| O|  |TAMS 0x0000000726e00000| PB 0x0000000726e00000| Untracked 
| 312|0x0000000727000000, 0x0000000727200000, 0x0000000727200000|100%| O|  |TAMS 0x0000000727000000| PB 0x0000000727000000| Untracked 
| 313|0x0000000727200000, 0x0000000727400000, 0x0000000727400000|100%| O|  |TAMS 0x0000000727200000| PB 0x0000000727200000| Untracked 
| 314|0x0000000727400000, 0x0000000727600000, 0x0000000727600000|100%| O|  |TAMS 0x0000000727400000| PB 0x0000000727400000| Untracked 
| 315|0x0000000727600000, 0x0000000727800000, 0x0000000727800000|100%| O|  |TAMS 0x0000000727600000| PB 0x0000000727600000| Untracked 
| 316|0x0000000727800000, 0x0000000727a00000, 0x0000000727a00000|100%| O|  |TAMS 0x0000000727800000| PB 0x0000000727800000| Untracked 
| 317|0x0000000727a00000, 0x0000000727c00000, 0x0000000727c00000|100%| O|  |TAMS 0x0000000727a00000| PB 0x0000000727a00000| Untracked 
| 318|0x0000000727c00000, 0x0000000727e00000, 0x0000000727e00000|100%| O|  |TAMS 0x0000000727c00000| PB 0x0000000727c00000| Untracked 
| 319|0x0000000727e00000, 0x0000000728000000, 0x0000000728000000|100%| O|  |TAMS 0x0000000727e00000| PB 0x0000000727e00000| Untracked 
| 320|0x0000000728000000, 0x0000000728200000, 0x0000000728200000|100%| O|  |TAMS 0x0000000728000000| PB 0x0000000728000000| Untracked 
| 321|0x0000000728200000, 0x0000000728400000, 0x0000000728400000|100%| O|  |TAMS 0x0000000728200000| PB 0x0000000728200000| Untracked 
| 322|0x0000000728400000, 0x0000000728600000, 0x0000000728600000|100%| O|  |TAMS 0x0000000728400000| PB 0x0000000728400000| Untracked 
| 323|0x0000000728600000, 0x0000000728800000, 0x0000000728800000|100%| O|  |TAMS 0x0000000728600000| PB 0x0000000728600000| Untracked 
| 324|0x0000000728800000, 0x0000000728a00000, 0x0000000728a00000|100%| O|  |TAMS 0x0000000728800000| PB 0x0000000728800000| Untracked 
| 325|0x0000000728a00000, 0x0000000728c00000, 0x0000000728c00000|100%| O|  |TAMS 0x0000000728a00000| PB 0x0000000728a00000| Untracked 
| 326|0x0000000728c00000, 0x0000000728c00000, 0x0000000728e00000|  0%| F|  |TAMS 0x0000000728c00000| PB 0x0000000728c00000| Untracked 
| 327|0x0000000728e00000, 0x0000000728e00000, 0x0000000729000000|  0%| F|  |TAMS 0x0000000728e00000| PB 0x0000000728e00000| Untracked 
| 328|0x0000000729000000, 0x0000000729200000, 0x0000000729200000|100%| O|  |TAMS 0x0000000729000000| PB 0x0000000729000000| Untracked 
| 329|0x0000000729200000, 0x0000000729400000, 0x0000000729400000|100%| O|  |TAMS 0x0000000729200000| PB 0x0000000729200000| Untracked 
| 330|0x0000000729400000, 0x0000000729600000, 0x0000000729600000|100%| O|  |TAMS 0x0000000729400000| PB 0x0000000729400000| Untracked 
| 331|0x0000000729600000, 0x0000000729800000, 0x0000000729800000|100%| O|  |TAMS 0x0000000729600000| PB 0x0000000729600000| Untracked 
| 332|0x0000000729800000, 0x0000000729a00000, 0x0000000729a00000|100%| O|  |TAMS 0x0000000729800000| PB 0x0000000729800000| Untracked 
| 333|0x0000000729a00000, 0x0000000729c00000, 0x0000000729c00000|100%| O|  |TAMS 0x0000000729a00000| PB 0x0000000729a00000| Untracked 
| 334|0x0000000729c00000, 0x0000000729e00000, 0x0000000729e00000|100%| O|  |TAMS 0x0000000729c00000| PB 0x0000000729c00000| Untracked 
| 335|0x0000000729e00000, 0x000000072a000000, 0x000000072a000000|100%| O|  |TAMS 0x0000000729e00000| PB 0x0000000729e00000| Untracked 
| 336|0x000000072a000000, 0x000000072a200000, 0x000000072a200000|100%| O|  |TAMS 0x000000072a000000| PB 0x000000072a000000| Untracked 
| 337|0x000000072a200000, 0x000000072a200000, 0x000000072a400000|  0%| F|  |TAMS 0x000000072a200000| PB 0x000000072a200000| Untracked 
| 338|0x000000072a400000, 0x000000072a600000, 0x000000072a600000|100%| O|  |TAMS 0x000000072a400000| PB 0x000000072a400000| Untracked 
| 339|0x000000072a600000, 0x000000072a800000, 0x000000072a800000|100%| O|  |TAMS 0x000000072a600000| PB 0x000000072a600000| Untracked 
| 340|0x000000072a800000, 0x000000072a800000, 0x000000072aa00000|  0%| F|  |TAMS 0x000000072a800000| PB 0x000000072a800000| Untracked 
| 341|0x000000072aa00000, 0x000000072ac00000, 0x000000072ac00000|100%| O|  |TAMS 0x000000072aa00000| PB 0x000000072aa00000| Untracked 
| 342|0x000000072ac00000, 0x000000072ae00000, 0x000000072ae00000|100%| O|  |TAMS 0x000000072ac00000| PB 0x000000072ac00000| Untracked 
| 343|0x000000072ae00000, 0x000000072b000000, 0x000000072b000000|100%| O|  |TAMS 0x000000072ae00000| PB 0x000000072ae00000| Untracked 
| 344|0x000000072b000000, 0x000000072b200000, 0x000000072b200000|100%| O|  |TAMS 0x000000072b000000| PB 0x000000072b000000| Untracked 
| 345|0x000000072b200000, 0x000000072b400000, 0x000000072b400000|100%| O|  |TAMS 0x000000072b200000| PB 0x000000072b200000| Untracked 
| 346|0x000000072b400000, 0x000000072b600000, 0x000000072b600000|100%| O|  |TAMS 0x000000072b400000| PB 0x000000072b400000| Untracked 
| 347|0x000000072b600000, 0x000000072b800000, 0x000000072b800000|100%| O|  |TAMS 0x000000072b600000| PB 0x000000072b600000| Untracked 
| 348|0x000000072b800000, 0x000000072ba00000, 0x000000072ba00000|100%| O|  |TAMS 0x000000072b800000| PB 0x000000072b800000| Untracked 
| 349|0x000000072ba00000, 0x000000072ba00000, 0x000000072bc00000|  0%| F|  |TAMS 0x000000072ba00000| PB 0x000000072ba00000| Untracked 
| 350|0x000000072bc00000, 0x000000072be00000, 0x000000072be00000|100%| O|  |TAMS 0x000000072bc00000| PB 0x000000072bc00000| Untracked 
| 351|0x000000072be00000, 0x000000072c000000, 0x000000072c000000|100%| O|  |TAMS 0x000000072be00000| PB 0x000000072be00000| Untracked 
| 352|0x000000072c000000, 0x000000072c200000, 0x000000072c200000|100%| O|  |TAMS 0x000000072c000000| PB 0x000000072c000000| Untracked 
| 353|0x000000072c200000, 0x000000072c400000, 0x000000072c400000|100%| O|  |TAMS 0x000000072c200000| PB 0x000000072c200000| Untracked 
| 354|0x000000072c400000, 0x000000072c600000, 0x000000072c600000|100%| O|  |TAMS 0x000000072c400000| PB 0x000000072c400000| Untracked 
| 355|0x000000072c600000, 0x000000072c800000, 0x000000072c800000|100%| O|  |TAMS 0x000000072c600000| PB 0x000000072c600000| Untracked 
| 356|0x000000072c800000, 0x000000072ca00000, 0x000000072ca00000|100%| O|  |TAMS 0x000000072c800000| PB 0x000000072c800000| Untracked 
| 357|0x000000072ca00000, 0x000000072cc00000, 0x000000072cc00000|100%| O|  |TAMS 0x000000072ca00000| PB 0x000000072ca00000| Untracked 
| 358|0x000000072cc00000, 0x000000072ce00000, 0x000000072ce00000|100%| O|  |TAMS 0x000000072cc00000| PB 0x000000072cc00000| Untracked 
| 359|0x000000072ce00000, 0x000000072d000000, 0x000000072d000000|100%| O|  |TAMS 0x000000072ce00000| PB 0x000000072ce00000| Untracked 
| 360|0x000000072d000000, 0x000000072d200000, 0x000000072d200000|100%| O|  |TAMS 0x000000072d000000| PB 0x000000072d000000| Untracked 
| 361|0x000000072d200000, 0x000000072d400000, 0x000000072d400000|100%| O|  |TAMS 0x000000072d200000| PB 0x000000072d200000| Untracked 
| 362|0x000000072d400000, 0x000000072d600000, 0x000000072d600000|100%| O|  |TAMS 0x000000072d400000| PB 0x000000072d400000| Untracked 
| 363|0x000000072d600000, 0x000000072d800000, 0x000000072d800000|100%| O|  |TAMS 0x000000072d600000| PB 0x000000072d600000| Untracked 
| 364|0x000000072d800000, 0x000000072da00000, 0x000000072da00000|100%| O|  |TAMS 0x000000072d800000| PB 0x000000072d800000| Untracked 
| 365|0x000000072da00000, 0x000000072da00000, 0x000000072dc00000|  0%| F|  |TAMS 0x000000072da00000| PB 0x000000072da00000| Untracked 
| 366|0x000000072dc00000, 0x000000072dc00000, 0x000000072de00000|  0%| F|  |TAMS 0x000000072dc00000| PB 0x000000072dc00000| Untracked 
| 367|0x000000072de00000, 0x000000072e000000, 0x000000072e000000|100%| O|  |TAMS 0x000000072de00000| PB 0x000000072de00000| Untracked 
| 368|0x000000072e000000, 0x000000072e200000, 0x000000072e200000|100%| O|  |TAMS 0x000000072e000000| PB 0x000000072e000000| Untracked 
| 369|0x000000072e200000, 0x000000072e400000, 0x000000072e400000|100%| O|  |TAMS 0x000000072e200000| PB 0x000000072e200000| Untracked 
| 370|0x000000072e400000, 0x000000072e600000, 0x000000072e600000|100%| O|  |TAMS 0x000000072e400000| PB 0x000000072e400000| Untracked 
| 371|0x000000072e600000, 0x000000072e800000, 0x000000072e800000|100%| O|  |TAMS 0x000000072e600000| PB 0x000000072e600000| Untracked 
| 372|0x000000072e800000, 0x000000072e800000, 0x000000072ea00000|  0%| F|  |TAMS 0x000000072e800000| PB 0x000000072e800000| Untracked 
| 373|0x000000072ea00000, 0x000000072ec00000, 0x000000072ec00000|100%| O|  |TAMS 0x000000072ea00000| PB 0x000000072ea00000| Untracked 
| 374|0x000000072ec00000, 0x000000072ee00000, 0x000000072ee00000|100%| O|  |TAMS 0x000000072ec00000| PB 0x000000072ec00000| Untracked 
| 375|0x000000072ee00000, 0x000000072f000000, 0x000000072f000000|100%| O|  |TAMS 0x000000072ee00000| PB 0x000000072ee00000| Untracked 
| 376|0x000000072f000000, 0x000000072f200000, 0x000000072f200000|100%| O|  |TAMS 0x000000072f000000| PB 0x000000072f000000| Untracked 
| 377|0x000000072f200000, 0x000000072f400000, 0x000000072f400000|100%| O|  |TAMS 0x000000072f200000| PB 0x000000072f200000| Untracked 
| 378|0x000000072f400000, 0x000000072f400000, 0x000000072f600000|  0%| F|  |TAMS 0x000000072f400000| PB 0x000000072f400000| Untracked 
| 379|0x000000072f600000, 0x000000072f800000, 0x000000072f800000|100%| O|  |TAMS 0x000000072f600000| PB 0x000000072f600000| Untracked 
| 380|0x000000072f800000, 0x000000072fa00000, 0x000000072fa00000|100%| O|  |TAMS 0x000000072f800000| PB 0x000000072f800000| Untracked 
| 381|0x000000072fa00000, 0x000000072fc00000, 0x000000072fc00000|100%| O|  |TAMS 0x000000072fa00000| PB 0x000000072fa00000| Untracked 
| 382|0x000000072fc00000, 0x000000072fe00000, 0x000000072fe00000|100%| O|  |TAMS 0x000000072fc00000| PB 0x000000072fc00000| Untracked 
| 383|0x000000072fe00000, 0x0000000730000000, 0x0000000730000000|100%| O|  |TAMS 0x000000072fe00000| PB 0x000000072fe00000| Untracked 
| 384|0x0000000730000000, 0x0000000730200000, 0x0000000730200000|100%| O|  |TAMS 0x0000000730000000| PB 0x0000000730000000| Untracked 
| 385|0x0000000730200000, 0x0000000730400000, 0x0000000730400000|100%| O|  |TAMS 0x0000000730200000| PB 0x0000000730200000| Untracked 
| 386|0x0000000730400000, 0x0000000730600000, 0x0000000730600000|100%| O|  |TAMS 0x0000000730400000| PB 0x0000000730400000| Untracked 
| 387|0x0000000730600000, 0x0000000730800000, 0x0000000730800000|100%| O|  |TAMS 0x0000000730600000| PB 0x0000000730600000| Untracked 
| 388|0x0000000730800000, 0x0000000730a00000, 0x0000000730a00000|100%| O|  |TAMS 0x0000000730800000| PB 0x0000000730800000| Untracked 
| 389|0x0000000730a00000, 0x0000000730c00000, 0x0000000730c00000|100%| O|  |TAMS 0x0000000730a00000| PB 0x0000000730a00000| Untracked 
| 390|0x0000000730c00000, 0x0000000730e00000, 0x0000000730e00000|100%| O|  |TAMS 0x0000000730c00000| PB 0x0000000730c00000| Untracked 
| 391|0x0000000730e00000, 0x0000000731000000, 0x0000000731000000|100%| O|  |TAMS 0x0000000730e00000| PB 0x0000000730e00000| Untracked 
| 392|0x0000000731000000, 0x0000000731200000, 0x0000000731200000|100%| O|  |TAMS 0x0000000731000000| PB 0x0000000731000000| Untracked 
| 393|0x0000000731200000, 0x0000000731400000, 0x0000000731400000|100%| O|  |TAMS 0x0000000731200000| PB 0x0000000731200000| Untracked 
| 394|0x0000000731400000, 0x0000000731400000, 0x0000000731600000|  0%| F|  |TAMS 0x0000000731400000| PB 0x0000000731400000| Untracked 
| 395|0x0000000731600000, 0x0000000731800000, 0x0000000731800000|100%| O|  |TAMS 0x0000000731600000| PB 0x0000000731600000| Untracked 
| 396|0x0000000731800000, 0x0000000731a00000, 0x0000000731a00000|100%| O|  |TAMS 0x0000000731800000| PB 0x0000000731800000| Untracked 
| 397|0x0000000731a00000, 0x0000000731c00000, 0x0000000731c00000|100%| O|  |TAMS 0x0000000731a00000| PB 0x0000000731a00000| Untracked 
| 398|0x0000000731c00000, 0x0000000731e00000, 0x0000000731e00000|100%| O|  |TAMS 0x0000000731c00000| PB 0x0000000731c00000| Untracked 
| 399|0x0000000731e00000, 0x0000000732000000, 0x0000000732000000|100%| O|  |TAMS 0x0000000731e00000| PB 0x0000000731e00000| Untracked 
| 400|0x0000000732000000, 0x0000000732200000, 0x0000000732200000|100%| O|  |TAMS 0x0000000732000000| PB 0x0000000732000000| Untracked 
| 401|0x0000000732200000, 0x0000000732400000, 0x0000000732400000|100%| O|  |TAMS 0x0000000732200000| PB 0x0000000732200000| Untracked 
| 402|0x0000000732400000, 0x0000000732600000, 0x0000000732600000|100%| O|  |TAMS 0x0000000732400000| PB 0x0000000732400000| Untracked 
| 403|0x0000000732600000, 0x0000000732800000, 0x0000000732800000|100%| O|  |TAMS 0x0000000732600000| PB 0x0000000732600000| Untracked 
| 404|0x0000000732800000, 0x0000000732a00000, 0x0000000732a00000|100%| O|  |TAMS 0x0000000732800000| PB 0x0000000732800000| Untracked 
| 405|0x0000000732a00000, 0x0000000732c00000, 0x0000000732c00000|100%| O|  |TAMS 0x0000000732a00000| PB 0x0000000732a00000| Untracked 
| 406|0x0000000732c00000, 0x0000000732e00000, 0x0000000732e00000|100%| O|  |TAMS 0x0000000732c00000| PB 0x0000000732c00000| Untracked 
| 407|0x0000000732e00000, 0x0000000732e00000, 0x0000000733000000|  0%| F|  |TAMS 0x0000000732e00000| PB 0x0000000732e00000| Untracked 
| 408|0x0000000733000000, 0x0000000733200000, 0x0000000733200000|100%| O|  |TAMS 0x0000000733000000| PB 0x0000000733000000| Untracked 
| 409|0x0000000733200000, 0x0000000733400000, 0x0000000733400000|100%| O|  |TAMS 0x0000000733200000| PB 0x0000000733200000| Untracked 
| 410|0x0000000733400000, 0x0000000733600000, 0x0000000733600000|100%| O|  |TAMS 0x0000000733400000| PB 0x0000000733400000| Untracked 
| 411|0x0000000733600000, 0x0000000733600000, 0x0000000733800000|  0%| F|  |TAMS 0x0000000733600000| PB 0x0000000733600000| Untracked 
| 412|0x0000000733800000, 0x0000000733a00000, 0x0000000733a00000|100%| O|  |TAMS 0x0000000733800000| PB 0x0000000733800000| Untracked 
| 413|0x0000000733a00000, 0x0000000733c00000, 0x0000000733c00000|100%| O|  |TAMS 0x0000000733a00000| PB 0x0000000733a00000| Untracked 
| 414|0x0000000733c00000, 0x0000000733e00000, 0x0000000733e00000|100%| O|  |TAMS 0x0000000733c00000| PB 0x0000000733c00000| Untracked 
| 415|0x0000000733e00000, 0x0000000733e00000, 0x0000000734000000|  0%| F|  |TAMS 0x0000000733e00000| PB 0x0000000733e00000| Untracked 
| 416|0x0000000734000000, 0x0000000734200000, 0x0000000734200000|100%| O|  |TAMS 0x0000000734000000| PB 0x0000000734000000| Untracked 
| 417|0x0000000734200000, 0x0000000734400000, 0x0000000734400000|100%| O|  |TAMS 0x0000000734200000| PB 0x0000000734200000| Untracked 
| 418|0x0000000734400000, 0x0000000734600000, 0x0000000734600000|100%| O|  |TAMS 0x0000000734400000| PB 0x0000000734400000| Untracked 
| 419|0x0000000734600000, 0x0000000734800000, 0x0000000734800000|100%| O|  |TAMS 0x0000000734600000| PB 0x0000000734600000| Untracked 
| 420|0x0000000734800000, 0x0000000734a00000, 0x0000000734a00000|100%| O|  |TAMS 0x0000000734800000| PB 0x0000000734800000| Untracked 
| 421|0x0000000734a00000, 0x0000000734c00000, 0x0000000734c00000|100%| O|  |TAMS 0x0000000734a00000| PB 0x0000000734a00000| Untracked 
| 422|0x0000000734c00000, 0x0000000734e00000, 0x0000000734e00000|100%| O|  |TAMS 0x0000000734c00000| PB 0x0000000734c00000| Untracked 
| 423|0x0000000734e00000, 0x0000000735000000, 0x0000000735000000|100%| O|  |TAMS 0x0000000734e00000| PB 0x0000000734e00000| Untracked 
| 424|0x0000000735000000, 0x0000000735200000, 0x0000000735200000|100%| O|  |TAMS 0x0000000735000000| PB 0x0000000735000000| Untracked 
| 425|0x0000000735200000, 0x0000000735400000, 0x0000000735400000|100%| O|  |TAMS 0x0000000735200000| PB 0x0000000735200000| Untracked 
| 426|0x0000000735400000, 0x0000000735600000, 0x0000000735600000|100%| O|  |TAMS 0x0000000735400000| PB 0x0000000735400000| Untracked 
| 427|0x0000000735600000, 0x0000000735800000, 0x0000000735800000|100%| O|  |TAMS 0x0000000735600000| PB 0x0000000735600000| Untracked 
| 428|0x0000000735800000, 0x0000000735a00000, 0x0000000735a00000|100%| O|  |TAMS 0x0000000735800000| PB 0x0000000735800000| Untracked 
| 429|0x0000000735a00000, 0x0000000735c00000, 0x0000000735c00000|100%| O|  |TAMS 0x0000000735a00000| PB 0x0000000735a00000| Untracked 
| 430|0x0000000735c00000, 0x0000000735c00000, 0x0000000735e00000|  0%| F|  |TAMS 0x0000000735c00000| PB 0x0000000735c00000| Untracked 
| 431|0x0000000735e00000, 0x0000000736000000, 0x0000000736000000|100%| O|  |TAMS 0x0000000735e00000| PB 0x0000000735e00000| Untracked 
| 432|0x0000000736000000, 0x0000000736200000, 0x0000000736200000|100%| O|  |TAMS 0x0000000736000000| PB 0x0000000736000000| Untracked 
| 433|0x0000000736200000, 0x0000000736200000, 0x0000000736400000|  0%| F|  |TAMS 0x0000000736200000| PB 0x0000000736200000| Untracked 
| 434|0x0000000736400000, 0x0000000736400000, 0x0000000736600000|  0%| F|  |TAMS 0x0000000736400000| PB 0x0000000736400000| Untracked 
| 435|0x0000000736600000, 0x0000000736800000, 0x0000000736800000|100%| O|  |TAMS 0x0000000736600000| PB 0x0000000736600000| Untracked 
| 436|0x0000000736800000, 0x0000000736a00000, 0x0000000736a00000|100%| O|  |TAMS 0x0000000736800000| PB 0x0000000736800000| Untracked 
| 437|0x0000000736a00000, 0x0000000736c00000, 0x0000000736c00000|100%| O|  |TAMS 0x0000000736a00000| PB 0x0000000736a00000| Untracked 
| 438|0x0000000736c00000, 0x0000000736e00000, 0x0000000736e00000|100%| O|  |TAMS 0x0000000736c00000| PB 0x0000000736c00000| Untracked 
| 439|0x0000000736e00000, 0x0000000737000000, 0x0000000737000000|100%| O|  |TAMS 0x0000000736e00000| PB 0x0000000736e00000| Untracked 
| 440|0x0000000737000000, 0x0000000737200000, 0x0000000737200000|100%| O|  |TAMS 0x0000000737000000| PB 0x0000000737000000| Untracked 
| 441|0x0000000737200000, 0x0000000737400000, 0x0000000737400000|100%| O|  |TAMS 0x0000000737200000| PB 0x0000000737200000| Untracked 
| 442|0x0000000737400000, 0x0000000737400000, 0x0000000737600000|  0%| F|  |TAMS 0x0000000737400000| PB 0x0000000737400000| Untracked 
| 443|0x0000000737600000, 0x0000000737600000, 0x0000000737800000|  0%| F|  |TAMS 0x0000000737600000| PB 0x0000000737600000| Untracked 
| 444|0x0000000737800000, 0x0000000737a00000, 0x0000000737a00000|100%| O|  |TAMS 0x0000000737800000| PB 0x0000000737800000| Untracked 
| 445|0x0000000737a00000, 0x0000000737c00000, 0x0000000737c00000|100%| O|  |TAMS 0x0000000737a00000| PB 0x0000000737a00000| Untracked 
| 446|0x0000000737c00000, 0x0000000737e00000, 0x0000000737e00000|100%| O|  |TAMS 0x0000000737c00000| PB 0x0000000737c00000| Untracked 
| 447|0x0000000737e00000, 0x0000000738000000, 0x0000000738000000|100%| O|  |TAMS 0x0000000737e00000| PB 0x0000000737e00000| Untracked 
| 448|0x0000000738000000, 0x0000000738200000, 0x0000000738200000|100%| O|  |TAMS 0x0000000738000000| PB 0x0000000738000000| Untracked 
| 449|0x0000000738200000, 0x0000000738400000, 0x0000000738400000|100%| O|  |TAMS 0x0000000738200000| PB 0x0000000738200000| Untracked 
| 450|0x0000000738400000, 0x0000000738400000, 0x0000000738600000|  0%| F|  |TAMS 0x0000000738400000| PB 0x0000000738400000| Untracked 
| 451|0x0000000738600000, 0x0000000738800000, 0x0000000738800000|100%| O|  |TAMS 0x0000000738600000| PB 0x0000000738600000| Untracked 
| 452|0x0000000738800000, 0x0000000738a00000, 0x0000000738a00000|100%| O|  |TAMS 0x0000000738800000| PB 0x0000000738800000| Untracked 
| 453|0x0000000738a00000, 0x0000000738c00000, 0x0000000738c00000|100%| O|  |TAMS 0x0000000738a00000| PB 0x0000000738a00000| Untracked 
| 454|0x0000000738c00000, 0x0000000738e00000, 0x0000000738e00000|100%| O|  |TAMS 0x0000000738c00000| PB 0x0000000738c00000| Untracked 
| 455|0x0000000738e00000, 0x0000000739000000, 0x0000000739000000|100%| O|  |TAMS 0x0000000738e00000| PB 0x0000000738e00000| Untracked 
| 456|0x0000000739000000, 0x0000000739200000, 0x0000000739200000|100%| O|  |TAMS 0x0000000739000000| PB 0x0000000739000000| Untracked 
| 457|0x0000000739200000, 0x0000000739400000, 0x0000000739400000|100%| O|  |TAMS 0x0000000739200000| PB 0x0000000739200000| Untracked 
| 458|0x0000000739400000, 0x0000000739600000, 0x0000000739600000|100%| O|  |TAMS 0x0000000739400000| PB 0x0000000739400000| Untracked 
| 459|0x0000000739600000, 0x0000000739800000, 0x0000000739800000|100%| O|  |TAMS 0x0000000739600000| PB 0x0000000739600000| Untracked 
| 460|0x0000000739800000, 0x0000000739a00000, 0x0000000739a00000|100%| O|  |TAMS 0x0000000739800000| PB 0x0000000739800000| Untracked 
| 461|0x0000000739a00000, 0x0000000739c00000, 0x0000000739c00000|100%| O|  |TAMS 0x0000000739a00000| PB 0x0000000739a00000| Untracked 
| 462|0x0000000739c00000, 0x0000000739e00000, 0x0000000739e00000|100%| O|  |TAMS 0x0000000739c00000| PB 0x0000000739c00000| Untracked 
| 463|0x0000000739e00000, 0x000000073a000000, 0x000000073a000000|100%| O|  |TAMS 0x0000000739e00000| PB 0x0000000739e00000| Untracked 
| 464|0x000000073a000000, 0x000000073a200000, 0x000000073a200000|100%| O|  |TAMS 0x000000073a000000| PB 0x000000073a000000| Untracked 
| 465|0x000000073a200000, 0x000000073a400000, 0x000000073a400000|100%| O|  |TAMS 0x000000073a200000| PB 0x000000073a200000| Untracked 
| 466|0x000000073a400000, 0x000000073a600000, 0x000000073a600000|100%| O|  |TAMS 0x000000073a400000| PB 0x000000073a400000| Untracked 
| 467|0x000000073a600000, 0x000000073a800000, 0x000000073a800000|100%| O|  |TAMS 0x000000073a600000| PB 0x000000073a600000| Untracked 
| 468|0x000000073a800000, 0x000000073aa00000, 0x000000073aa00000|100%| O|  |TAMS 0x000000073a800000| PB 0x000000073a800000| Untracked 
| 469|0x000000073aa00000, 0x000000073ac00000, 0x000000073ac00000|100%| O|  |TAMS 0x000000073aa00000| PB 0x000000073aa00000| Untracked 
| 470|0x000000073ac00000, 0x000000073ae00000, 0x000000073ae00000|100%| O|  |TAMS 0x000000073ac00000| PB 0x000000073ac00000| Untracked 
| 471|0x000000073ae00000, 0x000000073b000000, 0x000000073b000000|100%| O|  |TAMS 0x000000073ae00000| PB 0x000000073ae00000| Untracked 
| 472|0x000000073b000000, 0x000000073b200000, 0x000000073b200000|100%| O|  |TAMS 0x000000073b000000| PB 0x000000073b000000| Untracked 
| 473|0x000000073b200000, 0x000000073b400000, 0x000000073b400000|100%| O|  |TAMS 0x000000073b200000| PB 0x000000073b200000| Untracked 
| 474|0x000000073b400000, 0x000000073b600000, 0x000000073b600000|100%| O|  |TAMS 0x000000073b400000| PB 0x000000073b400000| Untracked 
| 475|0x000000073b600000, 0x000000073b800000, 0x000000073b800000|100%| O|  |TAMS 0x000000073b600000| PB 0x000000073b600000| Untracked 
| 476|0x000000073b800000, 0x000000073ba00000, 0x000000073ba00000|100%| O|  |TAMS 0x000000073b800000| PB 0x000000073b800000| Untracked 
| 477|0x000000073ba00000, 0x000000073bc00000, 0x000000073bc00000|100%| O|  |TAMS 0x000000073ba00000| PB 0x000000073ba00000| Untracked 
| 478|0x000000073bc00000, 0x000000073be00000, 0x000000073be00000|100%| O|  |TAMS 0x000000073bc00000| PB 0x000000073bc00000| Untracked 
| 479|0x000000073be00000, 0x000000073c000000, 0x000000073c000000|100%| O|  |TAMS 0x000000073be00000| PB 0x000000073be00000| Untracked 
| 480|0x000000073c000000, 0x000000073c200000, 0x000000073c200000|100%| O|  |TAMS 0x000000073c000000| PB 0x000000073c000000| Untracked 
| 481|0x000000073c200000, 0x000000073c400000, 0x000000073c400000|100%| O|  |TAMS 0x000000073c200000| PB 0x000000073c200000| Untracked 
| 482|0x000000073c400000, 0x000000073c600000, 0x000000073c600000|100%| O|  |TAMS 0x000000073c400000| PB 0x000000073c400000| Untracked 
| 483|0x000000073c600000, 0x000000073c800000, 0x000000073c800000|100%| O|  |TAMS 0x000000073c600000| PB 0x000000073c600000| Untracked 
| 484|0x000000073c800000, 0x000000073ca00000, 0x000000073ca00000|100%| O|  |TAMS 0x000000073c800000| PB 0x000000073c800000| Untracked 
| 485|0x000000073ca00000, 0x000000073cc00000, 0x000000073cc00000|100%| O|  |TAMS 0x000000073ca00000| PB 0x000000073ca00000| Untracked 
| 486|0x000000073cc00000, 0x000000073ce00000, 0x000000073ce00000|100%| O|  |TAMS 0x000000073cc00000| PB 0x000000073cc00000| Untracked 
| 487|0x000000073ce00000, 0x000000073d000000, 0x000000073d000000|100%| O|  |TAMS 0x000000073ce00000| PB 0x000000073ce00000| Untracked 
| 488|0x000000073d000000, 0x000000073d200000, 0x000000073d200000|100%| O|  |TAMS 0x000000073d000000| PB 0x000000073d000000| Untracked 
| 489|0x000000073d200000, 0x000000073d400000, 0x000000073d400000|100%| O|  |TAMS 0x000000073d200000| PB 0x000000073d200000| Untracked 
| 490|0x000000073d400000, 0x000000073d600000, 0x000000073d600000|100%| O|  |TAMS 0x000000073d400000| PB 0x000000073d400000| Untracked 
| 491|0x000000073d600000, 0x000000073d800000, 0x000000073d800000|100%| O|  |TAMS 0x000000073d600000| PB 0x000000073d600000| Untracked 
| 492|0x000000073d800000, 0x000000073da00000, 0x000000073da00000|100%| O|  |TAMS 0x000000073d800000| PB 0x000000073d800000| Untracked 
| 493|0x000000073da00000, 0x000000073dc00000, 0x000000073dc00000|100%| O|  |TAMS 0x000000073da00000| PB 0x000000073da00000| Untracked 
| 494|0x000000073dc00000, 0x000000073de00000, 0x000000073de00000|100%| O|  |TAMS 0x000000073dc00000| PB 0x000000073dc00000| Untracked 
| 495|0x000000073de00000, 0x000000073e000000, 0x000000073e000000|100%| O|  |TAMS 0x000000073de00000| PB 0x000000073de00000| Untracked 
| 496|0x000000073e000000, 0x000000073e200000, 0x000000073e200000|100%| O|  |TAMS 0x000000073e000000| PB 0x000000073e000000| Untracked 
| 497|0x000000073e200000, 0x000000073e400000, 0x000000073e400000|100%| O|  |TAMS 0x000000073e200000| PB 0x000000073e200000| Untracked 
| 498|0x000000073e400000, 0x000000073e600000, 0x000000073e600000|100%| O|  |TAMS 0x000000073e400000| PB 0x000000073e400000| Untracked 
| 499|0x000000073e600000, 0x000000073e800000, 0x000000073e800000|100%| O|  |TAMS 0x000000073e600000| PB 0x000000073e600000| Untracked 
| 500|0x000000073e800000, 0x000000073ea00000, 0x000000073ea00000|100%| O|  |TAMS 0x000000073e800000| PB 0x000000073e800000| Untracked 
| 501|0x000000073ea00000, 0x000000073ec00000, 0x000000073ec00000|100%| O|  |TAMS 0x000000073ea00000| PB 0x000000073ea00000| Untracked 
| 502|0x000000073ec00000, 0x000000073ee00000, 0x000000073ee00000|100%| O|  |TAMS 0x000000073ec00000| PB 0x000000073ec00000| Untracked 
| 503|0x000000073ee00000, 0x000000073f000000, 0x000000073f000000|100%| O|  |TAMS 0x000000073ee00000| PB 0x000000073ee00000| Untracked 
| 504|0x000000073f000000, 0x000000073f200000, 0x000000073f200000|100%| O|  |TAMS 0x000000073f000000| PB 0x000000073f000000| Untracked 
| 505|0x000000073f200000, 0x000000073f400000, 0x000000073f400000|100%| O|  |TAMS 0x000000073f200000| PB 0x000000073f200000| Untracked 
| 506|0x000000073f400000, 0x000000073f600000, 0x000000073f600000|100%| O|  |TAMS 0x000000073f400000| PB 0x000000073f400000| Untracked 
| 507|0x000000073f600000, 0x000000073f800000, 0x000000073f800000|100%| O|  |TAMS 0x000000073f600000| PB 0x000000073f600000| Untracked 
| 508|0x000000073f800000, 0x000000073fa00000, 0x000000073fa00000|100%| O|  |TAMS 0x000000073f800000| PB 0x000000073f800000| Untracked 
| 509|0x000000073fa00000, 0x000000073fc00000, 0x000000073fc00000|100%| O|  |TAMS 0x000000073fa00000| PB 0x000000073fa00000| Untracked 
| 510|0x000000073fc00000, 0x000000073fe00000, 0x000000073fe00000|100%| O|  |TAMS 0x000000073fc00000| PB 0x000000073fc00000| Untracked 
| 511|0x000000073fe00000, 0x0000000740000000, 0x0000000740000000|100%| O|  |TAMS 0x000000073fe00000| PB 0x000000073fe00000| Untracked 
| 512|0x0000000740000000, 0x0000000740000000, 0x0000000740200000|  0%| F|  |TAMS 0x0000000740000000| PB 0x0000000740000000| Untracked 
| 513|0x0000000740200000, 0x0000000740400000, 0x0000000740400000|100%| O|  |TAMS 0x0000000740200000| PB 0x0000000740200000| Untracked 
| 514|0x0000000740400000, 0x0000000740600000, 0x0000000740600000|100%| O|  |TAMS 0x0000000740400000| PB 0x0000000740400000| Untracked 
| 515|0x0000000740600000, 0x0000000740800000, 0x0000000740800000|100%| O|  |TAMS 0x0000000740600000| PB 0x0000000740600000| Untracked 
| 516|0x0000000740800000, 0x0000000740a00000, 0x0000000740a00000|100%| O|  |TAMS 0x0000000740800000| PB 0x0000000740800000| Untracked 
| 517|0x0000000740a00000, 0x0000000740c00000, 0x0000000740c00000|100%| O|  |TAMS 0x0000000740a00000| PB 0x0000000740a00000| Untracked 
| 518|0x0000000740c00000, 0x0000000740e00000, 0x0000000740e00000|100%| O|  |TAMS 0x0000000740c00000| PB 0x0000000740c00000| Untracked 
| 519|0x0000000740e00000, 0x0000000741000000, 0x0000000741000000|100%| O|  |TAMS 0x0000000740e00000| PB 0x0000000740e00000| Untracked 
| 520|0x0000000741000000, 0x0000000741200000, 0x0000000741200000|100%| O|  |TAMS 0x0000000741000000| PB 0x0000000741000000| Untracked 
| 521|0x0000000741200000, 0x0000000741400000, 0x0000000741400000|100%| O|  |TAMS 0x0000000741200000| PB 0x0000000741200000| Untracked 
| 522|0x0000000741400000, 0x0000000741600000, 0x0000000741600000|100%| O|  |TAMS 0x0000000741400000| PB 0x0000000741400000| Untracked 
| 523|0x0000000741600000, 0x0000000741600000, 0x0000000741800000|  0%| F|  |TAMS 0x0000000741600000| PB 0x0000000741600000| Untracked 
| 524|0x0000000741800000, 0x0000000741a00000, 0x0000000741a00000|100%| O|  |TAMS 0x0000000741800000| PB 0x0000000741800000| Untracked 
| 525|0x0000000741a00000, 0x0000000741a00000, 0x0000000741c00000|  0%| F|  |TAMS 0x0000000741a00000| PB 0x0000000741a00000| Untracked 
| 526|0x0000000741c00000, 0x0000000741c00000, 0x0000000741e00000|  0%| F|  |TAMS 0x0000000741c00000| PB 0x0000000741c00000| Untracked 
| 527|0x0000000741e00000, 0x0000000741e00000, 0x0000000742000000|  0%| F|  |TAMS 0x0000000741e00000| PB 0x0000000741e00000| Untracked 
| 528|0x0000000742000000, 0x0000000742000000, 0x0000000742200000|  0%| F|  |TAMS 0x0000000742000000| PB 0x0000000742000000| Untracked 
| 529|0x0000000742200000, 0x0000000742200000, 0x0000000742400000|  0%| F|  |TAMS 0x0000000742200000| PB 0x0000000742200000| Untracked 
| 530|0x0000000742400000, 0x0000000742400000, 0x0000000742600000|  0%| F|  |TAMS 0x0000000742400000| PB 0x0000000742400000| Untracked 
| 531|0x0000000742600000, 0x0000000742600000, 0x0000000742800000|  0%| F|  |TAMS 0x0000000742600000| PB 0x0000000742600000| Untracked 
| 532|0x0000000742800000, 0x0000000742800000, 0x0000000742a00000|  0%| F|  |TAMS 0x0000000742800000| PB 0x0000000742800000| Untracked 
| 533|0x0000000742a00000, 0x0000000742a00000, 0x0000000742c00000|  0%| F|  |TAMS 0x0000000742a00000| PB 0x0000000742a00000| Untracked 
| 534|0x0000000742c00000, 0x0000000742c00000, 0x0000000742e00000|  0%| F|  |TAMS 0x0000000742c00000| PB 0x0000000742c00000| Untracked 
| 535|0x0000000742e00000, 0x0000000742e00000, 0x0000000743000000|  0%| F|  |TAMS 0x0000000742e00000| PB 0x0000000742e00000| Untracked 
| 536|0x0000000743000000, 0x0000000743000000, 0x0000000743200000|  0%| F|  |TAMS 0x0000000743000000| PB 0x0000000743000000| Untracked 
| 537|0x0000000743200000, 0x0000000743200000, 0x0000000743400000|  0%| F|  |TAMS 0x0000000743200000| PB 0x0000000743200000| Untracked 
| 538|0x0000000743400000, 0x0000000743600000, 0x0000000743600000|100%| O|  |TAMS 0x0000000743400000| PB 0x0000000743400000| Untracked 
| 539|0x0000000743600000, 0x0000000743800000, 0x0000000743800000|100%| O|  |TAMS 0x0000000743600000| PB 0x0000000743600000| Untracked 
| 540|0x0000000743800000, 0x0000000743a00000, 0x0000000743a00000|100%| O|  |TAMS 0x0000000743800000| PB 0x0000000743800000| Untracked 
| 541|0x0000000743a00000, 0x0000000743c00000, 0x0000000743c00000|100%| O|  |TAMS 0x0000000743a00000| PB 0x0000000743a00000| Untracked 
| 542|0x0000000743c00000, 0x0000000743e00000, 0x0000000743e00000|100%| O|  |TAMS 0x0000000743c00000| PB 0x0000000743c00000| Untracked 
| 543|0x0000000743e00000, 0x0000000743e00000, 0x0000000744000000|  0%| F|  |TAMS 0x0000000743e00000| PB 0x0000000743e00000| Untracked 
| 544|0x0000000744000000, 0x0000000744000000, 0x0000000744200000|  0%| F|  |TAMS 0x0000000744000000| PB 0x0000000744000000| Untracked 
| 545|0x0000000744200000, 0x0000000744200000, 0x0000000744400000|  0%| F|  |TAMS 0x0000000744200000| PB 0x0000000744200000| Untracked 
| 546|0x0000000744400000, 0x0000000744400000, 0x0000000744600000|  0%| F|  |TAMS 0x0000000744400000| PB 0x0000000744400000| Untracked 
| 547|0x0000000744600000, 0x0000000744600000, 0x0000000744800000|  0%| F|  |TAMS 0x0000000744600000| PB 0x0000000744600000| Untracked 
| 548|0x0000000744800000, 0x0000000744800000, 0x0000000744a00000|  0%| F|  |TAMS 0x0000000744800000| PB 0x0000000744800000| Untracked 
| 549|0x0000000744a00000, 0x0000000744a00000, 0x0000000744c00000|  0%| F|  |TAMS 0x0000000744a00000| PB 0x0000000744a00000| Untracked 
| 550|0x0000000744c00000, 0x0000000744c00000, 0x0000000744e00000|  0%| F|  |TAMS 0x0000000744c00000| PB 0x0000000744c00000| Untracked 
| 551|0x0000000744e00000, 0x0000000744e00000, 0x0000000745000000|  0%| F|  |TAMS 0x0000000744e00000| PB 0x0000000744e00000| Untracked 
| 552|0x0000000745000000, 0x0000000745200000, 0x0000000745200000|100%| O|  |TAMS 0x0000000745000000| PB 0x0000000745000000| Untracked 
| 553|0x0000000745200000, 0x0000000745400000, 0x0000000745400000|100%| O|  |TAMS 0x0000000745200000| PB 0x0000000745200000| Untracked 
| 554|0x0000000745400000, 0x0000000745600000, 0x0000000745600000|100%| O|  |TAMS 0x0000000745400000| PB 0x0000000745400000| Untracked 
| 555|0x0000000745600000, 0x0000000745800000, 0x0000000745800000|100%| O|  |TAMS 0x0000000745600000| PB 0x0000000745600000| Untracked 
| 556|0x0000000745800000, 0x0000000745a00000, 0x0000000745a00000|100%| O|  |TAMS 0x0000000745800000| PB 0x0000000745800000| Untracked 
| 557|0x0000000745a00000, 0x0000000745c00000, 0x0000000745c00000|100%| O|  |TAMS 0x0000000745a00000| PB 0x0000000745a00000| Untracked 
| 558|0x0000000745c00000, 0x0000000745e00000, 0x0000000745e00000|100%| O|  |TAMS 0x0000000745c00000| PB 0x0000000745c00000| Untracked 
| 559|0x0000000745e00000, 0x0000000746000000, 0x0000000746000000|100%| O|  |TAMS 0x0000000745e00000| PB 0x0000000745e00000| Untracked 
| 560|0x0000000746000000, 0x0000000746200000, 0x0000000746200000|100%| O|  |TAMS 0x0000000746000000| PB 0x0000000746000000| Untracked 
| 561|0x0000000746200000, 0x0000000746400000, 0x0000000746400000|100%| O|  |TAMS 0x0000000746200000| PB 0x0000000746200000| Untracked 
| 562|0x0000000746400000, 0x0000000746600000, 0x0000000746600000|100%| O|  |TAMS 0x0000000746400000| PB 0x0000000746400000| Untracked 
| 563|0x0000000746600000, 0x0000000746800000, 0x0000000746800000|100%| O|  |TAMS 0x0000000746600000| PB 0x0000000746600000| Untracked 
| 564|0x0000000746800000, 0x0000000746a00000, 0x0000000746a00000|100%| O|  |TAMS 0x0000000746800000| PB 0x0000000746800000| Untracked 
| 565|0x0000000746a00000, 0x0000000746c00000, 0x0000000746c00000|100%| O|  |TAMS 0x0000000746a00000| PB 0x0000000746a00000| Untracked 
| 566|0x0000000746c00000, 0x0000000746e00000, 0x0000000746e00000|100%| O|  |TAMS 0x0000000746c00000| PB 0x0000000746c00000| Untracked 
| 567|0x0000000746e00000, 0x0000000747000000, 0x0000000747000000|100%| O|  |TAMS 0x0000000746e00000| PB 0x0000000746e00000| Untracked 
| 568|0x0000000747000000, 0x0000000747200000, 0x0000000747200000|100%| O|  |TAMS 0x0000000747000000| PB 0x0000000747000000| Untracked 
| 569|0x0000000747200000, 0x0000000747400000, 0x0000000747400000|100%| O|  |TAMS 0x0000000747200000| PB 0x0000000747200000| Untracked 
| 570|0x0000000747400000, 0x0000000747600000, 0x0000000747600000|100%| O|  |TAMS 0x0000000747400000| PB 0x0000000747400000| Untracked 
| 571|0x0000000747600000, 0x0000000747800000, 0x0000000747800000|100%| O|  |TAMS 0x0000000747600000| PB 0x0000000747600000| Untracked 
| 572|0x0000000747800000, 0x0000000747a00000, 0x0000000747a00000|100%| O|  |TAMS 0x0000000747800000| PB 0x0000000747800000| Untracked 
| 573|0x0000000747a00000, 0x0000000747c00000, 0x0000000747c00000|100%| O|  |TAMS 0x0000000747a00000| PB 0x0000000747a00000| Untracked 
| 574|0x0000000747c00000, 0x0000000747e00000, 0x0000000747e00000|100%| S|CS|TAMS 0x0000000747c00000| PB 0x0000000747c00000| Complete 
| 575|0x0000000747e00000, 0x0000000748000000, 0x0000000748000000|100%| S|CS|TAMS 0x0000000747e00000| PB 0x0000000747e00000| Complete 
| 576|0x0000000748000000, 0x0000000748200000, 0x0000000748200000|100%| S|CS|TAMS 0x0000000748000000| PB 0x0000000748000000| Complete 
| 577|0x0000000748200000, 0x0000000748200000, 0x0000000748400000|  0%| F|  |TAMS 0x0000000748200000| PB 0x0000000748200000| Untracked 
| 578|0x0000000748400000, 0x0000000748400000, 0x0000000748600000|  0%| F|  |TAMS 0x0000000748400000| PB 0x0000000748400000| Untracked 
| 579|0x0000000748600000, 0x0000000748600000, 0x0000000748800000|  0%| F|  |TAMS 0x0000000748600000| PB 0x0000000748600000| Untracked 
| 580|0x0000000748800000, 0x0000000748800000, 0x0000000748a00000|  0%| F|  |TAMS 0x0000000748800000| PB 0x0000000748800000| Untracked 
| 581|0x0000000748a00000, 0x0000000748a00000, 0x0000000748c00000|  0%| F|  |TAMS 0x0000000748a00000| PB 0x0000000748a00000| Untracked 
| 582|0x0000000748c00000, 0x0000000748c00000, 0x0000000748e00000|  0%| F|  |TAMS 0x0000000748c00000| PB 0x0000000748c00000| Untracked 
| 583|0x0000000748e00000, 0x0000000748e00000, 0x0000000749000000|  0%| F|  |TAMS 0x0000000748e00000| PB 0x0000000748e00000| Untracked 
| 584|0x0000000749000000, 0x0000000749000000, 0x0000000749200000|  0%| F|  |TAMS 0x0000000749000000| PB 0x0000000749000000| Untracked 
| 585|0x0000000749200000, 0x0000000749200000, 0x0000000749400000|  0%| F|  |TAMS 0x0000000749200000| PB 0x0000000749200000| Untracked 
| 586|0x0000000749400000, 0x0000000749400000, 0x0000000749600000|  0%| F|  |TAMS 0x0000000749400000| PB 0x0000000749400000| Untracked 
| 587|0x0000000749600000, 0x0000000749600000, 0x0000000749800000|  0%| F|  |TAMS 0x0000000749600000| PB 0x0000000749600000| Untracked 
| 588|0x0000000749800000, 0x0000000749800000, 0x0000000749a00000|  0%| F|  |TAMS 0x0000000749800000| PB 0x0000000749800000| Untracked 
| 589|0x0000000749a00000, 0x0000000749c00000, 0x0000000749c00000|100%| S|CS|TAMS 0x0000000749a00000| PB 0x0000000749a00000| Complete 
| 590|0x0000000749c00000, 0x0000000749e00000, 0x0000000749e00000|100%| S|CS|TAMS 0x0000000749c00000| PB 0x0000000749c00000| Complete 
| 591|0x0000000749e00000, 0x000000074a000000, 0x000000074a000000|100%| S|CS|TAMS 0x0000000749e00000| PB 0x0000000749e00000| Complete 
| 592|0x000000074a000000, 0x000000074a200000, 0x000000074a200000|100%| S|CS|TAMS 0x000000074a000000| PB 0x000000074a000000| Complete 
| 593|0x000000074a200000, 0x000000074a400000, 0x000000074a400000|100%| S|CS|TAMS 0x000000074a200000| PB 0x000000074a200000| Complete 
| 594|0x000000074a400000, 0x000000074a600000, 0x000000074a600000|100%| S|CS|TAMS 0x000000074a400000| PB 0x000000074a400000| Complete 
| 595|0x000000074a600000, 0x000000074a800000, 0x000000074a800000|100%| S|CS|TAMS 0x000000074a600000| PB 0x000000074a600000| Complete 
| 596|0x000000074a800000, 0x000000074aa00000, 0x000000074aa00000|100%| S|CS|TAMS 0x000000074a800000| PB 0x000000074a800000| Complete 
| 597|0x000000074aa00000, 0x000000074ac00000, 0x000000074ac00000|100%| S|CS|TAMS 0x000000074aa00000| PB 0x000000074aa00000| Complete 
| 598|0x000000074ac00000, 0x000000074ae00000, 0x000000074ae00000|100%| S|CS|TAMS 0x000000074ac00000| PB 0x000000074ac00000| Complete 
| 599|0x000000074ae00000, 0x000000074b000000, 0x000000074b000000|100%| S|CS|TAMS 0x000000074ae00000| PB 0x000000074ae00000| Complete 
| 600|0x000000074b000000, 0x000000074b200000, 0x000000074b200000|100%| S|CS|TAMS 0x000000074b000000| PB 0x000000074b000000| Complete 
| 601|0x000000074b200000, 0x000000074b200000, 0x000000074b400000|  0%| F|  |TAMS 0x000000074b200000| PB 0x000000074b200000| Untracked 
| 602|0x000000074b400000, 0x000000074b400000, 0x000000074b600000|  0%| F|  |TAMS 0x000000074b400000| PB 0x000000074b400000| Untracked 
| 603|0x000000074b600000, 0x000000074b600000, 0x000000074b800000|  0%| F|  |TAMS 0x000000074b600000| PB 0x000000074b600000| Untracked 
| 604|0x000000074b800000, 0x000000074b800000, 0x000000074ba00000|  0%| F|  |TAMS 0x000000074b800000| PB 0x000000074b800000| Untracked 
| 605|0x000000074ba00000, 0x000000074ba00000, 0x000000074bc00000|  0%| F|  |TAMS 0x000000074ba00000| PB 0x000000074ba00000| Untracked 
| 606|0x000000074bc00000, 0x000000074bc00000, 0x000000074be00000|  0%| F|  |TAMS 0x000000074bc00000| PB 0x000000074bc00000| Untracked 
| 607|0x000000074be00000, 0x000000074be00000, 0x000000074c000000|  0%| F|  |TAMS 0x000000074be00000| PB 0x000000074be00000| Untracked 
| 608|0x000000074c000000, 0x000000074c000000, 0x000000074c200000|  0%| F|  |TAMS 0x000000074c000000| PB 0x000000074c000000| Untracked 
| 609|0x000000074c200000, 0x000000074c200000, 0x000000074c400000|  0%| F|  |TAMS 0x000000074c200000| PB 0x000000074c200000| Untracked 
| 610|0x000000074c400000, 0x000000074c400000, 0x000000074c600000|  0%| F|  |TAMS 0x000000074c400000| PB 0x000000074c400000| Untracked 
| 611|0x000000074c600000, 0x000000074c600000, 0x000000074c800000|  0%| F|  |TAMS 0x000000074c600000| PB 0x000000074c600000| Untracked 
| 612|0x000000074c800000, 0x000000074c800000, 0x000000074ca00000|  0%| F|  |TAMS 0x000000074c800000| PB 0x000000074c800000| Untracked 
| 613|0x000000074ca00000, 0x000000074ca00000, 0x000000074cc00000|  0%| F|  |TAMS 0x000000074ca00000| PB 0x000000074ca00000| Untracked 
| 614|0x000000074cc00000, 0x000000074cc00000, 0x000000074ce00000|  0%| F|  |TAMS 0x000000074cc00000| PB 0x000000074cc00000| Untracked 
| 615|0x000000074ce00000, 0x000000074ce00000, 0x000000074d000000|  0%| F|  |TAMS 0x000000074ce00000| PB 0x000000074ce00000| Untracked 
| 616|0x000000074d000000, 0x000000074d000000, 0x000000074d200000|  0%| F|  |TAMS 0x000000074d000000| PB 0x000000074d000000| Untracked 
| 617|0x000000074d200000, 0x000000074d200000, 0x000000074d400000|  0%| F|  |TAMS 0x000000074d200000| PB 0x000000074d200000| Untracked 
| 618|0x000000074d400000, 0x000000074d400000, 0x000000074d600000|  0%| F|  |TAMS 0x000000074d400000| PB 0x000000074d400000| Untracked 
| 619|0x000000074d600000, 0x000000074d600000, 0x000000074d800000|  0%| F|  |TAMS 0x000000074d600000| PB 0x000000074d600000| Untracked 
| 620|0x000000074d800000, 0x000000074d800000, 0x000000074da00000|  0%| F|  |TAMS 0x000000074d800000| PB 0x000000074d800000| Untracked 
| 621|0x000000074da00000, 0x000000074da00000, 0x000000074dc00000|  0%| F|  |TAMS 0x000000074da00000| PB 0x000000074da00000| Untracked 
| 622|0x000000074dc00000, 0x000000074dc00000, 0x000000074de00000|  0%| F|  |TAMS 0x000000074dc00000| PB 0x000000074dc00000| Untracked 
| 623|0x000000074de00000, 0x000000074de00000, 0x000000074e000000|  0%| F|  |TAMS 0x000000074de00000| PB 0x000000074de00000| Untracked 
| 624|0x000000074e000000, 0x000000074e000000, 0x000000074e200000|  0%| F|  |TAMS 0x000000074e000000| PB 0x000000074e000000| Untracked 
| 625|0x000000074e200000, 0x000000074e200000, 0x000000074e400000|  0%| F|  |TAMS 0x000000074e200000| PB 0x000000074e200000| Untracked 
| 626|0x000000074e400000, 0x000000074e400000, 0x000000074e600000|  0%| F|  |TAMS 0x000000074e400000| PB 0x000000074e400000| Untracked 
| 627|0x000000074e600000, 0x000000074e600000, 0x000000074e800000|  0%| F|  |TAMS 0x000000074e600000| PB 0x000000074e600000| Untracked 
| 628|0x000000074e800000, 0x000000074e800000, 0x000000074ea00000|  0%| F|  |TAMS 0x000000074e800000| PB 0x000000074e800000| Untracked 
| 629|0x000000074ea00000, 0x000000074ea00000, 0x000000074ec00000|  0%| F|  |TAMS 0x000000074ea00000| PB 0x000000074ea00000| Untracked 
| 630|0x000000074ec00000, 0x000000074ec00000, 0x000000074ee00000|  0%| F|  |TAMS 0x000000074ec00000| PB 0x000000074ec00000| Untracked 
| 631|0x000000074ee00000, 0x000000074ee00000, 0x000000074f000000|  0%| F|  |TAMS 0x000000074ee00000| PB 0x000000074ee00000| Untracked 
| 632|0x000000074f000000, 0x000000074f000000, 0x000000074f200000|  0%| F|  |TAMS 0x000000074f000000| PB 0x000000074f000000| Untracked 
| 633|0x000000074f200000, 0x000000074f200000, 0x000000074f400000|  0%| F|  |TAMS 0x000000074f200000| PB 0x000000074f200000| Untracked 
| 634|0x000000074f400000, 0x000000074f400000, 0x000000074f600000|  0%| F|  |TAMS 0x000000074f400000| PB 0x000000074f400000| Untracked 
| 635|0x000000074f600000, 0x000000074f600000, 0x000000074f800000|  0%| F|  |TAMS 0x000000074f600000| PB 0x000000074f600000| Untracked 
| 636|0x000000074f800000, 0x000000074f800000, 0x000000074fa00000|  0%| F|  |TAMS 0x000000074f800000| PB 0x000000074f800000| Untracked 
| 637|0x000000074fa00000, 0x000000074fa00000, 0x000000074fc00000|  0%| F|  |TAMS 0x000000074fa00000| PB 0x000000074fa00000| Untracked 
| 638|0x000000074fc00000, 0x000000074fc00000, 0x000000074fe00000|  0%| F|  |TAMS 0x000000074fc00000| PB 0x000000074fc00000| Untracked 
| 639|0x000000074fe00000, 0x000000074fe00000, 0x0000000750000000|  0%| F|  |TAMS 0x000000074fe00000| PB 0x000000074fe00000| Untracked 
| 640|0x0000000750000000, 0x0000000750000000, 0x0000000750200000|  0%| F|  |TAMS 0x0000000750000000| PB 0x0000000750000000| Untracked 
| 641|0x0000000750200000, 0x0000000750200000, 0x0000000750400000|  0%| F|  |TAMS 0x0000000750200000| PB 0x0000000750200000| Untracked 
| 642|0x0000000750400000, 0x0000000750400000, 0x0000000750600000|  0%| F|  |TAMS 0x0000000750400000| PB 0x0000000750400000| Untracked 
| 643|0x0000000750600000, 0x0000000750600000, 0x0000000750800000|  0%| F|  |TAMS 0x0000000750600000| PB 0x0000000750600000| Untracked 
| 644|0x0000000750800000, 0x0000000750800000, 0x0000000750a00000|  0%| F|  |TAMS 0x0000000750800000| PB 0x0000000750800000| Untracked 
| 645|0x0000000750a00000, 0x0000000750a00000, 0x0000000750c00000|  0%| F|  |TAMS 0x0000000750a00000| PB 0x0000000750a00000| Untracked 
| 646|0x0000000750c00000, 0x0000000750c00000, 0x0000000750e00000|  0%| F|  |TAMS 0x0000000750c00000| PB 0x0000000750c00000| Untracked 
| 647|0x0000000750e00000, 0x0000000750e00000, 0x0000000751000000|  0%| F|  |TAMS 0x0000000750e00000| PB 0x0000000750e00000| Untracked 
| 648|0x0000000751000000, 0x0000000751000000, 0x0000000751200000|  0%| F|  |TAMS 0x0000000751000000| PB 0x0000000751000000| Untracked 
| 649|0x0000000751200000, 0x0000000751200000, 0x0000000751400000|  0%| F|  |TAMS 0x0000000751200000| PB 0x0000000751200000| Untracked 
| 650|0x0000000751400000, 0x0000000751400000, 0x0000000751600000|  0%| F|  |TAMS 0x0000000751400000| PB 0x0000000751400000| Untracked 
| 651|0x0000000751600000, 0x0000000751600000, 0x0000000751800000|  0%| F|  |TAMS 0x0000000751600000| PB 0x0000000751600000| Untracked 
| 652|0x0000000751800000, 0x0000000751800000, 0x0000000751a00000|  0%| F|  |TAMS 0x0000000751800000| PB 0x0000000751800000| Untracked 
| 653|0x0000000751a00000, 0x0000000751a00000, 0x0000000751c00000|  0%| F|  |TAMS 0x0000000751a00000| PB 0x0000000751a00000| Untracked 
| 654|0x0000000751c00000, 0x0000000751c00000, 0x0000000751e00000|  0%| F|  |TAMS 0x0000000751c00000| PB 0x0000000751c00000| Untracked 
| 655|0x0000000751e00000, 0x0000000751e00000, 0x0000000752000000|  0%| F|  |TAMS 0x0000000751e00000| PB 0x0000000751e00000| Untracked 
| 656|0x0000000752000000, 0x0000000752000000, 0x0000000752200000|  0%| F|  |TAMS 0x0000000752000000| PB 0x0000000752000000| Untracked 
| 657|0x0000000752200000, 0x0000000752200000, 0x0000000752400000|  0%| F|  |TAMS 0x0000000752200000| PB 0x0000000752200000| Untracked 
| 658|0x0000000752400000, 0x0000000752400000, 0x0000000752600000|  0%| F|  |TAMS 0x0000000752400000| PB 0x0000000752400000| Untracked 
| 659|0x0000000752600000, 0x0000000752600000, 0x0000000752800000|  0%| F|  |TAMS 0x0000000752600000| PB 0x0000000752600000| Untracked 
| 660|0x0000000752800000, 0x0000000752800000, 0x0000000752a00000|  0%| F|  |TAMS 0x0000000752800000| PB 0x0000000752800000| Untracked 
| 661|0x0000000752a00000, 0x0000000752a00000, 0x0000000752c00000|  0%| F|  |TAMS 0x0000000752a00000| PB 0x0000000752a00000| Untracked 
| 662|0x0000000752c00000, 0x0000000752c00000, 0x0000000752e00000|  0%| F|  |TAMS 0x0000000752c00000| PB 0x0000000752c00000| Untracked 
| 663|0x0000000752e00000, 0x0000000752e00000, 0x0000000753000000|  0%| F|  |TAMS 0x0000000752e00000| PB 0x0000000752e00000| Untracked 
| 664|0x0000000753000000, 0x0000000753000000, 0x0000000753200000|  0%| F|  |TAMS 0x0000000753000000| PB 0x0000000753000000| Untracked 
| 665|0x0000000753200000, 0x0000000753200000, 0x0000000753400000|  0%| F|  |TAMS 0x0000000753200000| PB 0x0000000753200000| Untracked 
| 666|0x0000000753400000, 0x0000000753400000, 0x0000000753600000|  0%| F|  |TAMS 0x0000000753400000| PB 0x0000000753400000| Untracked 
| 667|0x0000000753600000, 0x0000000753600000, 0x0000000753800000|  0%| F|  |TAMS 0x0000000753600000| PB 0x0000000753600000| Untracked 
| 668|0x0000000753800000, 0x0000000753800000, 0x0000000753a00000|  0%| F|  |TAMS 0x0000000753800000| PB 0x0000000753800000| Untracked 
| 669|0x0000000753a00000, 0x0000000753a00000, 0x0000000753c00000|  0%| F|  |TAMS 0x0000000753a00000| PB 0x0000000753a00000| Untracked 
| 670|0x0000000753c00000, 0x0000000753c00000, 0x0000000753e00000|  0%| F|  |TAMS 0x0000000753c00000| PB 0x0000000753c00000| Untracked 
| 671|0x0000000753e00000, 0x0000000753e00000, 0x0000000754000000|  0%| F|  |TAMS 0x0000000753e00000| PB 0x0000000753e00000| Untracked 
| 672|0x0000000754000000, 0x0000000754000000, 0x0000000754200000|  0%| F|  |TAMS 0x0000000754000000| PB 0x0000000754000000| Untracked 
| 673|0x0000000754200000, 0x0000000754200000, 0x0000000754400000|  0%| F|  |TAMS 0x0000000754200000| PB 0x0000000754200000| Untracked 
| 674|0x0000000754400000, 0x0000000754400000, 0x0000000754600000|  0%| F|  |TAMS 0x0000000754400000| PB 0x0000000754400000| Untracked 
| 675|0x0000000754600000, 0x0000000754600000, 0x0000000754800000|  0%| F|  |TAMS 0x0000000754600000| PB 0x0000000754600000| Untracked 
| 676|0x0000000754800000, 0x0000000754800000, 0x0000000754a00000|  0%| F|  |TAMS 0x0000000754800000| PB 0x0000000754800000| Untracked 
| 677|0x0000000754a00000, 0x0000000754a00000, 0x0000000754c00000|  0%| F|  |TAMS 0x0000000754a00000| PB 0x0000000754a00000| Untracked 
| 678|0x0000000754c00000, 0x0000000754c00000, 0x0000000754e00000|  0%| F|  |TAMS 0x0000000754c00000| PB 0x0000000754c00000| Untracked 
| 679|0x0000000754e00000, 0x0000000754e00000, 0x0000000755000000|  0%| F|  |TAMS 0x0000000754e00000| PB 0x0000000754e00000| Untracked 
| 680|0x0000000755000000, 0x0000000755000000, 0x0000000755200000|  0%| F|  |TAMS 0x0000000755000000| PB 0x0000000755000000| Untracked 
| 681|0x0000000755200000, 0x0000000755200000, 0x0000000755400000|  0%| F|  |TAMS 0x0000000755200000| PB 0x0000000755200000| Untracked 
| 682|0x0000000755400000, 0x0000000755400000, 0x0000000755600000|  0%| F|  |TAMS 0x0000000755400000| PB 0x0000000755400000| Untracked 
| 683|0x0000000755600000, 0x0000000755600000, 0x0000000755800000|  0%| F|  |TAMS 0x0000000755600000| PB 0x0000000755600000| Untracked 
| 684|0x0000000755800000, 0x0000000755800000, 0x0000000755a00000|  0%| F|  |TAMS 0x0000000755800000| PB 0x0000000755800000| Untracked 
| 685|0x0000000755a00000, 0x0000000755a00000, 0x0000000755c00000|  0%| F|  |TAMS 0x0000000755a00000| PB 0x0000000755a00000| Untracked 
| 686|0x0000000755c00000, 0x0000000755c00000, 0x0000000755e00000|  0%| F|  |TAMS 0x0000000755c00000| PB 0x0000000755c00000| Untracked 
| 687|0x0000000755e00000, 0x0000000755e00000, 0x0000000756000000|  0%| F|  |TAMS 0x0000000755e00000| PB 0x0000000755e00000| Untracked 
| 688|0x0000000756000000, 0x0000000756000000, 0x0000000756200000|  0%| F|  |TAMS 0x0000000756000000| PB 0x0000000756000000| Untracked 
| 689|0x0000000756200000, 0x0000000756200000, 0x0000000756400000|  0%| F|  |TAMS 0x0000000756200000| PB 0x0000000756200000| Untracked 
| 690|0x0000000756400000, 0x0000000756400000, 0x0000000756600000|  0%| F|  |TAMS 0x0000000756400000| PB 0x0000000756400000| Untracked 
| 691|0x0000000756600000, 0x0000000756600000, 0x0000000756800000|  0%| F|  |TAMS 0x0000000756600000| PB 0x0000000756600000| Untracked 
| 692|0x0000000756800000, 0x0000000756800000, 0x0000000756a00000|  0%| F|  |TAMS 0x0000000756800000| PB 0x0000000756800000| Untracked 
| 693|0x0000000756a00000, 0x0000000756a00000, 0x0000000756c00000|  0%| F|  |TAMS 0x0000000756a00000| PB 0x0000000756a00000| Untracked 
| 694|0x0000000756c00000, 0x0000000756c00000, 0x0000000756e00000|  0%| F|  |TAMS 0x0000000756c00000| PB 0x0000000756c00000| Untracked 
| 695|0x0000000756e00000, 0x0000000756e00000, 0x0000000757000000|  0%| F|  |TAMS 0x0000000756e00000| PB 0x0000000756e00000| Untracked 
| 696|0x0000000757000000, 0x0000000757000000, 0x0000000757200000|  0%| F|  |TAMS 0x0000000757000000| PB 0x0000000757000000| Untracked 
| 697|0x0000000757200000, 0x0000000757200000, 0x0000000757400000|  0%| F|  |TAMS 0x0000000757200000| PB 0x0000000757200000| Untracked 
| 698|0x0000000757400000, 0x0000000757400000, 0x0000000757600000|  0%| F|  |TAMS 0x0000000757400000| PB 0x0000000757400000| Untracked 
| 699|0x0000000757600000, 0x0000000757600000, 0x0000000757800000|  0%| F|  |TAMS 0x0000000757600000| PB 0x0000000757600000| Untracked 
| 700|0x0000000757800000, 0x0000000757800000, 0x0000000757a00000|  0%| F|  |TAMS 0x0000000757800000| PB 0x0000000757800000| Untracked 
| 701|0x0000000757a00000, 0x0000000757a00000, 0x0000000757c00000|  0%| F|  |TAMS 0x0000000757a00000| PB 0x0000000757a00000| Untracked 
| 702|0x0000000757c00000, 0x0000000757c00000, 0x0000000757e00000|  0%| F|  |TAMS 0x0000000757c00000| PB 0x0000000757c00000| Untracked 
| 703|0x0000000757e00000, 0x0000000757e00000, 0x0000000758000000|  0%| F|  |TAMS 0x0000000757e00000| PB 0x0000000757e00000| Untracked 
| 704|0x0000000758000000, 0x0000000758000000, 0x0000000758200000|  0%| F|  |TAMS 0x0000000758000000| PB 0x0000000758000000| Untracked 
| 705|0x0000000758200000, 0x0000000758200000, 0x0000000758400000|  0%| F|  |TAMS 0x0000000758200000| PB 0x0000000758200000| Untracked 
| 706|0x0000000758400000, 0x0000000758400000, 0x0000000758600000|  0%| F|  |TAMS 0x0000000758400000| PB 0x0000000758400000| Untracked 
| 707|0x0000000758600000, 0x0000000758600000, 0x0000000758800000|  0%| F|  |TAMS 0x0000000758600000| PB 0x0000000758600000| Untracked 
| 708|0x0000000758800000, 0x0000000758800000, 0x0000000758a00000|  0%| F|  |TAMS 0x0000000758800000| PB 0x0000000758800000| Untracked 
| 709|0x0000000758a00000, 0x0000000758a00000, 0x0000000758c00000|  0%| F|  |TAMS 0x0000000758a00000| PB 0x0000000758a00000| Untracked 
| 710|0x0000000758c00000, 0x0000000758c00000, 0x0000000758e00000|  0%| F|  |TAMS 0x0000000758c00000| PB 0x0000000758c00000| Untracked 
| 711|0x0000000758e00000, 0x0000000758e00000, 0x0000000759000000|  0%| F|  |TAMS 0x0000000758e00000| PB 0x0000000758e00000| Untracked 
| 712|0x0000000759000000, 0x0000000759000000, 0x0000000759200000|  0%| F|  |TAMS 0x0000000759000000| PB 0x0000000759000000| Untracked 
| 713|0x0000000759200000, 0x0000000759200000, 0x0000000759400000|  0%| F|  |TAMS 0x0000000759200000| PB 0x0000000759200000| Untracked 
| 714|0x0000000759400000, 0x0000000759400000, 0x0000000759600000|  0%| F|  |TAMS 0x0000000759400000| PB 0x0000000759400000| Untracked 
| 715|0x0000000759600000, 0x0000000759600000, 0x0000000759800000|  0%| F|  |TAMS 0x0000000759600000| PB 0x0000000759600000| Untracked 
| 716|0x0000000759800000, 0x0000000759800000, 0x0000000759a00000|  0%| F|  |TAMS 0x0000000759800000| PB 0x0000000759800000| Untracked 
| 717|0x0000000759a00000, 0x0000000759a00000, 0x0000000759c00000|  0%| F|  |TAMS 0x0000000759a00000| PB 0x0000000759a00000| Untracked 
| 718|0x0000000759c00000, 0x0000000759c00000, 0x0000000759e00000|  0%| F|  |TAMS 0x0000000759c00000| PB 0x0000000759c00000| Untracked 
| 719|0x0000000759e00000, 0x0000000759e00000, 0x000000075a000000|  0%| F|  |TAMS 0x0000000759e00000| PB 0x0000000759e00000| Untracked 
| 720|0x000000075a000000, 0x000000075a000000, 0x000000075a200000|  0%| F|  |TAMS 0x000000075a000000| PB 0x000000075a000000| Untracked 
| 721|0x000000075a200000, 0x000000075a200000, 0x000000075a400000|  0%| F|  |TAMS 0x000000075a200000| PB 0x000000075a200000| Untracked 
| 722|0x000000075a400000, 0x000000075a400000, 0x000000075a600000|  0%| F|  |TAMS 0x000000075a400000| PB 0x000000075a400000| Untracked 
| 723|0x000000075a600000, 0x000000075a600000, 0x000000075a800000|  0%| F|  |TAMS 0x000000075a600000| PB 0x000000075a600000| Untracked 
| 724|0x000000075a800000, 0x000000075a800000, 0x000000075aa00000|  0%| F|  |TAMS 0x000000075a800000| PB 0x000000075a800000| Untracked 
| 725|0x000000075aa00000, 0x000000075aa00000, 0x000000075ac00000|  0%| F|  |TAMS 0x000000075aa00000| PB 0x000000075aa00000| Untracked 
| 726|0x000000075ac00000, 0x000000075ac00000, 0x000000075ae00000|  0%| F|  |TAMS 0x000000075ac00000| PB 0x000000075ac00000| Untracked 
| 727|0x000000075ae00000, 0x000000075ae00000, 0x000000075b000000|  0%| F|  |TAMS 0x000000075ae00000| PB 0x000000075ae00000| Untracked 
| 728|0x000000075b000000, 0x000000075b000000, 0x000000075b200000|  0%| F|  |TAMS 0x000000075b000000| PB 0x000000075b000000| Untracked 
| 729|0x000000075b200000, 0x000000075b200000, 0x000000075b400000|  0%| F|  |TAMS 0x000000075b200000| PB 0x000000075b200000| Untracked 
| 730|0x000000075b400000, 0x000000075b400000, 0x000000075b600000|  0%| F|  |TAMS 0x000000075b400000| PB 0x000000075b400000| Untracked 
| 731|0x000000075b600000, 0x000000075b600000, 0x000000075b800000|  0%| F|  |TAMS 0x000000075b600000| PB 0x000000075b600000| Untracked 
| 732|0x000000075b800000, 0x000000075b800000, 0x000000075ba00000|  0%| F|  |TAMS 0x000000075b800000| PB 0x000000075b800000| Untracked 
| 733|0x000000075ba00000, 0x000000075ba00000, 0x000000075bc00000|  0%| F|  |TAMS 0x000000075ba00000| PB 0x000000075ba00000| Untracked 
| 734|0x000000075bc00000, 0x000000075bc00000, 0x000000075be00000|  0%| F|  |TAMS 0x000000075bc00000| PB 0x000000075bc00000| Untracked 
| 735|0x000000075be00000, 0x000000075be00000, 0x000000075c000000|  0%| F|  |TAMS 0x000000075be00000| PB 0x000000075be00000| Untracked 
| 736|0x000000075c000000, 0x000000075c000000, 0x000000075c200000|  0%| F|  |TAMS 0x000000075c000000| PB 0x000000075c000000| Untracked 
| 737|0x000000075c200000, 0x000000075c200000, 0x000000075c400000|  0%| F|  |TAMS 0x000000075c200000| PB 0x000000075c200000| Untracked 
| 738|0x000000075c400000, 0x000000075c400000, 0x000000075c600000|  0%| F|  |TAMS 0x000000075c400000| PB 0x000000075c400000| Untracked 
| 739|0x000000075c600000, 0x000000075c600000, 0x000000075c800000|  0%| F|  |TAMS 0x000000075c600000| PB 0x000000075c600000| Untracked 
| 740|0x000000075c800000, 0x000000075c800000, 0x000000075ca00000|  0%| F|  |TAMS 0x000000075c800000| PB 0x000000075c800000| Untracked 
| 741|0x000000075ca00000, 0x000000075ca00000, 0x000000075cc00000|  0%| F|  |TAMS 0x000000075ca00000| PB 0x000000075ca00000| Untracked 
| 742|0x000000075cc00000, 0x000000075cc00000, 0x000000075ce00000|  0%| F|  |TAMS 0x000000075cc00000| PB 0x000000075cc00000| Untracked 
| 743|0x000000075ce00000, 0x000000075ce00000, 0x000000075d000000|  0%| F|  |TAMS 0x000000075ce00000| PB 0x000000075ce00000| Untracked 
| 744|0x000000075d000000, 0x000000075d000000, 0x000000075d200000|  0%| F|  |TAMS 0x000000075d000000| PB 0x000000075d000000| Untracked 
| 745|0x000000075d200000, 0x000000075d200000, 0x000000075d400000|  0%| F|  |TAMS 0x000000075d200000| PB 0x000000075d200000| Untracked 
| 746|0x000000075d400000, 0x000000075d400000, 0x000000075d600000|  0%| F|  |TAMS 0x000000075d400000| PB 0x000000075d400000| Untracked 
| 747|0x000000075d600000, 0x000000075d600000, 0x000000075d800000|  0%| F|  |TAMS 0x000000075d600000| PB 0x000000075d600000| Untracked 
| 748|0x000000075d800000, 0x000000075d800000, 0x000000075da00000|  0%| F|  |TAMS 0x000000075d800000| PB 0x000000075d800000| Untracked 
| 749|0x000000075da00000, 0x000000075da00000, 0x000000075dc00000|  0%| F|  |TAMS 0x000000075da00000| PB 0x000000075da00000| Untracked 
| 750|0x000000075dc00000, 0x000000075dc00000, 0x000000075de00000|  0%| F|  |TAMS 0x000000075dc00000| PB 0x000000075dc00000| Untracked 
| 751|0x000000075de00000, 0x000000075de00000, 0x000000075e000000|  0%| F|  |TAMS 0x000000075de00000| PB 0x000000075de00000| Untracked 
| 752|0x000000075e000000, 0x000000075e000000, 0x000000075e200000|  0%| F|  |TAMS 0x000000075e000000| PB 0x000000075e000000| Untracked 
| 753|0x000000075e200000, 0x000000075e200000, 0x000000075e400000|  0%| F|  |TAMS 0x000000075e200000| PB 0x000000075e200000| Untracked 
| 754|0x000000075e400000, 0x000000075e400000, 0x000000075e600000|  0%| F|  |TAMS 0x000000075e400000| PB 0x000000075e400000| Untracked 
| 755|0x000000075e600000, 0x000000075e600000, 0x000000075e800000|  0%| F|  |TAMS 0x000000075e600000| PB 0x000000075e600000| Untracked 
| 756|0x000000075e800000, 0x000000075e800000, 0x000000075ea00000|  0%| F|  |TAMS 0x000000075e800000| PB 0x000000075e800000| Untracked 
| 757|0x000000075ea00000, 0x000000075ea00000, 0x000000075ec00000|  0%| F|  |TAMS 0x000000075ea00000| PB 0x000000075ea00000| Untracked 
| 758|0x000000075ec00000, 0x000000075ec00000, 0x000000075ee00000|  0%| F|  |TAMS 0x000000075ec00000| PB 0x000000075ec00000| Untracked 
| 759|0x000000075ee00000, 0x000000075ee00000, 0x000000075f000000|  0%| F|  |TAMS 0x000000075ee00000| PB 0x000000075ee00000| Untracked 
| 760|0x000000075f000000, 0x000000075f000000, 0x000000075f200000|  0%| F|  |TAMS 0x000000075f000000| PB 0x000000075f000000| Untracked 
| 761|0x000000075f200000, 0x000000075f200000, 0x000000075f400000|  0%| F|  |TAMS 0x000000075f200000| PB 0x000000075f200000| Untracked 
| 762|0x000000075f400000, 0x000000075f400000, 0x000000075f600000|  0%| F|  |TAMS 0x000000075f400000| PB 0x000000075f400000| Untracked 
| 763|0x000000075f600000, 0x000000075f600000, 0x000000075f800000|  0%| F|  |TAMS 0x000000075f600000| PB 0x000000075f600000| Untracked 
| 764|0x000000075f800000, 0x000000075f800000, 0x000000075fa00000|  0%| F|  |TAMS 0x000000075f800000| PB 0x000000075f800000| Untracked 
| 765|0x000000075fa00000, 0x000000075fa00000, 0x000000075fc00000|  0%| F|  |TAMS 0x000000075fa00000| PB 0x000000075fa00000| Untracked 
| 766|0x000000075fc00000, 0x000000075fc00000, 0x000000075fe00000|  0%| F|  |TAMS 0x000000075fc00000| PB 0x000000075fc00000| Untracked 
| 767|0x000000075fe00000, 0x000000075fe00000, 0x0000000760000000|  0%| F|  |TAMS 0x000000075fe00000| PB 0x000000075fe00000| Untracked 
| 768|0x0000000760000000, 0x0000000760000000, 0x0000000760200000|  0%| F|  |TAMS 0x0000000760000000| PB 0x0000000760000000| Untracked 
| 769|0x0000000760200000, 0x0000000760200000, 0x0000000760400000|  0%| F|  |TAMS 0x0000000760200000| PB 0x0000000760200000| Untracked 
| 770|0x0000000760400000, 0x0000000760400000, 0x0000000760600000|  0%| F|  |TAMS 0x0000000760400000| PB 0x0000000760400000| Untracked 
| 771|0x0000000760600000, 0x0000000760600000, 0x0000000760800000|  0%| F|  |TAMS 0x0000000760600000| PB 0x0000000760600000| Untracked 
| 772|0x0000000760800000, 0x0000000760800000, 0x0000000760a00000|  0%| F|  |TAMS 0x0000000760800000| PB 0x0000000760800000| Untracked 
| 773|0x0000000760a00000, 0x0000000760a00000, 0x0000000760c00000|  0%| F|  |TAMS 0x0000000760a00000| PB 0x0000000760a00000| Untracked 
| 774|0x0000000760c00000, 0x0000000760c00000, 0x0000000760e00000|  0%| F|  |TAMS 0x0000000760c00000| PB 0x0000000760c00000| Untracked 
| 775|0x0000000760e00000, 0x0000000760e00000, 0x0000000761000000|  0%| F|  |TAMS 0x0000000760e00000| PB 0x0000000760e00000| Untracked 
| 776|0x0000000761000000, 0x0000000761000000, 0x0000000761200000|  0%| F|  |TAMS 0x0000000761000000| PB 0x0000000761000000| Untracked 
| 777|0x0000000761200000, 0x0000000761200000, 0x0000000761400000|  0%| F|  |TAMS 0x0000000761200000| PB 0x0000000761200000| Untracked 
| 778|0x0000000761400000, 0x0000000761400000, 0x0000000761600000|  0%| F|  |TAMS 0x0000000761400000| PB 0x0000000761400000| Untracked 
| 779|0x0000000761600000, 0x0000000761600000, 0x0000000761800000|  0%| F|  |TAMS 0x0000000761600000| PB 0x0000000761600000| Untracked 
| 780|0x0000000761800000, 0x0000000761800000, 0x0000000761a00000|  0%| F|  |TAMS 0x0000000761800000| PB 0x0000000761800000| Untracked 
| 781|0x0000000761a00000, 0x0000000761a00000, 0x0000000761c00000|  0%| F|  |TAMS 0x0000000761a00000| PB 0x0000000761a00000| Untracked 
| 782|0x0000000761c00000, 0x0000000761c00000, 0x0000000761e00000|  0%| F|  |TAMS 0x0000000761c00000| PB 0x0000000761c00000| Untracked 
| 783|0x0000000761e00000, 0x0000000761e00000, 0x0000000762000000|  0%| F|  |TAMS 0x0000000761e00000| PB 0x0000000761e00000| Untracked 
| 784|0x0000000762000000, 0x0000000762000000, 0x0000000762200000|  0%| F|  |TAMS 0x0000000762000000| PB 0x0000000762000000| Untracked 
| 785|0x0000000762200000, 0x0000000762200000, 0x0000000762400000|  0%| F|  |TAMS 0x0000000762200000| PB 0x0000000762200000| Untracked 
| 786|0x0000000762400000, 0x0000000762400000, 0x0000000762600000|  0%| F|  |TAMS 0x0000000762400000| PB 0x0000000762400000| Untracked 
| 787|0x0000000762600000, 0x0000000762600000, 0x0000000762800000|  0%| F|  |TAMS 0x0000000762600000| PB 0x0000000762600000| Untracked 
| 788|0x0000000762800000, 0x0000000762800000, 0x0000000762a00000|  0%| F|  |TAMS 0x0000000762800000| PB 0x0000000762800000| Untracked 
| 789|0x0000000762a00000, 0x0000000762a00000, 0x0000000762c00000|  0%| F|  |TAMS 0x0000000762a00000| PB 0x0000000762a00000| Untracked 
| 790|0x0000000762c00000, 0x0000000762c00000, 0x0000000762e00000|  0%| F|  |TAMS 0x0000000762c00000| PB 0x0000000762c00000| Untracked 
| 791|0x0000000762e00000, 0x0000000762e00000, 0x0000000763000000|  0%| F|  |TAMS 0x0000000762e00000| PB 0x0000000762e00000| Untracked 
| 792|0x0000000763000000, 0x0000000763000000, 0x0000000763200000|  0%| F|  |TAMS 0x0000000763000000| PB 0x0000000763000000| Untracked 
| 793|0x0000000763200000, 0x0000000763200000, 0x0000000763400000|  0%| F|  |TAMS 0x0000000763200000| PB 0x0000000763200000| Untracked 
| 794|0x0000000763400000, 0x0000000763400000, 0x0000000763600000|  0%| F|  |TAMS 0x0000000763400000| PB 0x0000000763400000| Untracked 
| 795|0x0000000763600000, 0x0000000763600000, 0x0000000763800000|  0%| F|  |TAMS 0x0000000763600000| PB 0x0000000763600000| Untracked 
| 796|0x0000000763800000, 0x0000000763800000, 0x0000000763a00000|  0%| F|  |TAMS 0x0000000763800000| PB 0x0000000763800000| Untracked 
| 797|0x0000000763a00000, 0x0000000763a00000, 0x0000000763c00000|  0%| F|  |TAMS 0x0000000763a00000| PB 0x0000000763a00000| Untracked 
| 798|0x0000000763c00000, 0x0000000763c00000, 0x0000000763e00000|  0%| F|  |TAMS 0x0000000763c00000| PB 0x0000000763c00000| Untracked 
| 799|0x0000000763e00000, 0x0000000763e00000, 0x0000000764000000|  0%| F|  |TAMS 0x0000000763e00000| PB 0x0000000763e00000| Untracked 
| 800|0x0000000764000000, 0x0000000764000000, 0x0000000764200000|  0%| F|  |TAMS 0x0000000764000000| PB 0x0000000764000000| Untracked 
| 801|0x0000000764200000, 0x0000000764200000, 0x0000000764400000|  0%| F|  |TAMS 0x0000000764200000| PB 0x0000000764200000| Untracked 
| 802|0x0000000764400000, 0x0000000764400000, 0x0000000764600000|  0%| F|  |TAMS 0x0000000764400000| PB 0x0000000764400000| Untracked 
| 803|0x0000000764600000, 0x0000000764600000, 0x0000000764800000|  0%| F|  |TAMS 0x0000000764600000| PB 0x0000000764600000| Untracked 
| 804|0x0000000764800000, 0x0000000764800000, 0x0000000764a00000|  0%| F|  |TAMS 0x0000000764800000| PB 0x0000000764800000| Untracked 
| 805|0x0000000764a00000, 0x0000000764a00000, 0x0000000764c00000|  0%| F|  |TAMS 0x0000000764a00000| PB 0x0000000764a00000| Untracked 
| 806|0x0000000764c00000, 0x0000000764c00000, 0x0000000764e00000|  0%| F|  |TAMS 0x0000000764c00000| PB 0x0000000764c00000| Untracked 
| 807|0x0000000764e00000, 0x0000000764e00000, 0x0000000765000000|  0%| F|  |TAMS 0x0000000764e00000| PB 0x0000000764e00000| Untracked 
| 808|0x0000000765000000, 0x0000000765000000, 0x0000000765200000|  0%| F|  |TAMS 0x0000000765000000| PB 0x0000000765000000| Untracked 
| 809|0x0000000765200000, 0x0000000765200000, 0x0000000765400000|  0%| F|  |TAMS 0x0000000765200000| PB 0x0000000765200000| Untracked 
| 810|0x0000000765400000, 0x0000000765400000, 0x0000000765600000|  0%| F|  |TAMS 0x0000000765400000| PB 0x0000000765400000| Untracked 
| 811|0x0000000765600000, 0x0000000765600000, 0x0000000765800000|  0%| F|  |TAMS 0x0000000765600000| PB 0x0000000765600000| Untracked 
| 812|0x0000000765800000, 0x0000000765800000, 0x0000000765a00000|  0%| F|  |TAMS 0x0000000765800000| PB 0x0000000765800000| Untracked 
| 813|0x0000000765a00000, 0x0000000765a00000, 0x0000000765c00000|  0%| F|  |TAMS 0x0000000765a00000| PB 0x0000000765a00000| Untracked 
| 814|0x0000000765c00000, 0x0000000765c00000, 0x0000000765e00000|  0%| F|  |TAMS 0x0000000765c00000| PB 0x0000000765c00000| Untracked 
| 815|0x0000000765e00000, 0x0000000765e00000, 0x0000000766000000|  0%| F|  |TAMS 0x0000000765e00000| PB 0x0000000765e00000| Untracked 
| 816|0x0000000766000000, 0x0000000766000000, 0x0000000766200000|  0%| F|  |TAMS 0x0000000766000000| PB 0x0000000766000000| Untracked 
| 817|0x0000000766200000, 0x0000000766200000, 0x0000000766400000|  0%| F|  |TAMS 0x0000000766200000| PB 0x0000000766200000| Untracked 
| 818|0x0000000766400000, 0x0000000766400000, 0x0000000766600000|  0%| F|  |TAMS 0x0000000766400000| PB 0x0000000766400000| Untracked 
| 819|0x0000000766600000, 0x0000000766600000, 0x0000000766800000|  0%| F|  |TAMS 0x0000000766600000| PB 0x0000000766600000| Untracked 
| 820|0x0000000766800000, 0x0000000766800000, 0x0000000766a00000|  0%| F|  |TAMS 0x0000000766800000| PB 0x0000000766800000| Untracked 
| 821|0x0000000766a00000, 0x0000000766a00000, 0x0000000766c00000|  0%| F|  |TAMS 0x0000000766a00000| PB 0x0000000766a00000| Untracked 
| 822|0x0000000766c00000, 0x0000000766c00000, 0x0000000766e00000|  0%| F|  |TAMS 0x0000000766c00000| PB 0x0000000766c00000| Untracked 
| 823|0x0000000766e00000, 0x0000000766e00000, 0x0000000767000000|  0%| F|  |TAMS 0x0000000766e00000| PB 0x0000000766e00000| Untracked 
| 824|0x0000000767000000, 0x0000000767000000, 0x0000000767200000|  0%| F|  |TAMS 0x0000000767000000| PB 0x0000000767000000| Untracked 
| 825|0x0000000767200000, 0x0000000767200000, 0x0000000767400000|  0%| F|  |TAMS 0x0000000767200000| PB 0x0000000767200000| Untracked 
| 826|0x0000000767400000, 0x0000000767400000, 0x0000000767600000|  0%| F|  |TAMS 0x0000000767400000| PB 0x0000000767400000| Untracked 
| 827|0x0000000767600000, 0x0000000767600000, 0x0000000767800000|  0%| F|  |TAMS 0x0000000767600000| PB 0x0000000767600000| Untracked 
| 828|0x0000000767800000, 0x0000000767800000, 0x0000000767a00000|  0%| F|  |TAMS 0x0000000767800000| PB 0x0000000767800000| Untracked 
| 829|0x0000000767a00000, 0x0000000767a00000, 0x0000000767c00000|  0%| F|  |TAMS 0x0000000767a00000| PB 0x0000000767a00000| Untracked 
| 830|0x0000000767c00000, 0x0000000767c00000, 0x0000000767e00000|  0%| F|  |TAMS 0x0000000767c00000| PB 0x0000000767c00000| Untracked 
| 831|0x0000000767e00000, 0x0000000767e00000, 0x0000000768000000|  0%| F|  |TAMS 0x0000000767e00000| PB 0x0000000767e00000| Untracked 
| 832|0x0000000768000000, 0x0000000768000000, 0x0000000768200000|  0%| F|  |TAMS 0x0000000768000000| PB 0x0000000768000000| Untracked 
| 833|0x0000000768200000, 0x0000000768200000, 0x0000000768400000|  0%| F|  |TAMS 0x0000000768200000| PB 0x0000000768200000| Untracked 
| 834|0x0000000768400000, 0x0000000768400000, 0x0000000768600000|  0%| F|  |TAMS 0x0000000768400000| PB 0x0000000768400000| Untracked 
| 835|0x0000000768600000, 0x0000000768600000, 0x0000000768800000|  0%| F|  |TAMS 0x0000000768600000| PB 0x0000000768600000| Untracked 
| 836|0x0000000768800000, 0x0000000768800000, 0x0000000768a00000|  0%| F|  |TAMS 0x0000000768800000| PB 0x0000000768800000| Untracked 
| 837|0x0000000768a00000, 0x0000000768a00000, 0x0000000768c00000|  0%| F|  |TAMS 0x0000000768a00000| PB 0x0000000768a00000| Untracked 
| 838|0x0000000768c00000, 0x0000000768c00000, 0x0000000768e00000|  0%| F|  |TAMS 0x0000000768c00000| PB 0x0000000768c00000| Untracked 
| 839|0x0000000768e00000, 0x0000000768e00000, 0x0000000769000000|  0%| F|  |TAMS 0x0000000768e00000| PB 0x0000000768e00000| Untracked 
| 840|0x0000000769000000, 0x0000000769000000, 0x0000000769200000|  0%| F|  |TAMS 0x0000000769000000| PB 0x0000000769000000| Untracked 
| 841|0x0000000769200000, 0x0000000769200000, 0x0000000769400000|  0%| F|  |TAMS 0x0000000769200000| PB 0x0000000769200000| Untracked 
| 842|0x0000000769400000, 0x0000000769400000, 0x0000000769600000|  0%| F|  |TAMS 0x0000000769400000| PB 0x0000000769400000| Untracked 
| 843|0x0000000769600000, 0x0000000769600000, 0x0000000769800000|  0%| F|  |TAMS 0x0000000769600000| PB 0x0000000769600000| Untracked 
| 844|0x0000000769800000, 0x0000000769800000, 0x0000000769a00000|  0%| F|  |TAMS 0x0000000769800000| PB 0x0000000769800000| Untracked 
| 845|0x0000000769a00000, 0x0000000769a00000, 0x0000000769c00000|  0%| F|  |TAMS 0x0000000769a00000| PB 0x0000000769a00000| Untracked 
| 846|0x0000000769c00000, 0x0000000769c00000, 0x0000000769e00000|  0%| F|  |TAMS 0x0000000769c00000| PB 0x0000000769c00000| Untracked 
| 847|0x0000000769e00000, 0x0000000769e00000, 0x000000076a000000|  0%| F|  |TAMS 0x0000000769e00000| PB 0x0000000769e00000| Untracked 
| 848|0x000000076a000000, 0x000000076a000000, 0x000000076a200000|  0%| F|  |TAMS 0x000000076a000000| PB 0x000000076a000000| Untracked 
| 849|0x000000076a200000, 0x000000076a200000, 0x000000076a400000|  0%| F|  |TAMS 0x000000076a200000| PB 0x000000076a200000| Untracked 
| 850|0x000000076a400000, 0x000000076a400000, 0x000000076a600000|  0%| F|  |TAMS 0x000000076a400000| PB 0x000000076a400000| Untracked 
| 851|0x000000076a600000, 0x000000076a600000, 0x000000076a800000|  0%| F|  |TAMS 0x000000076a600000| PB 0x000000076a600000| Untracked 
| 852|0x000000076a800000, 0x000000076a800000, 0x000000076aa00000|  0%| F|  |TAMS 0x000000076a800000| PB 0x000000076a800000| Untracked 
| 853|0x000000076aa00000, 0x000000076aa00000, 0x000000076ac00000|  0%| F|  |TAMS 0x000000076aa00000| PB 0x000000076aa00000| Untracked 
| 854|0x000000076ac00000, 0x000000076ac00000, 0x000000076ae00000|  0%| F|  |TAMS 0x000000076ac00000| PB 0x000000076ac00000| Untracked 
| 855|0x000000076ae00000, 0x000000076ae00000, 0x000000076b000000|  0%| F|  |TAMS 0x000000076ae00000| PB 0x000000076ae00000| Untracked 
| 856|0x000000076b000000, 0x000000076b000000, 0x000000076b200000|  0%| F|  |TAMS 0x000000076b000000| PB 0x000000076b000000| Untracked 
| 857|0x000000076b200000, 0x000000076b200000, 0x000000076b400000|  0%| F|  |TAMS 0x000000076b200000| PB 0x000000076b200000| Untracked 
| 858|0x000000076b400000, 0x000000076b400000, 0x000000076b600000|  0%| F|  |TAMS 0x000000076b400000| PB 0x000000076b400000| Untracked 
| 859|0x000000076b600000, 0x000000076b600000, 0x000000076b800000|  0%| F|  |TAMS 0x000000076b600000| PB 0x000000076b600000| Untracked 
| 860|0x000000076b800000, 0x000000076b800000, 0x000000076ba00000|  0%| F|  |TAMS 0x000000076b800000| PB 0x000000076b800000| Untracked 
| 861|0x000000076ba00000, 0x000000076ba00000, 0x000000076bc00000|  0%| F|  |TAMS 0x000000076ba00000| PB 0x000000076ba00000| Untracked 
| 862|0x000000076bc00000, 0x000000076bc00000, 0x000000076be00000|  0%| F|  |TAMS 0x000000076bc00000| PB 0x000000076bc00000| Untracked 
| 863|0x000000076be00000, 0x000000076be00000, 0x000000076c000000|  0%| F|  |TAMS 0x000000076be00000| PB 0x000000076be00000| Untracked 
| 864|0x000000076c000000, 0x000000076c000000, 0x000000076c200000|  0%| F|  |TAMS 0x000000076c000000| PB 0x000000076c000000| Untracked 
| 865|0x000000076c200000, 0x000000076c200000, 0x000000076c400000|  0%| F|  |TAMS 0x000000076c200000| PB 0x000000076c200000| Untracked 
| 866|0x000000076c400000, 0x000000076c400000, 0x000000076c600000|  0%| F|  |TAMS 0x000000076c400000| PB 0x000000076c400000| Untracked 
| 867|0x000000076c600000, 0x000000076c600000, 0x000000076c800000|  0%| F|  |TAMS 0x000000076c600000| PB 0x000000076c600000| Untracked 
| 868|0x000000076c800000, 0x000000076c800000, 0x000000076ca00000|  0%| F|  |TAMS 0x000000076c800000| PB 0x000000076c800000| Untracked 
| 869|0x000000076ca00000, 0x000000076ca00000, 0x000000076cc00000|  0%| F|  |TAMS 0x000000076ca00000| PB 0x000000076ca00000| Untracked 
| 870|0x000000076cc00000, 0x000000076cc00000, 0x000000076ce00000|  0%| F|  |TAMS 0x000000076cc00000| PB 0x000000076cc00000| Untracked 
| 871|0x000000076ce00000, 0x000000076ce00000, 0x000000076d000000|  0%| F|  |TAMS 0x000000076ce00000| PB 0x000000076ce00000| Untracked 
| 872|0x000000076d000000, 0x000000076d000000, 0x000000076d200000|  0%| F|  |TAMS 0x000000076d000000| PB 0x000000076d000000| Untracked 
| 873|0x000000076d200000, 0x000000076d200000, 0x000000076d400000|  0%| F|  |TAMS 0x000000076d200000| PB 0x000000076d200000| Untracked 
| 874|0x000000076d400000, 0x000000076d400000, 0x000000076d600000|  0%| F|  |TAMS 0x000000076d400000| PB 0x000000076d400000| Untracked 
| 875|0x000000076d600000, 0x000000076d600000, 0x000000076d800000|  0%| F|  |TAMS 0x000000076d600000| PB 0x000000076d600000| Untracked 
| 876|0x000000076d800000, 0x000000076d800000, 0x000000076da00000|  0%| F|  |TAMS 0x000000076d800000| PB 0x000000076d800000| Untracked 
| 877|0x000000076da00000, 0x000000076da00000, 0x000000076dc00000|  0%| F|  |TAMS 0x000000076da00000| PB 0x000000076da00000| Untracked 
| 878|0x000000076dc00000, 0x000000076dc00000, 0x000000076de00000|  0%| F|  |TAMS 0x000000076dc00000| PB 0x000000076dc00000| Untracked 
| 879|0x000000076de00000, 0x000000076de00000, 0x000000076e000000|  0%| F|  |TAMS 0x000000076de00000| PB 0x000000076de00000| Untracked 
| 880|0x000000076e000000, 0x000000076e000000, 0x000000076e200000|  0%| F|  |TAMS 0x000000076e000000| PB 0x000000076e000000| Untracked 
| 881|0x000000076e200000, 0x000000076e200000, 0x000000076e400000|  0%| F|  |TAMS 0x000000076e200000| PB 0x000000076e200000| Untracked 
| 882|0x000000076e400000, 0x000000076e400000, 0x000000076e600000|  0%| F|  |TAMS 0x000000076e400000| PB 0x000000076e400000| Untracked 
| 883|0x000000076e600000, 0x000000076e600000, 0x000000076e800000|  0%| F|  |TAMS 0x000000076e600000| PB 0x000000076e600000| Untracked 
| 884|0x000000076e800000, 0x000000076e800000, 0x000000076ea00000|  0%| F|  |TAMS 0x000000076e800000| PB 0x000000076e800000| Untracked 
| 885|0x000000076ea00000, 0x000000076ea00000, 0x000000076ec00000|  0%| F|  |TAMS 0x000000076ea00000| PB 0x000000076ea00000| Untracked 
| 886|0x000000076ec00000, 0x000000076ec00000, 0x000000076ee00000|  0%| F|  |TAMS 0x000000076ec00000| PB 0x000000076ec00000| Untracked 
| 887|0x000000076ee00000, 0x000000076ee00000, 0x000000076f000000|  0%| F|  |TAMS 0x000000076ee00000| PB 0x000000076ee00000| Untracked 
| 888|0x000000076f000000, 0x000000076f000000, 0x000000076f200000|  0%| F|  |TAMS 0x000000076f000000| PB 0x000000076f000000| Untracked 
| 889|0x000000076f200000, 0x000000076f200000, 0x000000076f400000|  0%| F|  |TAMS 0x000000076f200000| PB 0x000000076f200000| Untracked 
| 890|0x000000076f400000, 0x000000076f400000, 0x000000076f600000|  0%| F|  |TAMS 0x000000076f400000| PB 0x000000076f400000| Untracked 
| 891|0x000000076f600000, 0x000000076f600000, 0x000000076f800000|  0%| F|  |TAMS 0x000000076f600000| PB 0x000000076f600000| Untracked 
| 892|0x000000076f800000, 0x000000076f800000, 0x000000076fa00000|  0%| F|  |TAMS 0x000000076f800000| PB 0x000000076f800000| Untracked 
| 893|0x000000076fa00000, 0x000000076fa00000, 0x000000076fc00000|  0%| F|  |TAMS 0x000000076fa00000| PB 0x000000076fa00000| Untracked 
| 894|0x000000076fc00000, 0x000000076fc00000, 0x000000076fe00000|  0%| F|  |TAMS 0x000000076fc00000| PB 0x000000076fc00000| Untracked 
| 895|0x000000076fe00000, 0x000000076fe00000, 0x0000000770000000|  0%| F|  |TAMS 0x000000076fe00000| PB 0x000000076fe00000| Untracked 
| 896|0x0000000770000000, 0x0000000770000000, 0x0000000770200000|  0%| F|  |TAMS 0x0000000770000000| PB 0x0000000770000000| Untracked 
| 897|0x0000000770200000, 0x0000000770200000, 0x0000000770400000|  0%| F|  |TAMS 0x0000000770200000| PB 0x0000000770200000| Untracked 
| 898|0x0000000770400000, 0x0000000770400000, 0x0000000770600000|  0%| F|  |TAMS 0x0000000770400000| PB 0x0000000770400000| Untracked 
| 899|0x0000000770600000, 0x0000000770600000, 0x0000000770800000|  0%| F|  |TAMS 0x0000000770600000| PB 0x0000000770600000| Untracked 
| 900|0x0000000770800000, 0x0000000770800000, 0x0000000770a00000|  0%| F|  |TAMS 0x0000000770800000| PB 0x0000000770800000| Untracked 
| 901|0x0000000770a00000, 0x0000000770c00000, 0x0000000770c00000|100%| S|CS|TAMS 0x0000000770a00000| PB 0x0000000770a00000| Complete 
| 902|0x0000000770c00000, 0x0000000770e00000, 0x0000000770e00000|100%| S|CS|TAMS 0x0000000770c00000| PB 0x0000000770c00000| Complete 
| 903|0x0000000770e00000, 0x0000000771000000, 0x0000000771000000|100%| S|CS|TAMS 0x0000000770e00000| PB 0x0000000770e00000| Complete 
| 904|0x0000000771000000, 0x0000000771200000, 0x0000000771200000|100%| S|CS|TAMS 0x0000000771000000| PB 0x0000000771000000| Complete 
| 905|0x0000000771200000, 0x0000000771400000, 0x0000000771400000|100%| S|CS|TAMS 0x0000000771200000| PB 0x0000000771200000| Complete 
| 906|0x0000000771400000, 0x0000000771600000, 0x0000000771600000|100%| S|CS|TAMS 0x0000000771400000| PB 0x0000000771400000| Complete 
| 907|0x0000000771600000, 0x0000000771800000, 0x0000000771800000|100%| S|CS|TAMS 0x0000000771600000| PB 0x0000000771600000| Complete 
| 908|0x0000000771800000, 0x0000000771a00000, 0x0000000771a00000|100%| S|CS|TAMS 0x0000000771800000| PB 0x0000000771800000| Complete 
| 909|0x0000000771a00000, 0x0000000771c00000, 0x0000000771c00000|100%| S|CS|TAMS 0x0000000771a00000| PB 0x0000000771a00000| Complete 
| 910|0x0000000771c00000, 0x0000000771e00000, 0x0000000771e00000|100%| S|CS|TAMS 0x0000000771c00000| PB 0x0000000771c00000| Complete 
| 911|0x0000000771e00000, 0x0000000771f00000, 0x0000000772000000| 50%| S|CS|TAMS 0x0000000771e00000| PB 0x0000000771e00000| Complete 
|1997|0x00000007f9a00000, 0x00000007f9b00000, 0x00000007f9c00000| 50%| O|  |TAMS 0x00000007f9a00000| PB 0x00000007f9a00000| Untracked 
|1998|0x00000007f9c00000, 0x00000007f9e00000, 0x00000007f9e00000|100%| O|  |TAMS 0x00000007f9c00000| PB 0x00000007f9c00000| Untracked 
|1999|0x00000007f9e00000, 0x00000007fa000000, 0x00000007fa000000|100%| O|  |TAMS 0x00000007f9e00000| PB 0x00000007f9e00000| Untracked 
|2000|0x00000007fa000000, 0x00000007fa200000, 0x00000007fa200000|100%| O|  |TAMS 0x00000007fa000000| PB 0x00000007fa000000| Untracked 
|2001|0x00000007fa200000, 0x00000007fa400000, 0x00000007fa400000|100%| O|  |TAMS 0x00000007fa200000| PB 0x00000007fa200000| Untracked 
|2002|0x00000007fa400000, 0x00000007fa600000, 0x00000007fa600000|100%| O|  |TAMS 0x00000007fa400000| PB 0x00000007fa400000| Untracked 
|2003|0x00000007fa600000, 0x00000007fa800000, 0x00000007fa800000|100%| O|  |TAMS 0x00000007fa600000| PB 0x00000007fa600000| Untracked 
|2004|0x00000007fa800000, 0x00000007faa00000, 0x00000007faa00000|100%| O|  |TAMS 0x00000007fa800000| PB 0x00000007fa800000| Untracked 
|2005|0x00000007faa00000, 0x00000007fac00000, 0x00000007fac00000|100%| O|  |TAMS 0x00000007faa00000| PB 0x00000007faa00000| Untracked 
|2006|0x00000007fac00000, 0x00000007fae00000, 0x00000007fae00000|100%| O|  |TAMS 0x00000007fac00000| PB 0x00000007fac00000| Untracked 
|2007|0x00000007fae00000, 0x00000007fae00000, 0x00000007fb000000|  0%| F|  |TAMS 0x00000007fae00000| PB 0x00000007fae00000| Untracked 
|2008|0x00000007fb000000, 0x00000007fb200000, 0x00000007fb200000|100%| O|  |TAMS 0x00000007fb000000| PB 0x00000007fb000000| Untracked 
|2009|0x00000007fb200000, 0x00000007fb400000, 0x00000007fb400000|100%| O|  |TAMS 0x00000007fb200000| PB 0x00000007fb200000| Untracked 
|2010|0x00000007fb400000, 0x00000007fb400000, 0x00000007fb600000|  0%| F|  |TAMS 0x00000007fb400000| PB 0x00000007fb400000| Untracked 
|2011|0x00000007fb600000, 0x00000007fb800000, 0x00000007fb800000|100%| O|  |TAMS 0x00000007fb600000| PB 0x00000007fb600000| Untracked 
|2012|0x00000007fb800000, 0x00000007fb800000, 0x00000007fba00000|  0%| F|  |TAMS 0x00000007fb800000| PB 0x00000007fb800000| Untracked 
|2013|0x00000007fba00000, 0x00000007fba00000, 0x00000007fbc00000|  0%| F|  |TAMS 0x00000007fba00000| PB 0x00000007fba00000| Untracked 
|2014|0x00000007fbc00000, 0x00000007fbc00000, 0x00000007fbe00000|  0%| F|  |TAMS 0x00000007fbc00000| PB 0x00000007fbc00000| Untracked 
|2015|0x00000007fbe00000, 0x00000007fbe00000, 0x00000007fc000000|  0%| F|  |TAMS 0x00000007fbe00000| PB 0x00000007fbe00000| Untracked 
|2016|0x00000007fc000000, 0x00000007fc000000, 0x00000007fc200000|  0%| F|  |TAMS 0x00000007fc000000| PB 0x00000007fc000000| Untracked 
|2017|0x00000007fc200000, 0x00000007fc400000, 0x00000007fc400000|100%| O|  |TAMS 0x00000007fc200000| PB 0x00000007fc200000| Untracked 
|2018|0x00000007fc400000, 0x00000007fc600000, 0x00000007fc600000|100%| O|  |TAMS 0x00000007fc400000| PB 0x00000007fc400000| Untracked 
|2019|0x00000007fc600000, 0x00000007fc800000, 0x00000007fc800000|100%| O|  |TAMS 0x00000007fc600000| PB 0x00000007fc600000| Untracked 
|2020|0x00000007fc800000, 0x00000007fca00000, 0x00000007fca00000|100%| O|  |TAMS 0x00000007fc800000| PB 0x00000007fc800000| Untracked 
|2021|0x00000007fca00000, 0x00000007fcc00000, 0x00000007fcc00000|100%| O|  |TAMS 0x00000007fca00000| PB 0x00000007fca00000| Untracked 
|2022|0x00000007fcc00000, 0x00000007fce00000, 0x00000007fce00000|100%| O|  |TAMS 0x00000007fcc00000| PB 0x00000007fcc00000| Untracked 
|2023|0x00000007fce00000, 0x00000007fd000000, 0x00000007fd000000|100%| O|  |TAMS 0x00000007fce00000| PB 0x00000007fce00000| Untracked 
|2024|0x00000007fd000000, 0x00000007fd200000, 0x00000007fd200000|100%| O|  |TAMS 0x00000007fd000000| PB 0x00000007fd000000| Untracked 
|2025|0x00000007fd200000, 0x00000007fd400000, 0x00000007fd400000|100%| O|  |TAMS 0x00000007fd200000| PB 0x00000007fd200000| Untracked 
|2026|0x00000007fd400000, 0x00000007fd600000, 0x00000007fd600000|100%| O|  |TAMS 0x00000007fd400000| PB 0x00000007fd400000| Untracked 
|2027|0x00000007fd600000, 0x00000007fd800000, 0x00000007fd800000|100%| O|  |TAMS 0x00000007fd600000| PB 0x00000007fd600000| Untracked 
|2028|0x00000007fd800000, 0x00000007fda00000, 0x00000007fda00000|100%| O|  |TAMS 0x00000007fd800000| PB 0x00000007fd800000| Untracked 
|2029|0x00000007fda00000, 0x00000007fda00000, 0x00000007fdc00000|  0%| F|  |TAMS 0x00000007fda00000| PB 0x00000007fda00000| Untracked 
|2030|0x00000007fdc00000, 0x00000007fdc00000, 0x00000007fde00000|  0%| F|  |TAMS 0x00000007fdc00000| PB 0x00000007fdc00000| Untracked 
|2031|0x00000007fde00000, 0x00000007fde00000, 0x00000007fe000000|  0%| F|  |TAMS 0x00000007fde00000| PB 0x00000007fde00000| Untracked 
|2032|0x00000007fe000000, 0x00000007fe200000, 0x00000007fe200000|100%| O|  |TAMS 0x00000007fe000000| PB 0x00000007fe000000| Untracked 
|2033|0x00000007fe200000, 0x00000007fe200000, 0x00000007fe400000|  0%| F|  |TAMS 0x00000007fe200000| PB 0x00000007fe200000| Untracked 
|2034|0x00000007fe400000, 0x00000007fe400000, 0x00000007fe600000|  0%| F|  |TAMS 0x00000007fe400000| PB 0x00000007fe400000| Untracked 
|2035|0x00000007fe600000, 0x00000007fe600000, 0x00000007fe800000|  0%| F|  |TAMS 0x00000007fe600000| PB 0x00000007fe600000| Untracked 
|2036|0x00000007fe800000, 0x00000007fe800000, 0x00000007fea00000|  0%| F|  |TAMS 0x00000007fe800000| PB 0x00000007fe800000| Untracked 
|2037|0x00000007fea00000, 0x00000007fea00000, 0x00000007fec00000|  0%| F|  |TAMS 0x00000007fea00000| PB 0x00000007fea00000| Untracked 
|2038|0x00000007fec00000, 0x00000007fec00000, 0x00000007fee00000|  0%| F|  |TAMS 0x00000007fec00000| PB 0x00000007fec00000| Untracked 
|2039|0x00000007fee00000, 0x00000007fee00000, 0x00000007ff000000|  0%| F|  |TAMS 0x00000007fee00000| PB 0x00000007fee00000| Untracked 
|2040|0x00000007ff000000, 0x00000007ff000000, 0x00000007ff200000|  0%| F|  |TAMS 0x00000007ff000000| PB 0x00000007ff000000| Untracked 
|2041|0x00000007ff200000, 0x00000007ff200000, 0x00000007ff400000|  0%| F|  |TAMS 0x00000007ff200000| PB 0x00000007ff200000| Untracked 
|2042|0x00000007ff400000, 0x00000007ff600000, 0x00000007ff600000|100%| O|  |TAMS 0x00000007ff400000| PB 0x00000007ff400000| Untracked 
|2043|0x00000007ff600000, 0x00000007ff800000, 0x00000007ff800000|100%| O|  |TAMS 0x00000007ff600000| PB 0x00000007ff600000| Untracked 
|2044|0x00000007ff800000, 0x00000007ffa00000, 0x00000007ffa00000|100%| O|  |TAMS 0x00000007ff800000| PB 0x00000007ff800000| Untracked 
|2045|0x00000007ffa00000, 0x00000007ffc00000, 0x00000007ffc00000|100%| O|  |TAMS 0x00000007ffa00000| PB 0x00000007ffa00000| Untracked 
|2046|0x00000007ffc00000, 0x00000007ffe00000, 0x00000007ffe00000|100%| O|  |TAMS 0x00000007ffc00000| PB 0x00000007ffc00000| Untracked 
|2047|0x00000007ffe00000, 0x0000000800000000, 0x0000000800000000|100%| O|  |TAMS 0x00000007ffe00000| PB 0x00000007ffe00000| Untracked 

Card table byte_map: [0x000001b517e70000,0x000001b518670000] _byte_map_base: 0x000001b514670000

Marking Bits: (CMBitMap*) 0x000001b57f889dc0
 Bits: [0x000001b518670000, 0x000001b51c670000)

Polling page: 0x000001b57d620000

Metaspace:

Usage:
  Non-class:    551.44 MB used.
      Class:     79.15 MB used.
       Both:    630.59 MB used.

Virtual space:
  Non-class space:      576.00 MB reserved,     553.94 MB ( 96%) committed,  9 nodes.
      Class space:        1.00 GB reserved,      81.44 MB (  8%) committed,  1 nodes.
             Both:        1.56 GB reserved,     635.38 MB ( 40%) committed. 

Chunk freelists:
   Non-Class:  6.38 MB
       Class:  14.75 MB
        Both:  21.13 MB

MaxMetaspaceSize: unlimited
CompressedClassSpaceSize: 1.00 GB
Initial GC threshold: 21.00 MB
Current GC threshold: 1.03 GB
CDS: on
 - commit_granule_bytes: 65536.
 - commit_granule_words: 8192.
 - virtual_space_node_default_size: 8388608.
 - enlarge_chunks_in_place: 1.
 - use_allocation_guard: 0.


Internal statistics:

num_allocs_failed_limit: 6.
num_arena_births: 10204.
num_arena_deaths: 2786.
num_vsnodes_births: 10.
num_vsnodes_deaths: 0.
num_space_committed: 10151.
num_space_uncommitted: 0.
num_chunks_returned_to_freelist: 3267.
num_chunks_taken_from_freelist: 38146.
num_chunk_merges: 1116.
num_chunk_splits: 26785.
num_chunks_enlarged: 20172.
num_inconsistent_stats: 0.

CodeHeap 'non-profiled nmethods': size=120000Kb used=14381Kb max_used=48279Kb free=105618Kb
 bounds [0x000001b510140000, 0x000001b513100000, 0x000001b517670000]
CodeHeap 'profiled nmethods': size=120000Kb used=19467Kb max_used=76397Kb free=100532Kb
 bounds [0x000001b508670000, 0x000001b50d120000, 0x000001b50fba0000]
CodeHeap 'non-nmethods': size=5760Kb used=2640Kb max_used=2753Kb free=3120Kb
 bounds [0x000001b50fba0000, 0x000001b50fe70000, 0x000001b510140000]
CodeCache: size=245760Kb, used=36488Kb, max_used=127429Kb, free=209270Kb
 total_blobs=11125, nmethods=9722, adapters=1302, full_count=0
Compilation: enabled, stopped_count=0, restarted_count=0

Compilation events (20 events):
Event: 4769.234 Thread 0x000001b51f243e90 180717       2       com.google.gson.TypeAdapter$1::<init> (10 bytes)
Event: 4769.234 Thread 0x000001b51f243e90 nmethod 180717 0x000001b509f59810 code [0x000001b509f599a0, 0x000001b509f59af8]
Event: 4769.235 Thread 0x000001b51f243e90 180718   !   2       com.android.builder.dexing.JarClassFileInput::entries (161 bytes)
Event: 4769.236 Thread 0x000001b51f243e90 nmethod 180718 0x000001b508676090 code [0x000001b5086763a0, 0x000001b508676e80]
Event: 4769.236 Thread 0x000001b51f243e90 180719       2       com.android.tools.r8.internal.ai4::T (21 bytes)
Event: 4769.237 Thread 0x000001b51f243e90 nmethod 180719 0x000001b50b199990 code [0x000001b50b199b60, 0x000001b50b199d48]
Event: 4769.237 Thread 0x000001b51f243e90 180720       2       com.android.tools.r8.internal.ai4::P (26 bytes)
Event: 4769.237 Thread 0x000001b51f243e90 nmethod 180720 0x000001b50bdb0f10 code [0x000001b50bdb10e0, 0x000001b50bdb12f8]
Event: 4769.245 Thread 0x000001b51f243e90 180723       2       com.android.tools.r8.graph.z1::d1 (142 bytes)
Event: 4769.245 Thread 0x000001b51f243e90 nmethod 180723 0x000001b509247c10 code [0x000001b509247e00, 0x000001b509248148]
Event: 4769.253 Thread 0x000001b51f243e90 180724       2       com.android.tools.r8.internal.ao1::b (19 bytes)
Event: 4769.254 Thread 0x000001b51f243e90 nmethod 180724 0x000001b50beb9890 code [0x000001b50beb9a60, 0x000001b50beb9c88]
Event: 4769.255 Thread 0x000001b51f243e90 180725       3       com.android.tools.r8.internal.w64::a (65 bytes)
Event: 4769.256 Thread 0x000001b51f243e90 nmethod 180725 0x000001b50944fe10 code [0x000001b509450080, 0x000001b5094507f0]
Event: 4769.256 Thread 0x000001b51f243e90 180726       2       com.android.tools.r8.internal.w64$$Lambda/0x000001b525a4cb80::getAsBoolean (8 bytes)
Event: 4769.257 Thread 0x000001b51f243e90 nmethod 180726 0x000001b50a011290 code [0x000001b50a011420, 0x000001b50a011530]
Event: 4769.257 Thread 0x000001b51f243e90 180727       2       com.android.tools.r8.internal.w64::a (2 bytes)
Event: 4769.257 Thread 0x000001b51f243e90 nmethod 180727 0x000001b50945f710 code [0x000001b50945f8a0, 0x000001b50945f988]
Event: 4769.284 Thread 0x000001b584c6a060 nmethod 180554 0x000001b5102dc290 code [0x000001b5102dc540, 0x000001b5102dd878]
Event: 4769.285 Thread 0x000001b584c6a060 180729       4       com.android.tools.r8.internal.gi4::a (153 bytes)

GC Heap History (20 events):
Event: 4761.868 GC heap after
{Heap after GC invocations=385 (full 0):
 garbage-first heap   total 1910784K, used 1014784K [0x0000000700000000, 0x0000000800000000)
  region size 2048K, 27 young (55296K), 27 survivors (55296K)
 Metaspace       used 646323K, committed 650624K, reserved 1638400K
  class space    used 81179K, committed 83392K, reserved 1048576K
}
Event: 4763.036 GC heap before
{Heap before GC invocations=386 (full 0):
 garbage-first heap   total 1910784K, used 1758208K [0x0000000700000000, 0x0000000800000000)
  region size 2048K, 391 young (800768K), 27 survivors (55296K)
 Metaspace       used 646004K, committed 650624K, reserved 1638400K
  class space    used 81119K, committed 83392K, reserved 1048576K
}
Event: 4763.069 GC heap after
{Heap after GC invocations=387 (full 0):
 garbage-first heap   total 1910784K, used 1046528K [0x0000000700000000, 0x0000000800000000)
  region size 2048K, 16 young (32768K), 16 survivors (32768K)
 Metaspace       used 646004K, committed 650624K, reserved 1638400K
  class space    used 81119K, committed 83392K, reserved 1048576K
}
Event: 4763.603 GC heap before
{Heap before GC invocations=387 (full 0):
 garbage-first heap   total 1910784K, used 1773568K [0x0000000700000000, 0x0000000800000000)
  region size 2048K, 372 young (761856K), 16 survivors (32768K)
 Metaspace       used 646021K, committed 650624K, reserved 1638400K
  class space    used 81120K, committed 83392K, reserved 1048576K
}
Event: 4763.641 GC heap after
{Heap after GC invocations=388 (full 0):
 garbage-first heap   total 1910784K, used 1059840K [0x0000000700000000, 0x0000000800000000)
  region size 2048K, 31 young (63488K), 31 survivors (63488K)
 Metaspace       used 646021K, committed 650624K, reserved 1638400K
  class space    used 81120K, committed 83392K, reserved 1048576K
}
Event: 4764.172 GC heap before
{Heap before GC invocations=388 (full 0):
 garbage-first heap   total 1910784K, used 1782784K [0x0000000700000000, 0x0000000800000000)
  region size 2048K, 384 young (786432K), 31 survivors (63488K)
 Metaspace       used 646045K, committed 650624K, reserved 1638400K
  class space    used 81122K, committed 83392K, reserved 1048576K
}
Event: 4764.198 GC heap after
{Heap after GC invocations=389 (full 0):
 garbage-first heap   total 1910784K, used 1070080K [0x0000000700000000, 0x0000000800000000)
  region size 2048K, 23 young (47104K), 23 survivors (47104K)
 Metaspace       used 646045K, committed 650624K, reserved 1638400K
  class space    used 81122K, committed 83392K, reserved 1048576K
}
Event: 4765.197 GC heap before
{Heap before GC invocations=389 (full 0):
 garbage-first heap   total 1910784K, used 1797120K [0x0000000700000000, 0x0000000800000000)
  region size 2048K, 379 young (776192K), 23 survivors (47104K)
 Metaspace       used 646068K, committed 650624K, reserved 1638400K
  class space    used 81126K, committed 83392K, reserved 1048576K
}
Event: 4765.224 GC heap after
{Heap after GC invocations=390 (full 0):
 garbage-first heap   total 1910784K, used 1099776K [0x0000000700000000, 0x0000000800000000)
  region size 2048K, 37 young (75776K), 37 survivors (75776K)
 Metaspace       used 646068K, committed 650624K, reserved 1638400K
  class space    used 81126K, committed 83392K, reserved 1048576K
}
Event: 4765.955 GC heap before
{Heap before GC invocations=391 (full 0):
 garbage-first heap   total 1910784K, used 1806336K [0x0000000700000000, 0x0000000800000000)
  region size 2048K, 381 young (780288K), 37 survivors (75776K)
 Metaspace       used 646082K, committed 650624K, reserved 1638400K
  class space    used 81126K, committed 83392K, reserved 1048576K
}
Event: 4765.993 GC heap after
{Heap after GC invocations=392 (full 0):
 garbage-first heap   total 1914880K, used 1131895K [0x0000000700000000, 0x0000000800000000)
  region size 2048K, 40 young (81920K), 40 survivors (81920K)
 Metaspace       used 646082K, committed 650624K, reserved 1638400K
  class space    used 81126K, committed 83392K, reserved 1048576K
}
Event: 4766.479 GC heap before
{Heap before GC invocations=392 (full 0):
 garbage-first heap   total 1914880K, used 1805687K [0x0000000700000000, 0x0000000800000000)
  region size 2048K, 370 young (757760K), 40 survivors (81920K)
 Metaspace       used 646086K, committed 650624K, reserved 1638400K
  class space    used 81126K, committed 83392K, reserved 1048576K
}
Event: 4766.522 GC heap after
{Heap after GC invocations=393 (full 0):
 garbage-first heap   total 1929216K, used 1122304K [0x0000000700000000, 0x0000000800000000)
  region size 2048K, 26 young (53248K), 26 survivors (53248K)
 Metaspace       used 646086K, committed 650624K, reserved 1638400K
  class space    used 81126K, committed 83392K, reserved 1048576K
}
Event: 4767.182 GC heap before
{Heap before GC invocations=393 (full 0):
 garbage-first heap   total 1929216K, used 1828864K [0x0000000700000000, 0x0000000800000000)
  region size 2048K, 371 young (759808K), 26 survivors (53248K)
 Metaspace       used 646088K, committed 650624K, reserved 1638400K
  class space    used 81126K, committed 83392K, reserved 1048576K
}
Event: 4767.208 GC heap after
{Heap after GC invocations=394 (full 0):
 garbage-first heap   total 1929216K, used 1137664K [0x0000000700000000, 0x0000000800000000)
  region size 2048K, 34 young (69632K), 34 survivors (69632K)
 Metaspace       used 646088K, committed 650624K, reserved 1638400K
  class space    used 81126K, committed 83392K, reserved 1048576K
}
Event: 4768.121 GC heap before
{Heap before GC invocations=394 (full 0):
 garbage-first heap   total 1929216K, used 1827840K [0x0000000700000000, 0x0000000800000000)
  region size 2048K, 372 young (761856K), 34 survivors (69632K)
 Metaspace       used 645715K, committed 650624K, reserved 1638400K
  class space    used 81052K, committed 83392K, reserved 1048576K
}
Event: 4768.155 GC heap after
{Heap after GC invocations=395 (full 0):
 garbage-first heap   total 1929216K, used 1162576K [0x0000000700000000, 0x0000000800000000)
  region size 2048K, 31 young (63488K), 31 survivors (63488K)
 Metaspace       used 645715K, committed 650624K, reserved 1638400K
  class space    used 81052K, committed 83392K, reserved 1048576K
}
Event: 4768.699 GC heap before
{Heap before GC invocations=396 (full 0):
 garbage-first heap   total 1929216K, used 1828176K [0x0000000700000000, 0x0000000800000000)
  region size 2048K, 357 young (731136K), 31 survivors (63488K)
 Metaspace       used 645720K, committed 650624K, reserved 1638400K
  class space    used 81052K, committed 83392K, reserved 1048576K
}
Event: 4768.733 GC heap after
{Heap after GC invocations=397 (full 0):
 garbage-first heap   total 1929216K, used 1186718K [0x0000000700000000, 0x0000000800000000)
  region size 2048K, 35 young (71680K), 35 survivors (71680K)
 Metaspace       used 645720K, committed 650624K, reserved 1638400K
  class space    used 81052K, committed 83392K, reserved 1048576K
}
Event: 4769.322 GC heap before
{Heap before GC invocations=397 (full 0):
 garbage-first heap   total 1929216K, used 1827742K [0x0000000700000000, 0x0000000800000000)
  region size 2048K, 349 young (714752K), 35 survivors (71680K)
 Metaspace       used 645725K, committed 650624K, reserved 1638400K
  class space    used 81052K, committed 83392K, reserved 1048576K
}

Dll operation events (16 events):
Event: 0.011 Loaded shared library D:\.gradle\jdks\amazon_com_inc_-21-amd64-windows.2\bin\java.dll
Event: 0.043 Loaded shared library D:\.gradle\jdks\amazon_com_inc_-21-amd64-windows.2\bin\jsvml.dll
Event: 0.080 Loaded shared library D:\.gradle\jdks\amazon_com_inc_-21-amd64-windows.2\bin\zip.dll
Event: 0.082 Loaded shared library D:\.gradle\jdks\amazon_com_inc_-21-amd64-windows.2\bin\instrument.dll
Event: 0.086 Loaded shared library D:\.gradle\jdks\amazon_com_inc_-21-amd64-windows.2\bin\net.dll
Event: 0.089 Loaded shared library D:\.gradle\jdks\amazon_com_inc_-21-amd64-windows.2\bin\nio.dll
Event: 0.091 Loaded shared library D:\.gradle\jdks\amazon_com_inc_-21-amd64-windows.2\bin\zip.dll
Event: 0.280 Loaded shared library D:\.gradle\jdks\amazon_com_inc_-21-amd64-windows.2\bin\jimage.dll
Event: 0.545 Loaded shared library D:\.gradle\jdks\amazon_com_inc_-21-amd64-windows.2\bin\verify.dll
Event: 0.585 Loaded shared library D:\.gradle\native\1def1411415f61bf3af743bc5b6707747c0891f09f0c88961ee8f79bc544acac\windows-amd64\native-platform.dll
Event: 0.596 Loaded shared library D:\.gradle\native\0.2.8\x86_64-windows-gnu\gradle-fileevents.dll
Event: 1.392 Loaded shared library D:\.gradle\jdks\amazon_com_inc_-21-amd64-windows.2\bin\management.dll
Event: 1.394 Loaded shared library D:\.gradle\jdks\amazon_com_inc_-21-amd64-windows.2\bin\management_ext.dll
Event: 1.543 Loaded shared library D:\.gradle\jdks\amazon_com_inc_-21-amd64-windows.2\bin\extnet.dll
Event: 1.754 Loaded shared library D:\.gradle\jdks\amazon_com_inc_-21-amd64-windows.2\bin\sunmscapi.dll
Event: 3324.846 Loaded shared library D:\.gradle\jdks\amazon_com_inc_-21-amd64-windows.2\bin\rmi.dll

Deoptimization events (20 events):
Event: 4769.264 Thread 0x000001b586b3d780 DEOPT PACKING pc=0x000001b50b862a8f sp=0x0000000e455fa310
Event: 4769.264 Thread 0x000001b586b3d780 DEOPT UNPACKING pc=0x000001b50fbf4bc2 sp=0x0000000e455f9a10 mode 0
Event: 4769.289 Thread 0x000001b586b3b020 DEOPT PACKING pc=0x000001b50b862a8f sp=0x0000000e452fa950
Event: 4769.289 Thread 0x000001b586b3b020 DEOPT UNPACKING pc=0x000001b50fbf4bc2 sp=0x0000000e452fa050 mode 0
Event: 4769.298 Thread 0x000001b57b6d0760 DEOPT PACKING pc=0x000001b50d03c42c sp=0x0000000e470fadc0
Event: 4769.298 Thread 0x000001b57b6d0760 DEOPT UNPACKING pc=0x000001b50fbf4bc2 sp=0x0000000e470fa4d8 mode 0
Event: 4769.305 Thread 0x000001b57b6d0760 DEOPT PACKING pc=0x000001b50d03c46e sp=0x0000000e470fadc0
Event: 4769.305 Thread 0x000001b57b6d0760 DEOPT UNPACKING pc=0x000001b50fbf4bc2 sp=0x0000000e470fa4d8 mode 0
Event: 4769.309 Thread 0x000001b57b6d0760 DEOPT PACKING pc=0x000001b50d03c46e sp=0x0000000e470fadc0
Event: 4769.309 Thread 0x000001b57b6d0760 DEOPT UNPACKING pc=0x000001b50fbf4bc2 sp=0x0000000e470fa4d8 mode 0
Event: 4769.309 Thread 0x000001b586b3d780 DEOPT PACKING pc=0x000001b50b862941 sp=0x0000000e455fa310
Event: 4769.309 Thread 0x000001b586b3d780 DEOPT UNPACKING pc=0x000001b50fbf4bc2 sp=0x0000000e455f9a08 mode 0
Event: 4769.315 Thread 0x000001b586b39c70 DEOPT PACKING pc=0x000001b50d03c44d sp=0x0000000e454fa700
Event: 4769.315 Thread 0x000001b586b39c70 DEOPT UNPACKING pc=0x000001b50fbf4bc2 sp=0x0000000e454f9e18 mode 0
Event: 4769.315 Thread 0x000001b58ebff760 DEOPT PACKING pc=0x000001b50b862a8f sp=0x0000000e447fa8d0
Event: 4769.315 Thread 0x000001b58ebff760 DEOPT UNPACKING pc=0x000001b50fbf4bc2 sp=0x0000000e447f9fd0 mode 0
Event: 4769.317 Thread 0x000001b589843f00 DEOPT PACKING pc=0x000001b50b862a8f sp=0x0000000e49cfa8f0
Event: 4769.317 Thread 0x000001b589843f00 DEOPT UNPACKING pc=0x000001b50fbf4bc2 sp=0x0000000e49cf9ff0 mode 0
Event: 4769.321 Thread 0x000001b57b6d0760 DEOPT PACKING pc=0x000001b50d03c46e sp=0x0000000e470fadc0
Event: 4769.321 Thread 0x000001b57b6d0760 DEOPT UNPACKING pc=0x000001b50fbf4bc2 sp=0x0000000e470fa4d8 mode 0

Classes loaded (20 events):
Event: 3844.811 Loading class com/sun/crypto/provider/TlsKeyMaterialGenerator
Event: 3844.811 Loading class com/sun/crypto/provider/TlsKeyMaterialGenerator done
Event: 3844.812 Loading class sun/security/internal/spec/TlsKeyMaterialSpec
Event: 3844.812 Loading class sun/security/internal/spec/TlsKeyMaterialSpec done
Event: 3844.812 Loading class sun/security/internal/spec/TlsPrfParameterSpec
Event: 3844.812 Loading class sun/security/internal/spec/TlsPrfParameterSpec done
Event: 3844.812 Loading class com/sun/crypto/provider/TlsPrfGenerator$V12
Event: 3844.812 Loading class com/sun/crypto/provider/TlsPrfGenerator$V12 done
Event: 3844.813 Loading class sun/security/ssl/Authenticator$TLS10Authenticator
Event: 3844.813 Loading class sun/security/ssl/Authenticator$TLS10Authenticator done
Event: 3844.813 Loading class sun/security/ssl/SSLCipher$T12GcmWriteCipherGenerator$GcmWriteCipher
Event: 3844.814 Loading class sun/security/ssl/SSLCipher$T12GcmWriteCipherGenerator$GcmWriteCipher done
Event: 3845.393 Loading class sun/security/ssl/NewSessionTicket$T12NewSessionTicketMessage
Event: 3845.400 Loading class sun/security/ssl/NewSessionTicket$T12NewSessionTicketMessage done
Event: 3845.400 Loading class sun/security/ssl/SSLCipher$T12GcmReadCipherGenerator$GcmReadCipher
Event: 3845.401 Loading class sun/security/ssl/SSLCipher$T12GcmReadCipherGenerator$GcmReadCipher done
Event: 4734.976 Loading class java/beans/ParameterDescriptor
Event: 4734.976 Loading class java/beans/ParameterDescriptor done
Event: 4749.662 Loading class sun/reflect/annotation/AnnotationSupport
Event: 4749.662 Loading class sun/reflect/annotation/AnnotationSupport done

Classes unloaded (20 events):
Event: 4767.846 Thread 0x000001b51e83ae70 Unloading class 0x000001b5235d8000 'jdk/internal/reflect/GeneratedSerializationConstructorAccessor331'
Event: 4767.846 Thread 0x000001b51e83ae70 Unloading class 0x000001b5235d1c00 'jdk/internal/reflect/GeneratedSerializationConstructorAccessor330'
Event: 4767.846 Thread 0x000001b51e83ae70 Unloading class 0x000001b5235d1800 'jdk/internal/reflect/GeneratedSerializationConstructorAccessor329'
Event: 4767.846 Thread 0x000001b51e83ae70 Unloading class 0x000001b5235d1400 'jdk/internal/reflect/GeneratedSerializationConstructorAccessor328'
Event: 4767.846 Thread 0x000001b51e83ae70 Unloading class 0x000001b5235d1000 'jdk/internal/reflect/GeneratedSerializationConstructorAccessor327'
Event: 4767.846 Thread 0x000001b51e83ae70 Unloading class 0x000001b5235d0c00 'jdk/internal/reflect/GeneratedSerializationConstructorAccessor326'
Event: 4767.846 Thread 0x000001b51e83ae70 Unloading class 0x000001b5235d0800 'jdk/internal/reflect/GeneratedSerializationConstructorAccessor325'
Event: 4767.846 Thread 0x000001b51e83ae70 Unloading class 0x000001b5235d0400 'jdk/internal/reflect/GeneratedSerializationConstructorAccessor324'
Event: 4767.846 Thread 0x000001b51e83ae70 Unloading class 0x000001b5235d0000 'jdk/internal/reflect/GeneratedSerializationConstructorAccessor323'
Event: 4767.846 Thread 0x000001b51e83ae70 Unloading class 0x000001b5235b0000 'jdk/internal/reflect/GeneratedSerializationConstructorAccessor322'
Event: 4767.846 Thread 0x000001b51e83ae70 Unloading class 0x000001b523554400 'jdk/internal/reflect/GeneratedSerializationConstructorAccessor321'
Event: 4767.846 Thread 0x000001b51e83ae70 Unloading class 0x000001b523554000 'jdk/internal/reflect/GeneratedSerializationConstructorAccessor320'
Event: 4767.846 Thread 0x000001b51e83ae70 Unloading class 0x000001b523538000 'jdk/internal/reflect/GeneratedSerializationConstructorAccessor319'
Event: 4767.846 Thread 0x000001b51e83ae70 Unloading class 0x000001b523322c00 'jdk/internal/reflect/GeneratedSerializationConstructorAccessor230'
Event: 4767.846 Thread 0x000001b51e83ae70 Unloading class 0x000001b521bd4000 'java/lang/invoke/LambdaForm$MH+0x000001b521bd4000'
Event: 4767.846 Thread 0x000001b51e83ae70 Unloading class 0x000001b521619000 'java/lang/invoke/LambdaForm$MH+0x000001b521619000'
Event: 4767.846 Thread 0x000001b51e83ae70 Unloading class 0x000001b521429000 'java/lang/invoke/LambdaForm$MH+0x000001b521429000'
Event: 4767.846 Thread 0x000001b51e83ae70 Unloading class 0x000001b5213b0400 'java/lang/invoke/LambdaForm$MH+0x000001b5213b0400'
Event: 4767.846 Thread 0x000001b51e83ae70 Unloading class 0x000001b5211a5c00 'java/lang/invoke/LambdaForm$MH+0x000001b5211a5c00'
Event: 4767.846 Thread 0x000001b51e83ae70 Unloading class 0x000001b5211a5800 'java/lang/invoke/LambdaForm$MH+0x000001b5211a5800'

Classes redefined (0 events):
No events

Internal exceptions (20 events):
Event: 4763.775 Thread 0x000001b586e30690 Exception <a 'sun/nio/fs/WindowsException'{0x000000076541d6a0}> (0x000000076541d6a0) 
thrown [s\src\hotspot\share\prims\jni.cpp, line 520]
Event: 4764.057 Thread 0x000001b589843f00 Exception <a 'sun/nio/fs/WindowsException'{0x000000074e237b00}> (0x000000074e237b00) 
thrown [s\src\hotspot\share\prims\jni.cpp, line 520]
Event: 4764.116 Thread 0x000001b586e30690 Exception <a 'sun/nio/fs/WindowsException'{0x000000074a57b9b0}> (0x000000074a57b9b0) 
thrown [s\src\hotspot\share\prims\jni.cpp, line 520]
Event: 4764.117 Thread 0x000001b589843f00 Implicit null exception at 0x000001b5112823c1 to 0x000001b511285b24
Event: 4764.231 Thread 0x000001b589843f00 Exception <a 'sun/nio/fs/WindowsException'{0x000000076fdfc420}> (0x000000076fdfc420) 
thrown [s\src\hotspot\share\prims\jni.cpp, line 520]
Event: 4764.277 Thread 0x000001b586e30690 Exception <a 'sun/nio/fs/WindowsException'{0x000000076d404328}> (0x000000076d404328) 
thrown [s\src\hotspot\share\prims\jni.cpp, line 520]
Event: 4764.576 Thread 0x000001b589843f00 Exception <a 'sun/nio/fs/WindowsException'{0x00000007606783c8}> (0x00000007606783c8) 
thrown [s\src\hotspot\share\prims\jni.cpp, line 520]
Event: 4764.670 Thread 0x000001b586e30690 Exception <a 'sun/nio/fs/WindowsException'{0x000000075c131090}> (0x000000075c131090) 
thrown [s\src\hotspot\share\prims\jni.cpp, line 520]
Event: 4764.861 Thread 0x000001b589843f00 Exception <a 'sun/nio/fs/WindowsException'{0x00000007551ca158}> (0x00000007551ca158) 
thrown [s\src\hotspot\share\prims\jni.cpp, line 520]
Event: 4765.238 Thread 0x000001b589843f00 Exception <a 'sun/nio/fs/WindowsException'{0x00000007fba7fcc0}> (0x00000007fba7fcc0) 
thrown [s\src\hotspot\share\prims\jni.cpp, line 520]
Event: 4765.376 Thread 0x000001b589843f00 Exception <a 'sun/nio/fs/WindowsException'{0x00000007689e2500}> (0x00000007689e2500) 
thrown [s\src\hotspot\share\prims\jni.cpp, line 520]
Event: 4765.403 Thread 0x000001b586e30690 Exception <a 'sun/nio/fs/WindowsException'{0x0000000766a6c988}> (0x0000000766a6c988) 
thrown [s\src\hotspot\share\prims\jni.cpp, line 520]
Event: 4765.494 Thread 0x000001b586b39c70 Exception <a 'sun/nio/fs/WindowsException'{0x0000000762bbbc70}> (0x0000000762bbbc70) 
thrown [s\src\hotspot\share\prims\jni.cpp, line 520]
Event: 4765.512 Thread 0x000001b586e30690 Exception <a 'sun/nio/fs/WindowsException'{0x000000076178e5d8}> (0x000000076178e5d8) 
thrown [s\src\hotspot\share\prims\jni.cpp, line 520]
Event: 4765.643 Thread 0x000001b586b39c70 Exception <a 'sun/nio/fs/WindowsException'{0x0000000758afce60}> (0x0000000758afce60) 
thrown [s\src\hotspot\share\prims\jni.cpp, line 520]
Event: 4765.651 Thread 0x000001b586e30690 Exception <a 'sun/nio/fs/WindowsException'{0x00000007588a5c70}> (0x00000007588a5c70) 
thrown [s\src\hotspot\share\prims\jni.cpp, line 520]
Event: 4765.704 Thread 0x000001b586e30690 Exception <a 'sun/nio/fs/WindowsException'{0x000000075407be08}> (0x000000075407be08) 
thrown [s\src\hotspot\share\prims\jni.cpp, line 520]
Event: 4765.878 Thread 0x000001b586b39c70 Exception <a 'sun/nio/fs/WindowsException'{0x000000074c541798}> (0x000000074c541798) 
thrown [s\src\hotspot\share\prims\jni.cpp, line 520]
Event: 4768.663 Thread 0x000001b586e30690 Exception <a 'sun/nio/fs/WindowsException'{0x000000074e607d90}> (0x000000074e607d90) 
thrown [s\src\hotspot\share\prims\jni.cpp, line 520]
Event: 4769.154 Thread 0x000001b586b39c70 Exception <a 'sun/nio/fs/WindowsException'{0x0000000757755c18}> (0x0000000757755c18) 
thrown [s\src\hotspot\share\prims\jni.cpp, line 520]

ZGC Phase Switch (0 events):
No events

VM Operations (20 events):
Event: 4764.987 Executing non-safepoint VM operation: HandshakeAllThreads (Deoptimize) done
Event: 4765.196 Executing safepoint VM operation: G1CollectForAllocation (G1 Evacuation Pause)
Event: 4765.224 Executing safepoint VM operation: G1CollectForAllocation (G1 Evacuation Pause) done
Event: 4765.341 Executing safepoint VM operation: G1PauseCleanup
Event: 4765.342 Executing safepoint VM operation: G1PauseCleanup done
Event: 4765.955 Executing safepoint VM operation: G1CollectForAllocation (G1 Evacuation Pause)
Event: 4765.993 Executing safepoint VM operation: G1CollectForAllocation (G1 Evacuation Pause) done
Event: 4766.479 Executing safepoint VM operation: G1CollectForAllocation (G1 Evacuation Pause)
Event: 4766.522 Executing safepoint VM operation: G1CollectForAllocation (G1 Evacuation Pause) done
Event: 4767.182 Executing safepoint VM operation: G1CollectForAllocation (G1 Evacuation Pause)
Event: 4767.208 Executing safepoint VM operation: G1CollectForAllocation (G1 Evacuation Pause) done
Event: 4767.844 Executing safepoint VM operation: G1PauseRemark
Event: 4767.919 Executing safepoint VM operation: G1PauseRemark done
Event: 4768.120 Executing safepoint VM operation: G1CollectForAllocation (G1 Evacuation Pause)
Event: 4768.155 Executing safepoint VM operation: G1CollectForAllocation (G1 Evacuation Pause) done
Event: 4768.532 Executing safepoint VM operation: G1PauseCleanup
Event: 4768.533 Executing safepoint VM operation: G1PauseCleanup done
Event: 4768.699 Executing safepoint VM operation: G1CollectForAllocation (G1 Evacuation Pause)
Event: 4768.733 Executing safepoint VM operation: G1CollectForAllocation (G1 Evacuation Pause) done
Event: 4769.322 Executing safepoint VM operation: G1CollectForAllocation (G1 Evacuation Pause)

Memory protections (0 events):
No events

Nmethod flushes (20 events):
Event: 4767.914 Thread 0x000001b51e83ae70 flushing  nmethod 0x000001b50bf61690
Event: 4767.914 Thread 0x000001b51e83ae70 flushing  nmethod 0x000001b50cf2fd10
Event: 4767.914 Thread 0x000001b51e83ae70 flushing  nmethod 0x000001b508c3dd10
Event: 4767.914 Thread 0x000001b51e83ae70 flushing  nmethod 0x000001b5091c7e10
Event: 4767.914 Thread 0x000001b51e83ae70 flushing  nmethod 0x000001b50ac3d990
Event: 4767.914 Thread 0x000001b51e83ae70 flushing  nmethod 0x000001b50ad2a190
Event: 4767.914 Thread 0x000001b51e83ae70 flushing  nmethod 0x000001b50b752410
Event: 4767.914 Thread 0x000001b51e83ae70 flushing  nmethod 0x000001b50c2cfe90
Event: 4767.914 Thread 0x000001b51e83ae70 flushing  nmethod 0x000001b51206db10
Event: 4767.914 Thread 0x000001b51e83ae70 flushing  nmethod 0x000001b508b55090
Event: 4767.914 Thread 0x000001b51e83ae70 flushing  nmethod 0x000001b508e7d090
Event: 4767.914 Thread 0x000001b51e83ae70 flushing  nmethod 0x000001b508677f10
Event: 4767.914 Thread 0x000001b51e83ae70 flushing  nmethod 0x000001b508988810
Event: 4767.914 Thread 0x000001b51e83ae70 flushing  nmethod 0x000001b50a00d090
Event: 4767.914 Thread 0x000001b51e83ae70 flushing  nmethod 0x000001b50bce3210
Event: 4767.914 Thread 0x000001b51e83ae70 flushing  nmethod 0x000001b50bce3910
Event: 4767.914 Thread 0x000001b51e83ae70 flushing  nmethod 0x000001b50bce4010
Event: 4767.914 Thread 0x000001b51e83ae70 flushing  nmethod 0x000001b50bdb7590
Event: 4767.914 Thread 0x000001b51e83ae70 flushing  nmethod 0x000001b50bdb8610
Event: 4767.914 Thread 0x000001b51e83ae70 flushing  nmethod 0x000001b50bdbe790

Events (20 events):
Event: 4740.424 Thread 0x000001b58a940610 Thread added: 0x000001b589847a10
Event: 4740.424 Thread 0x000001b58a941330 Thread added: 0x000001b586ec5f80
Event: 4740.424 Thread 0x000001b5844a3d70 Thread added: 0x000001b5a8d184e0
Event: 4740.681 Thread 0x000001b58a93d190 Thread added: 0x000001b586b3fee0
Event: 4740.688 Thread 0x000001b586909d20 Thread added: 0x000001b56e46ede0
Event: 4740.709 Thread 0x000001b51f243e90 Thread added: 0x000001b585e2f580
Event: 4740.793 Thread 0x000001b5a8d4e2d0 Thread added: 0x000001b56e46bff0
Event: 4740.794 Thread 0x000001b58690a3b0 Thread added: 0x000001b586b3eb30
Event: 4741.747 Thread 0x000001b58a940610 Thread added: 0x000001b58a93b750
Event: 4742.340 Thread 0x000001b58449fbd0 Thread added: 0x000001b56e391e00
Event: 4742.549 Thread 0x000001b5844a5e40 Thread added: 0x000001b58d267020
Event: 4742.606 Thread 0x000001b58449fbd0 Thread added: 0x000001b57bcf0940
Event: 4743.549 Thread 0x000001b5844a4400 Thread added: 0x000001b58969b9b0
Event: 4743.653 Thread 0x000001b5844a64d0 Thread added: 0x000001b589848dc0
Event: 4745.745 Thread 0x000001b58d267020 Thread exited: 0x000001b58d267020
Event: 4753.751 Thread 0x000001b57b967ec0 Thread added: 0x000001b586e2d8a0
Event: 4757.899 Thread 0x000001b586e2d8a0 Thread exited: 0x000001b586e2d8a0
Event: 4759.095 Thread 0x000001b57b967ec0 Thread added: 0x000001b57b965760
Event: 4759.506 Thread 0x000001b57b967ec0 Thread added: 0x000001b58969a600
Event: 4759.690 Thread 0x000001b58969a600 Thread added: 0x000001b5a8d16aa0


Dynamic libraries:
0x00007ff74b6c0000 - 0x00007ff74b6ce000 	D:\.gradle\jdks\amazon_com_inc_-21-amd64-windows.2\bin\java.exe
0x00007ffd752c0000 - 0x00007ffd75526000 	C:\WINDOWS\SYSTEM32\ntdll.dll
0x00007ffd73880000 - 0x00007ffd73949000 	C:\WINDOWS\System32\KERNEL32.DLL
0x00007ffd729f0000 - 0x00007ffd72df0000 	C:\WINDOWS\System32\KERNELBASE.dll
0x00007ffd72e90000 - 0x00007ffd72fdc000 	C:\WINDOWS\System32\ucrtbase.dll
0x00007ffd382a0000 - 0x00007ffd382be000 	D:\.gradle\jdks\amazon_com_inc_-21-amd64-windows.2\bin\VCRUNTIME140.dll
0x00007ffd38540000 - 0x00007ffd38558000 	D:\.gradle\jdks\amazon_com_inc_-21-amd64-windows.2\bin\jli.dll
0x00007ffd73960000 - 0x00007ffd73b27000 	C:\WINDOWS\System32\USER32.dll
0x00007ffd725a0000 - 0x00007ffd725c7000 	C:\WINDOWS\System32\win32u.dll
0x00007ffd52790000 - 0x00007ffd52a22000 	C:\WINDOWS\WinSxS\amd64_microsoft.windows.common-controls_6595b64144ccf1df_6.0.26100.8737_none_3e092eaee333b772\COMCTL32.dll
0x00007ffd73b30000 - 0x00007ffd73b5b000 	C:\WINDOWS\System32\GDI32.dll
0x00007ffd73c60000 - 0x00007ffd73d09000 	C:\WINDOWS\System32\msvcrt.dll
0x00007ffd728c0000 - 0x00007ffd729e9000 	C:\WINDOWS\System32\gdi32full.dll
0x00007ffd72690000 - 0x00007ffd72733000 	C:\WINDOWS\System32\msvcp_win.dll
0x00007ffd74c50000 - 0x00007ffd74c82000 	C:\WINDOWS\System32\IMM32.DLL
0x00007ffd62390000 - 0x00007ffd6239c000 	D:\.gradle\jdks\amazon_com_inc_-21-amd64-windows.2\bin\vcruntime140_1.dll
0x00007ffd38210000 - 0x00007ffd38299000 	D:\.gradle\jdks\amazon_com_inc_-21-amd64-windows.2\bin\msvcp140.dll
0x00007ffc851a0000 - 0x00007ffc85f48000 	D:\.gradle\jdks\amazon_com_inc_-21-amd64-windows.2\bin\server\jvm.dll
0x00007ffd73460000 - 0x00007ffd73517000 	C:\WINDOWS\System32\ADVAPI32.dll
0x00007ffd731b0000 - 0x00007ffd7325a000 	C:\WINDOWS\System32\sechost.dll
0x00007ffd72ff0000 - 0x00007ffd73108000 	C:\WINDOWS\System32\RPCRT4.dll
0x00007ffd74d50000 - 0x00007ffd74dd0000 	C:\WINDOWS\System32\WS2_32.dll
0x00007ffd72360000 - 0x00007ffd723be000 	C:\WINDOWS\SYSTEM32\POWRPROF.dll
0x00007ffd6c600000 - 0x00007ffd6c636000 	C:\WINDOWS\SYSTEM32\WINMM.dll
0x00007ffd52b50000 - 0x00007ffd52b5b000 	C:\WINDOWS\SYSTEM32\VERSION.dll
0x00007ffd72340000 - 0x00007ffd72354000 	C:\WINDOWS\SYSTEM32\UMPDC.dll
0x00007ffd711c0000 - 0x00007ffd711db000 	C:\WINDOWS\SYSTEM32\kernel.appcore.dll
0x00007ffd3f6d0000 - 0x00007ffd3f6da000 	D:\.gradle\jdks\amazon_com_inc_-21-amd64-windows.2\bin\jimage.dll
0x00007ffd6f960000 - 0x00007ffd6fba2000 	C:\WINDOWS\SYSTEM32\DBGHELP.DLL
0x00007ffd74620000 - 0x00007ffd749a3000 	C:\WINDOWS\System32\combase.dll
0x00007ffd74540000 - 0x00007ffd74619000 	C:\WINDOWS\System32\OLEAUT32.dll
0x00007ffd4a5b0000 - 0x00007ffd4a5eb000 	C:\WINDOWS\SYSTEM32\dbgcore.DLL
0x00007ffd725d0000 - 0x00007ffd7267c000 	C:\WINDOWS\System32\bcryptPrimitives.dll
0x00007ffd39150000 - 0x00007ffd39160000 	D:\.gradle\jdks\amazon_com_inc_-21-amd64-windows.2\bin\instrument.dll
0x00007ffd381e0000 - 0x00007ffd38201000 	D:\.gradle\jdks\amazon_com_inc_-21-amd64-windows.2\bin\java.dll
0x00007ffd73da0000 - 0x00007ffd74532000 	C:\WINDOWS\System32\SHELL32.dll
0x00007ffd6fdf0000 - 0x00007ffd70682000 	C:\WINDOWS\SYSTEM32\windows.storage.dll
0x00007ffd73760000 - 0x00007ffd73857000 	C:\WINDOWS\System32\SHCORE.dll
0x00007ffd73580000 - 0x00007ffd735e7000 	C:\WINDOWS\System32\shlwapi.dll
0x00007ffd72400000 - 0x00007ffd72429000 	C:\WINDOWS\SYSTEM32\profapi.dll
0x00007ffd37c90000 - 0x00007ffd37d67000 	D:\.gradle\jdks\amazon_com_inc_-21-amd64-windows.2\bin\jsvml.dll
0x00007ffd381c0000 - 0x00007ffd381d8000 	D:\.gradle\jdks\amazon_com_inc_-21-amd64-windows.2\bin\zip.dll
0x00007ffd381a0000 - 0x00007ffd381b1000 	D:\.gradle\jdks\amazon_com_inc_-21-amd64-windows.2\bin\net.dll
0x00007ffd6ad00000 - 0x00007ffd6ae29000 	C:\WINDOWS\SYSTEM32\WINHTTP.dll
0x00007ffd71770000 - 0x00007ffd717dc000 	C:\WINDOWS\system32\mswsock.dll
0x00007ffd38180000 - 0x00007ffd38196000 	D:\.gradle\jdks\amazon_com_inc_-21-amd64-windows.2\bin\nio.dll
0x00007ffd383b0000 - 0x00007ffd383c0000 	D:\.gradle\jdks\amazon_com_inc_-21-amd64-windows.2\bin\verify.dll
0x00007ffd382c0000 - 0x00007ffd382e7000 	D:\.gradle\native\1def1411415f61bf3af743bc5b6707747c0891f09f0c88961ee8f79bc544acac\windows-amd64\native-platform.dll
0x00007ffd37c10000 - 0x00007ffd37c87000 	D:\.gradle\native\0.2.8\x86_64-windows-gnu\gradle-fileevents.dll
0x00007ffd380e0000 - 0x00007ffd380ea000 	D:\.gradle\jdks\amazon_com_inc_-21-amd64-windows.2\bin\management.dll
0x00007ffd380d0000 - 0x00007ffd380dc000 	D:\.gradle\jdks\amazon_com_inc_-21-amd64-windows.2\bin\management_ext.dll
0x00007ffd73400000 - 0x00007ffd73408000 	C:\WINDOWS\System32\PSAPI.DLL
0x00007ffd70b50000 - 0x00007ffd70b83000 	C:\WINDOWS\SYSTEM32\IPHLPAPI.DLL
0x00007ffd74de0000 - 0x00007ffd74dea000 	C:\WINDOWS\System32\NSI.dll
0x00007ffd37c00000 - 0x00007ffd37c09000 	D:\.gradle\jdks\amazon_com_inc_-21-amd64-windows.2\bin\extnet.dll
0x00007ffd71a90000 - 0x00007ffd71aab000 	C:\WINDOWS\SYSTEM32\CRYPTSP.dll
0x00007ffd71120000 - 0x00007ffd71159000 	C:\WINDOWS\system32\rsaenh.dll
0x00007ffd71830000 - 0x00007ffd71862000 	C:\WINDOWS\SYSTEM32\USERENV.dll
0x00007ffd723d0000 - 0x00007ffd723fa000 	C:\WINDOWS\SYSTEM32\bcrypt.dll
0x00007ffd71a70000 - 0x00007ffd71a7c000 	C:\WINDOWS\SYSTEM32\CRYPTBASE.dll
0x00007ffd37bf0000 - 0x00007ffd37bfe000 	D:\.gradle\jdks\amazon_com_inc_-21-amd64-windows.2\bin\sunmscapi.dll
0x00007ffd72740000 - 0x00007ffd728b8000 	C:\WINDOWS\System32\CRYPT32.dll
0x00007ffd71cb0000 - 0x00007ffd71ce0000 	C:\WINDOWS\SYSTEM32\ncrypt.dll
0x00007ffd71c60000 - 0x00007ffd71c9f000 	C:\WINDOWS\SYSTEM32\NTASN1.dll
0x00007ffd2abd0000 - 0x00007ffd2abd8000 	C:\WINDOWS\system32\wshunix.dll
0x00007ffd70be0000 - 0x00007ffd70d35000 	C:\WINDOWS\SYSTEM32\DNSAPI.dll
0x00007ffd71570000 - 0x00007ffd7157d000 	C:\WINDOWS\SYSTEM32\DSPARSE.dll
0x00007ffd6a350000 - 0x00007ffd6a35b000 	C:\Windows\System32\rasadhlp.dll
0x00007ffd6c320000 - 0x00007ffd6c3a6000 	C:\WINDOWS\System32\fwpuclnt.dll
0x00007ffd712f0000 - 0x00007ffd71326000 	C:\WINDOWS\SYSTEM32\ntmarta.dll
0x00007ffd10a80000 - 0x00007ffd10a98000 	C:\WINDOWS\system32\napinsp.dll
0x00007ffd10ac0000 - 0x00007ffd10ad3000 	C:\WINDOWS\System32\winrnr.dll
0x00007ffd10ae0000 - 0x00007ffd10b02000 	C:\WINDOWS\system32\nlansp_c.dll
0x00007ffd2e2c0000 - 0x00007ffd2e2d6000 	C:\WINDOWS\system32\wshbth.dll
0x00007ffd373e0000 - 0x00007ffd373e7000 	D:\.gradle\jdks\amazon_com_inc_-21-amd64-windows.2\bin\rmi.dll

JVMTI agents:
D:\.gradle\wrapper\dists\gradle-9.1.0-bin\9agqghryom9wkf8r80qlhnts3\gradle-9.1.0\lib\agents\gradle-instrumentation-agent-9.1.0.jar path:D:\.gradle\jdks\amazon_com_inc_-21-amd64-windows.2\bin\instrument.dll, loaded, initialized, instrumentlib options:none

dbghelp: loaded successfully - version: 4.0.5 - missing functions: none
symbol engine: initialized successfully - sym options: 0x614 - pdb path: .;D:\.gradle\jdks\amazon_com_inc_-21-amd64-windows.2\bin;C:\WINDOWS\SYSTEM32;C:\WINDOWS\WinSxS\amd64_microsoft.windows.common-controls_6595b64144ccf1df_6.0.26100.8737_none_3e092eaee333b772;D:\.gradle\jdks\amazon_com_inc_-21-amd64-windows.2\bin\server;D:\.gradle\native\1def1411415f61bf3af743bc5b6707747c0891f09f0c88961ee8f79bc544acac\windows-amd64;D:\.gradle\native\0.2.8\x86_64-windows-gnu

VM Arguments:
jvm_args: --add-opens=java.base/java.lang=ALL-UNNAMED --add-opens=java.base/java.lang.invoke=ALL-UNNAMED --add-opens=java.base/java.util=ALL-UNNAMED --add-opens=java.prefs/java.util.prefs=ALL-UNNAMED --add-exports=jdk.compiler/com.sun.tools.javac.api=ALL-UNNAMED --add-exports=jdk.compiler/com.sun.tools.javac.util=ALL-UNNAMED --add-opens=java.base/java.util=ALL-UNNAMED --add-opens=java.prefs/java.util.prefs=ALL-UNNAMED --add-opens=java.base/java.nio.charset=ALL-UNNAMED --add-opens=java.base/java.net=ALL-UNNAMED --add-opens=java.base/java.util.concurrent=ALL-UNNAMED --add-opens=java.base/java.util.concurrent.atomic=ALL-UNNAMED --add-opens=java.xml/javax.xml.namespace=ALL-UNNAMED --add-opens=java.base/java.time=ALL-UNNAMED -Xmx4096M -Dfile.encoding=UTF-8 -Duser.country=US -Duser.language=en -Duser.variant -javaagent:D:\.gradle\wrapper\dists\gradle-9.1.0-bin\9agqghryom9wkf8r80qlhnts3\gradle-9.1.0\lib\agents\gradle-instrumentation-agent-9.1.0.jar 
java_command: org.gradle.launcher.daemon.bootstrap.GradleDaemon 9.1.0
java_class_path (initial): D:\.gradle\wrapper\dists\gradle-9.1.0-bin\9agqghryom9wkf8r80qlhnts3\gradle-9.1.0\lib\gradle-daemon-main-9.1.0.jar
Launcher Type: SUN_STANDARD

[Global flags]
     intx CICompilerCount                          = 4                                         {product} {ergonomic}
     uint ConcGCThreads                            = 3                                         {product} {ergonomic}
     uint G1ConcRefinementThreads                  = 10                                        {product} {ergonomic}
   size_t G1HeapRegionSize                         = 2097152                                   {product} {ergonomic}
    uintx GCDrainStackTargetSize                   = 64                                        {product} {ergonomic}
   size_t InitialHeapSize                          = 264241152                                 {product} {ergonomic}
   size_t MarkStackSize                            = 4194304                                   {product} {ergonomic}
   size_t MaxHeapSize                              = 4294967296                                {product} {command line}
   size_t MaxNewSize                               = 2575302656                                {product} {ergonomic}
   size_t MinHeapDeltaBytes                        = 2097152                                   {product} {ergonomic}
   size_t MinHeapSize                              = 8388608                                   {product} {ergonomic}
    uintx NonNMethodCodeHeapSize                   = 5839372                                {pd product} {ergonomic}
    uintx NonProfiledCodeHeapSize                  = 122909434                              {pd product} {ergonomic}
    uintx ProfiledCodeHeapSize                     = 122909434                              {pd product} {ergonomic}
    uintx ReservedCodeCacheSize                    = 251658240                              {pd product} {ergonomic}
     bool SegmentedCodeCache                       = true                                      {product} {ergonomic}
   size_t SoftMaxHeapSize                          = 4294967296                             {manageable} {ergonomic}
     bool UseCompressedOops                        = true                           {product lp64_product} {ergonomic}
     bool UseG1GC                                  = true                                      {product} {ergonomic}
     bool UseLargePagesIndividualAllocation        = false                                  {pd product} {ergonomic}

Logging:
Log output configuration:
 #0: stdout all=warning uptime,level,tags foldmultilines=false
 #1: stderr all=off uptime,level,tags foldmultilines=false

Release file:
IMPLEMENTOR="Amazon.com Inc." 
IMPLEMENTOR_VERSION="Corretto-21.0.11.10.1" 
JAVA_RUNTIME_VERSION="21.0.11+10-LTS" 
JAVA_VERSION="21.0.11" 
JAVA_VERSION_DATE="2026-04-21" 
LIBC="default" 
MODULES="java.base java.compiler java.datatransfer java.xml java.prefs java.desktop java.instrument java.logging java.management java.security.sasl java.naming java.rmi java.management.rmi java.net.http java.scripting java.security.jgss java.transaction.xa java.sql java.sql.rowset java.xml.crypto java.se java.smartcardio jdk.accessibility jdk.internal.jvmstat jdk.attach jdk.charsets jdk.internal.opt jdk.zipfs jdk.compiler jdk.crypto.ec jdk.crypto.cryptoki jdk.crypto.mscapi jdk.dynalink jdk.internal.ed jdk.editpad jdk.hotspot.agent jdk.httpserver jdk.incubator.vector jdk.internal.le jdk.internal.vm.ci jdk.internal.vm.compiler jdk.internal.vm.compiler.management jdk.jartool jdk.javadoc jdk.jcmd jdk.management jdk.management.agent jdk.jconsole jdk.jdeps jdk.jdwp.agent jdk.jdi jdk.jfr jdk.jlink jdk.jpackage jdk.jshell jdk.jsobject jdk.jstatd jdk.localedata jdk.management.jfr jdk.naming.dns jdk.naming.rmi jdk.net jdk.nio.mapmode jdk.random jdk.sctp jdk.security.auth jdk.security.jgss jdk.unsupported jdk.unsupported.desktop jdk.xml.dom" 
OS_ARCH="x86_64" 
OS_NAME="Windows" 
SOURCE="" 

Environment Variables:
PATH=D:\JDK with Hotspot\bin;C:\WINDOWS\system32;C:\WINDOWS;C:\WINDOWS\System32\Wbem;C:\WINDOWS\System32\WindowsPowerShell\v1.0\;C:\WINDOWS\System32\OpenSSH\;C:\Program Files\dotnet\;D:\mongosh-2.5.0-win32-x64;D:\Program Files\Git\cmd;C:\Program Files\Docker\Docker\resources\bin;D:\Program Files\nodejs\;C:\ProgramData\chocolatey\bin;D:\php-8.4.13-src;C:\php-8.4.13-nts-Win32-vs17-x64;C:\composer;C:\Users\USER\AppData\Local\Microsoft\WindowsApps;D:\Microsoft VS Code\bin;C:\msys64\ucrt64\bin;C:\Users\USER\AppData\Local\Programs\Python\Python313\python.exe;C:\Users\USER\AppData\Local\Programs\Python\Python313\Scripts;C:\Users\USER\AppData\Roaming\npm;D:\tubes1-IF2211-game-engine-1.1.0\tubes1-IF2211-game-engine-1.1.0\scripts\copy-env.bat;C:\Users\USER\OneDrive\College\phpmyadmin;D:\php-8.4.13-src;C:\php-8.4.13-nts-Win32-vs17-x64;C:\Users\USER\AppData\Roaming\Composer\vendor\bin;D:\.android\emulator;D:\.android\platform-tools;C:\Users\USER\AppData\Local\Android\Sdk\platform-tools;C:\Users\USER\AppData\Local\Android\Sdk\emulator;
USERNAME=USER
OS=Windows_NT
PROCESSOR_IDENTIFIER=Intel64 Family 6 Model 186 Stepping 2, GenuineIntel
TMP=C:\Users\USER\AppData\Local\Temp
TEMP=C:\Users\USER\AppData\Local\Temp




Periodic native trim disabled

---------------  S Y S T E M  ---------------

OS:
 Windows 11 , 64 bit Build 26100 (10.0.26100.8737)
OS uptime: 0 days 1:52 hours
Hyper-V role detected

CPU: total 12 (initial active 12) (6 cores per cpu, 2 threads per core) family 6 model 186 stepping 2 microcode 0x4121, cx8, cmov, fxsr, ht, mmx, 3dnowpref, sse, sse2, sse3, ssse3, sse4.1, sse4.2, popcnt, lzcnt, tsc, tscinvbit, avx, avx2, aes, erms, clmul, bmi1, bmi2, adx, sha, fma, vzeroupper, clflush, clflushopt, clwb, hv, serialize, rdtscp, rdpid, fsrm, f16c, cet_ibt, cet_ss
Processor Information for processor 0
  Max Mhz: 2100, Current Mhz: 2100, Mhz Limit: 2100
Processor Information for processor 1
  Max Mhz: 2100, Current Mhz: 2100, Mhz Limit: 2100
Processor Information for processor 2
  Max Mhz: 2100, Current Mhz: 2100, Mhz Limit: 2100
Processor Information for processor 3
  Max Mhz: 2100, Current Mhz: 2100, Mhz Limit: 2100
Processor Information for processor 4
  Max Mhz: 2100, Current Mhz: 2100, Mhz Limit: 2100
Processor Information for processor 5
  Max Mhz: 2100, Current Mhz: 2100, Mhz Limit: 2100
Processor Information for processor 6
  Max Mhz: 2100, Current Mhz: 2100, Mhz Limit: 2100
Processor Information for processor 7
  Max Mhz: 2100, Current Mhz: 2100, Mhz Limit: 2100
Processor Information for processor 8
  Max Mhz: 2100, Current Mhz: 1500, Mhz Limit: 1491
Processor Information for processor 9
  Max Mhz: 2100, Current Mhz: 1500, Mhz Limit: 1491
Processor Information for processor 10
  Max Mhz: 2100, Current Mhz: 1500, Mhz Limit: 1491
Processor Information for processor 11
  Max Mhz: 2100, Current Mhz: 1500, Mhz Limit: 1491

Memory: 4k page, system-wide physical 16122M (1108M free)
TotalPageFile size 22833M (AvailPageFile size 604M)
current process WorkingSet (physical memory assigned to process): 2925M, peak: 3160M
current process commit charge ("private bytes"): 3245M, peak: 3843M

vm_info: OpenJDK 64-Bit Server VM (21.0.11+10-LTS) for windows-amd64 JRE (21.0.11+10-LTS), built on 2026-04-18T07:30:30Z by "Administrator" with MS VC++ 17.14 (VS2022)

END.
