#
# There is insufficient memory for the Java Runtime Environment to continue.
# Native memory allocation (mmap) failed to map 887095296 bytes. Error detail: G1 virtual space
# Possible reasons:
#   The system is out of physical RAM or swap space
#   This process is running with CompressedOops enabled, and the Java Heap may be blocking the growth of the native heap
# Possible solutions:
#   Reduce memory load on the system
#   Increase physical memory or swap space
#   Check if swap backing store is full
#   Decrease Java heap size (-Xmx/-Xms)
#   Decrease number of Java threads
#   Decrease Java thread stack sizes (-Xss)
#   Set larger code cache with -XX:ReservedCodeCacheSize=
#   JVM is running with Zero Based Compressed Oops mode in which the Java heap is
#     placed in the first 32GB address space. The Java Heap base address is the
#     maximum limit for the native heap growth. Please use -XX:HeapBaseMinAddress
#     to set the Java Heap base and to place the Java Heap above 32GB virtual address.
# This output file may be truncated or incomplete.
#
#  Out of Memory Error (os_windows.cpp:3714), pid=12664, tid=11376
#
# JRE version: OpenJDK Runtime Environment Corretto-21.0.11.10.1 (21.0.11+10) (build 21.0.11+10-LTS)
# Java VM: OpenJDK 64-Bit Server VM Corretto-21.0.11.10.1 (21.0.11+10-LTS, mixed mode, sharing, tiered, compressed oops, compressed class ptrs, g1 gc, windows-amd64)
# No core dump will be written. Minidumps are not enabled by default on client versions of Windows
#

---------------  S U M M A R Y ------------

Command Line: --add-opens=java.base/java.lang=ALL-UNNAMED --add-opens=java.base/java.lang.invoke=ALL-UNNAMED --add-opens=java.base/java.util=ALL-UNNAMED --add-opens=java.prefs/java.util.prefs=ALL-UNNAMED --add-exports=jdk.compiler/com.sun.tools.javac.api=ALL-UNNAMED --add-exports=jdk.compiler/com.sun.tools.javac.util=ALL-UNNAMED --add-opens=java.base/java.util=ALL-UNNAMED --add-opens=java.prefs/java.util.prefs=ALL-UNNAMED --add-opens=java.base/java.nio.charset=ALL-UNNAMED --add-opens=java.base/java.net=ALL-UNNAMED --add-opens=java.base/java.util.concurrent=ALL-UNNAMED --add-opens=java.base/java.util.concurrent.atomic=ALL-UNNAMED --add-opens=java.xml/javax.xml.namespace=ALL-UNNAMED --add-opens=java.base/java.time=ALL-UNNAMED -Xmx4096M -Dfile.encoding=UTF-8 -Duser.country=US -Duser.language=en -Duser.variant -javaagent:D:\.gradle\wrapper\dists\gradle-9.1.0-bin\9agqghryom9wkf8r80qlhnts3\gradle-9.1.0\lib\agents\gradle-instrumentation-agent-9.1.0.jar org.gradle.launcher.daemon.bootstrap.GradleDaemon 9.1.0

Host: 13th Gen Intel(R) Core(TM) i5-13420H, 12 cores, 15G,  Windows 11 , 64 bit Build 26100 (10.0.26100.8737)
Time: Sat Jun 27 21:07:01 2026 SE Asia Standard Time elapsed time: 1709.690123 seconds (0d 0h 28m 29s)

---------------  T H R E A D  ---------------

Current thread (0x000001c6782e19c0):  VMThread "VM Thread"          [id=11376, stack(0x000000ba2a400000,0x000000ba2a500000) (1024K)]

Stack: [0x000000ba2a400000,0x000000ba2a500000]
Native frames: (J=compiled Java code, j=interpreted, Vv=VM code, C=native code)
V  [jvm.dll+0x6df899]
V  [jvm.dll+0x8bc52b]
V  [jvm.dll+0x8beaba]
V  [jvm.dll+0x8bf193]
V  [jvm.dll+0x28aa16]
V  [jvm.dll+0x6dc1f5]
V  [jvm.dll+0x6d003a]
V  [jvm.dll+0x3650fe]
V  [jvm.dll+0x36cfcb]
V  [jvm.dll+0x3bea89]
V  [jvm.dll+0x3bed2b]
V  [jvm.dll+0x3392c7]
V  [jvm.dll+0x339357]
V  [jvm.dll+0x37d83c]
V  [jvm.dll+0x37c01e]
V  [jvm.dll+0x338a21]
V  [jvm.dll+0x37ba48]
V  [jvm.dll+0x8c4eef]
V  [jvm.dll+0x8c63d3]
V  [jvm.dll+0x8c6944]
V  [jvm.dll+0x8c6a43]
V  [jvm.dll+0x8672bd]
V  [jvm.dll+0x6de09d]
C  [ucrtbase.dll+0x2cd30]
C  [KERNEL32.DLL+0x2e957]
C  [ntdll.dll+0xaad6c]

VM_Operation (0x000000ba397fe2e0): G1TryInitiateConcMark, mode: safepoint, requested by thread 0x000001c647dec890


---------------  P R O C E S S  ---------------

Threads class SMR info:
_java_thread_list=0x000001c680b05df0, length=233, elements={
0x000001c65b48fee0, 0x000001c678300800, 0x000001c678303370, 0x000001c678305de0,
0x000001c678306840, 0x000001c6783072a0, 0x000001c678309e40, 0x000001c67830bd10,
0x000001c67831e640, 0x000001c67f2ea310, 0x000001c67f2c9140, 0x000001c6417028c0,
0x000001c6412aa940, 0x000001c641c17010, 0x000001c6415b8370, 0x000001c6415b9090,
0x000001c6415b9720, 0x000001c6434f56a0, 0x000001c6434f2f40, 0x000001c6434f6a50,
0x000001c6434f8b20, 0x000001c6434f9840, 0x000001c6434f7e00, 0x000001c6434f91b0,
0x000001c67f39a6d0, 0x000001c64189fa20, 0x000001c6418a00b0, 0x000001c6445c4160,
0x000001c6445c1a00, 0x000001c6445c47f0, 0x000001c643849ef0, 0x000001c647cc16f0,
0x000001c6501bd7f0, 0x000001c6501beba0, 0x000001c6501bde80, 0x000001c6501bf8c0,
0x000001c6559a8300, 0x000001c656787030, 0x000001c6579bcca0, 0x000001c65553f810,
0x000001c682f67540, 0x000001c6847d3c50, 0x000001c6847d5d20, 0x000001c64f5994c0,
0x000001c64f59a1e0, 0x000001c6559a7c70, 0x000001c64f5966d0, 0x000001c656789100,
0x000001c655169ca0, 0x000001c684b12530, 0x000001c655540530, 0x000001c655540bc0,
0x000001c65553ddd0, 0x000001c6555418e0, 0x000001c65553fea0, 0x000001c65553e460,
0x000001c65553eaf0, 0x000001c655542600, 0x000001c65053d370, 0x000001c65053bfc0,
0x000001c65053c650, 0x000001c64f2ab330, 0x000001c64f2ac050, 0x000001c64f2aaca0,
0x000001c6559a96b0, 0x000001c6559a75e0, 0x000001c6559a68c0, 0x000001c6559a6230,
0x000001c6559aa3d0, 0x000001c6559a9020, 0x000001c6559a8990, 0x000001c6559a9d40,
0x000001c6559a6f50, 0x000001c6559b00c0, 0x000001c6559b0750, 0x000001c6559b2190,
0x000001c64d6bbb10, 0x000001c64d6badf0, 0x000001c64d6ba760, 0x000001c64d6be900,
0x000001c64d6bc1a0, 0x000001c64d6bcec0, 0x000001c64d6bdbe0, 0x000001c64d6bc830,
0x000001c64d6be270, 0x000001c64f2ac6e0, 0x000001c64f2ad400, 0x000001c64f2acd70,
0x000001c64f2ada90, 0x000001c64f2aa610, 0x000001c64d6bb480, 0x000001c64d6bef90,
0x000001c64d6c16f0, 0x000001c64d6c0340, 0x000001c64d6bf620, 0x000001c64d6c09d0,
0x000001c64d6bfcb0, 0x000001c64d6c1060, 0x000001c68382b400, 0x000001c68382a6e0,
0x000001c68382ba90, 0x000001c68382ad70, 0x000001c68382a050, 0x000001c6853387e0,
0x000001c685337430, 0x000001c6853359f0, 0x000001c685336080, 0x000001c685338150,
0x000001c685337ac0, 0x000001c685339b90, 0x000001c6559afa30, 0x000001c6559b0de0,
0x000001c650539ef0, 0x000001c6559abe10, 0x000001c6559acb30, 0x000001c65053da00,
0x000001c65053a580, 0x000001c65053edb0, 0x000001c650540160, 0x000001c65053f440,
0x000001c65053fad0, 0x000001c65553f180, 0x000001c6555453f0, 0x000001c655544d60,
0x000001c655542c90, 0x000001c68382c120, 0x000001c68382ce40, 0x000001c68382c7b0,
0x000001c657cd0610, 0x000001c657ccd820, 0x000001c657ccf8f0, 0x000001c655543320,
0x000001c6555446d0, 0x000001c6505407f0, 0x000001c650540e80, 0x000001c65053e720,
0x000001c650541510, 0x000001c65053e090, 0x000001c647857e10, 0x000001c6478556b0,
0x000001c647859850, 0x000001c647859ee0, 0x000001c657ccebd0, 0x000001c682f640c0,
0x000001c64d49e250, 0x000001c682f66820, 0x000001c6559ab0f0, 0x000001c6559ad850,
0x000001c64785b290, 0x000001c647acaf40, 0x000001c64785a570, 0x000001c6559b1b00,
0x000001c64785ac00, 0x000001c6559aaa60, 0x000001c685339500, 0x000001c647ace3c0,
0x000001c682f65b00, 0x000001c682f66eb0, 0x000001c682f67bd0, 0x000001c647acd6a0,
0x000001c685336710, 0x000001c647acea50, 0x000001c64d49b460, 0x000001c647acbc60,
0x000001c647acfe00, 0x000001c64d49cea0, 0x000001c647acf770, 0x000001c647acf0e0,
0x000001c647acc980, 0x000001c647ad3280, 0x000001c647ad2bf0, 0x000001c64785b920,
0x000001c6831699f0, 0x000001c683167920, 0x000001c68316a710, 0x000001c683167fb0,
0x000001c683167290, 0x000001c683168640, 0x000001c683168cd0, 0x000001c6800d1360,
0x000001c6800d0cd0, 0x000001c6800d2080, 0x000001c6559ab780, 0x000001c64d485fa0,
0x000001c647ad3910, 0x000001c64d486630, 0x000001c682f64de0, 0x000001c6847d2f30,
0x000001c6800d3430, 0x000001c6509c9f30, 0x000001c682f64750, 0x000001c647858b30,
0x000001c647ad0490, 0x000001c6847d4970, 0x000001c6559aed10, 0x000001c68533a220,
0x000001c685336da0, 0x000001c68533bc60, 0x000001c6555fd140, 0x000001c6555fd7d0,
0x000001c6555fe4f0, 0x000001c6555fde60, 0x000001c6555ff210, 0x000001c6555feb80,
0x000001c647c7c7e0, 0x000001c647c7ce70, 0x000001c647c7d500, 0x000001c647c7a080,
0x000001c6800cffb0, 0x000001c6809f4d80, 0x000001c682f8a950, 0x000001c64d4831b0,
0x000001c64d485910, 0x000001c6809f5410, 0x000001c64d485280, 0x000001c682f65470,
0x000001c682f6a330, 0x000001c68316a080, 0x000001c6809f5aa0, 0x000001c64d483840,
0x000001c647c7a710, 0x000001c647dec890, 0x000001c6555439b0, 0x000001c64d483ed0,
0x000001c655544040, 0x000001c6579bfa90, 0x000001c647decf20, 0x000001c657582870,
0x000001c6509cac50, 0x000001c6809f4060, 0x000001c6809f6130, 0x000001c680a26ef0,
0x000001c680a25a80
}

Java Threads: ( => current thread )
  0x000001c65b48fee0 JavaThread "main"                              [_thread_blocked, id=7124, stack(0x000000ba29d00000,0x000000ba29e00000) (1024K)]
  0x000001c678300800 JavaThread "Reference Handler"          daemon [_thread_blocked, id=12280, stack(0x000000ba2a500000,0x000000ba2a600000) (1024K)]
  0x000001c678303370 JavaThread "Finalizer"                  daemon [_thread_blocked, id=5332, stack(0x000000ba2a600000,0x000000ba2a700000) (1024K)]
  0x000001c678305de0 JavaThread "Signal Dispatcher"          daemon [_thread_blocked, id=10876, stack(0x000000ba2a700000,0x000000ba2a800000) (1024K)]
  0x000001c678306840 JavaThread "Attach Listener"            daemon [_thread_blocked, id=12232, stack(0x000000ba2a800000,0x000000ba2a900000) (1024K)]
  0x000001c6783072a0 JavaThread "Service Thread"             daemon [_thread_blocked, id=22152, stack(0x000000ba2a900000,0x000000ba2aa00000) (1024K)]
  0x000001c678309e40 JavaThread "Monitor Deflation Thread"   daemon [_thread_blocked, id=8236, stack(0x000000ba2aa00000,0x000000ba2ab00000) (1024K)]
  0x000001c67830bd10 JavaThread "C2 CompilerThread0"         daemon [_thread_in_native, id=12256, stack(0x000000ba2ab00000,0x000000ba2ac00000) (1024K)]
  0x000001c67831e640 JavaThread "C1 CompilerThread0"         daemon [_thread_blocked, id=1352, stack(0x000000ba2ac00000,0x000000ba2ad00000) (1024K)]
  0x000001c67f2ea310 JavaThread "Common-Cleaner"             daemon [_thread_blocked, id=20196, stack(0x000000ba2ad00000,0x000000ba2ae00000) (1024K)]
  0x000001c67f2c9140 JavaThread "Notification Thread"        daemon [_thread_blocked, id=10612, stack(0x000000ba2ae00000,0x000000ba2af00000) (1024K)]
  0x000001c6417028c0 JavaThread "Daemon health stats"               [_thread_blocked, id=20060, stack(0x000000ba2b600000,0x000000ba2b700000) (1024K)]
  0x000001c6412aa940 JavaThread "Incoming local TCP Connector on port 59655"        [_thread_in_native, id=20708, stack(0x000000ba2ba00000,0x000000ba2bb00000) (1024K)]
  0x000001c641c17010 JavaThread "Daemon periodic checks"            [_thread_blocked, id=11920, stack(0x000000ba2bb00000,0x000000ba2bc00000) (1024K)]
  0x000001c6415b8370 JavaThread "Cache worker for journal cache (D:\.gradle\caches\journal-1)"        [_thread_blocked, id=21936, stack(0x000000ba2b000000,0x000000ba2b100000) (1024K)]
  0x000001c6415b9090 JavaThread "File lock request listener"        [_thread_in_native, id=9100, stack(0x000000ba2c300000,0x000000ba2c400000) (1024K)]
  0x000001c6415b9720 JavaThread "Cache worker for file hash cache (D:\.gradle\caches\9.1.0\fileHashes)"        [_thread_blocked, id=19624, stack(0x000000ba2c400000,0x000000ba2c500000) (1024K)]
  0x000001c6434f56a0 JavaThread "Cache worker for file content cache (D:\.gradle\caches\9.1.0\fileContent)"        [_thread_blocked, id=12176, stack(0x000000ba2cc00000,0x000000ba2cd00000) (1024K)]
  0x000001c6434f2f40 JavaThread "File watcher server"        daemon [_thread_blocked, id=2732, stack(0x000000ba2cd00000,0x000000ba2ce00000) (1024K)]
  0x000001c6434f6a50 JavaThread "File watcher consumer"      daemon [_thread_blocked, id=20252, stack(0x000000ba2ce00000,0x000000ba2cf00000) (1024K)]
  0x000001c6434f8b20 JavaThread "jar transforms"                    [_thread_blocked, id=12700, stack(0x000000ba2d000000,0x000000ba2d100000) (1024K)]
  0x000001c6434f9840 JavaThread "jar transforms Thread 2"           [_thread_blocked, id=2328, stack(0x000000ba2d100000,0x000000ba2d200000) (1024K)]
  0x000001c6434f7e00 JavaThread "jar transforms Thread 3"           [_thread_blocked, id=21688, stack(0x000000ba2d300000,0x000000ba2d400000) (1024K)]
  0x000001c6434f91b0 JavaThread "jar transforms Thread 4"           [_thread_blocked, id=10832, stack(0x000000ba2d400000,0x000000ba2d500000) (1024K)]
  0x000001c67f39a6d0 JavaThread "jar transforms Thread 5"           [_thread_blocked, id=22328, stack(0x000000ba2d500000,0x000000ba2d600000) (1024K)]
  0x000001c64189fa20 JavaThread "jar transforms Thread 6"           [_thread_blocked, id=12116, stack(0x000000ba2eb00000,0x000000ba2ec00000) (1024K)]
  0x000001c6418a00b0 JavaThread "jar transforms Thread 7"           [_thread_blocked, id=21468, stack(0x000000ba2ec00000,0x000000ba2ed00000) (1024K)]
  0x000001c6445c4160 JavaThread "jar transforms Thread 8"           [_thread_blocked, id=5644, stack(0x000000ba2f800000,0x000000ba2f900000) (1024K)]
  0x000001c6445c1a00 JavaThread "jar transforms Thread 9"           [_thread_blocked, id=1864, stack(0x000000ba2f900000,0x000000ba2fa00000) (1024K)]
  0x000001c6445c47f0 JavaThread "jar transforms Thread 10"          [_thread_blocked, id=12672, stack(0x000000ba2fa00000,0x000000ba2fb00000) (1024K)]
  0x000001c643849ef0 JavaThread "Memory manager"                    [_thread_blocked, id=8312, stack(0x000000ba32100000,0x000000ba32200000) (1024K)]
  0x000001c647cc16f0 JavaThread "pool-3-thread-1"                   [_thread_blocked, id=10796, stack(0x000000ba29b00000,0x000000ba29c00000) (1024K)]
  0x000001c6501bd7f0 JavaThread "RMI Scheduler(0)"           daemon [_thread_blocked, id=4508, stack(0x000000ba37600000,0x000000ba37700000) (1024K)]
  0x000001c6501beba0 JavaThread "RMI GC Daemon"              daemon [_thread_blocked, id=9156, stack(0x000000ba37800000,0x000000ba37900000) (1024K)]
  0x000001c6501bde80 JavaThread "RMI TCP Accept-0"           daemon [_thread_in_native, id=1904, stack(0x000000ba37900000,0x000000ba37a00000) (1024K)]
  0x000001c6501bf8c0 JavaThread "RMI Reaper"                        [_thread_blocked, id=22476, stack(0x000000ba37a00000,0x000000ba37b00000) (1024K)]
  0x000001c6559a8300 JavaThread "pool-6-thread-1"                   [_thread_blocked, id=18392, stack(0x000000ba2cf00000,0x000000ba2d000000) (1024K)]
  0x000001c656787030 JavaThread "pool-10-thread-1"                  [_thread_blocked, id=9432, stack(0x000000ba30d00000,0x000000ba30e00000) (1024K)]
  0x000001c6579bcca0 JavaThread "pool-14-thread-1"                  [_thread_blocked, id=3820, stack(0x000000ba31100000,0x000000ba31200000) (1024K)]
  0x000001c65553f810 JavaThread "pool-19-thread-1"                  [_thread_blocked, id=5000, stack(0x000000ba30f00000,0x000000ba31000000) (1024K)]
  0x000001c682f67540 JavaThread "pool-23-thread-1"                  [_thread_blocked, id=8188, stack(0x000000ba31000000,0x000000ba31100000) (1024K)]
  0x000001c6847d3c50 JavaThread "ForkJoinPool.commonPool-worker-12" daemon [_thread_blocked, id=17168, stack(0x000000ba33d00000,0x000000ba33e00000) (1024K)]
  0x000001c6847d5d20 JavaThread "ForkJoinPool.commonPool-worker-14" daemon [_thread_blocked, id=15132, stack(0x000000ba33f00000,0x000000ba34000000) (1024K)]
  0x000001c64f5994c0 JavaThread "jar transforms Thread 11"          [_thread_blocked, id=12104, stack(0x000000ba2c900000,0x000000ba2ca00000) (1024K)]
  0x000001c64f59a1e0 JavaThread "jar transforms Thread 12"          [_thread_blocked, id=2340, stack(0x000000ba2ca00000,0x000000ba2cb00000) (1024K)]
  0x000001c6559a7c70 JavaThread "pool-28-thread-1"                  [_thread_blocked, id=18184, stack(0x000000ba30700000,0x000000ba30800000) (1024K)]
  0x000001c64f5966d0 JavaThread "pool-31-thread-1"                  [_thread_blocked, id=8272, stack(0x000000ba31800000,0x000000ba31900000) (1024K)]
  0x000001c656789100 JavaThread "pool-35-thread-1"                  [_thread_blocked, id=11140, stack(0x000000ba31400000,0x000000ba31500000) (1024K)]
  0x000001c655169ca0 JavaThread "pool-40-thread-1"                  [_thread_blocked, id=1340, stack(0x000000ba30500000,0x000000ba30600000) (1024K)]
  0x000001c684b12530 JavaThread "RMI TCP Connection(34)-127.0.0.1" daemon [_thread_in_native, id=8292, stack(0x000000ba29a00000,0x000000ba29b00000) (1024K)]
  0x000001c655540530 JavaThread "Daemon Thread 8"                   [_thread_blocked, id=19876, stack(0x000000ba29c00000,0x000000ba29d00000) (1024K)]
  0x000001c655540bc0 JavaThread "Handler for socket connection from /127.0.0.1:59655 to /127.0.0.1:50858"        [_thread_in_native, id=9056, stack(0x000000ba2af00000,0x000000ba2b000000) (1024K)]
  0x000001c65553ddd0 JavaThread "Cancel handler"                    [_thread_blocked, id=21184, stack(0x000000ba2bc00000,0x000000ba2bd00000) (1024K)]
  0x000001c6555418e0 JavaThread "Daemon worker Thread 8"            [_thread_blocked, id=6620, stack(0x000000ba2bd00000,0x000000ba2be00000) (1024K)]
  0x000001c65553fea0 JavaThread "Asynchronous log dispatcher for DefaultDaemonConnection: socket connection from /127.0.0.1:59655 to /127.0.0.1:50858"        [_thread_blocked, id=4572, stack(0x000000ba2be00000,0x000000ba2bf00000) (1024K)]
  0x000001c65553e460 JavaThread "Stdin handler"                     [_thread_blocked, id=11996, stack(0x000000ba2bf00000,0x000000ba2c000000) (1024K)]
  0x000001c65553eaf0 JavaThread "Daemon client event forwarder"        [_thread_blocked, id=22300, stack(0x000000ba2c000000,0x000000ba2c100000) (1024K)]
  0x000001c655542600 JavaThread "Cache worker for file hash cache (D:\Projects\tugas-pengembangan-aplikasi-mobile\tugas-minggu-6\.gradle\9.1.0\fileHashes)"        [_thread_blocked, id=6020, stack(0x000000ba2c100000,0x000000ba2c200000) (1024K)]
  0x000001c65053d370 JavaThread "Cache worker for checksums cache (D:\Projects\tugas-pengembangan-aplikasi-mobile\tugas-minggu-6\.gradle\9.1.0\checksums)"        [_thread_blocked, id=6656, stack(0x000000ba2c200000,0x000000ba2c300000) (1024K)]
  0x000001c65053bfc0 JavaThread "Cache worker for Build Output Cleanup Cache (D:\Projects\tugas-pengembangan-aplikasi-mobile\tugas-minggu-6\.gradle\buildOutputCleanup)"        [_thread_blocked, id=7040, stack(0x000000ba2c800000,0x000000ba2c900000) (1024K)]
  0x000001c65053c650 JavaThread "Cache worker for cache directory md-supplier (D:\.gradle\caches\9.1.0\md-supplier)"        [_thread_blocked, id=19236, stack(0x000000ba2cb00000,0x000000ba2cc00000) (1024K)]
  0x000001c64f2ab330 JavaThread "Cache worker for cache directory md-rule (D:\.gradle\caches\9.1.0\md-rule)"        [_thread_blocked, id=10556, stack(0x000000ba2d200000,0x000000ba2d300000) (1024K)]
  0x000001c64f2ac050 JavaThread "Unconstrained build operations"        [_thread_blocked, id=22004, stack(0x000000ba2d600000,0x000000ba2d700000) (1024K)]
  0x000001c64f2aaca0 JavaThread "Unconstrained build operations Thread 2"        [_thread_blocked, id=3472, stack(0x000000ba2d700000,0x000000ba2d800000) (1024K)]
  0x000001c6559a96b0 JavaThread "Unconstrained build operations Thread 3"        [_thread_blocked, id=14920, stack(0x000000ba2d800000,0x000000ba2d900000) (1024K)]
  0x000001c6559a75e0 JavaThread "Unconstrained build operations Thread 4"        [_thread_blocked, id=19732, stack(0x000000ba2d900000,0x000000ba2da00000) (1024K)]
  0x000001c6559a68c0 JavaThread "Unconstrained build operations Thread 5"        [_thread_blocked, id=8732, stack(0x000000ba2da00000,0x000000ba2db00000) (1024K)]
  0x000001c6559a6230 JavaThread "Unconstrained build operations Thread 6"        [_thread_blocked, id=6816, stack(0x000000ba2db00000,0x000000ba2dc00000) (1024K)]
  0x000001c6559aa3d0 JavaThread "Unconstrained build operations Thread 7"        [_thread_blocked, id=11524, stack(0x000000ba2dc00000,0x000000ba2dd00000) (1024K)]
  0x000001c6559a9020 JavaThread "Unconstrained build operations Thread 8"        [_thread_blocked, id=20696, stack(0x000000ba2dd00000,0x000000ba2de00000) (1024K)]
  0x000001c6559a8990 JavaThread "Unconstrained build operations Thread 9"        [_thread_blocked, id=952, stack(0x000000ba2de00000,0x000000ba2df00000) (1024K)]
  0x000001c6559a9d40 JavaThread "Unconstrained build operations Thread 10"        [_thread_blocked, id=3948, stack(0x000000ba2df00000,0x000000ba2e000000) (1024K)]
  0x000001c6559a6f50 JavaThread "Unconstrained build operations Thread 11"        [_thread_blocked, id=22224, stack(0x000000ba2e000000,0x000000ba2e100000) (1024K)]
  0x000001c6559b00c0 JavaThread "Unconstrained build operations Thread 12"        [_thread_blocked, id=5532, stack(0x000000ba2e200000,0x000000ba2e300000) (1024K)]
  0x000001c6559b0750 JavaThread "Unconstrained build operations Thread 13"        [_thread_blocked, id=10200, stack(0x000000ba2e300000,0x000000ba2e400000) (1024K)]
  0x000001c6559b2190 JavaThread "Unconstrained build operations Thread 14"        [_thread_blocked, id=20464, stack(0x000000ba2e400000,0x000000ba2e500000) (1024K)]
  0x000001c64d6bbb10 JavaThread "Unconstrained build operations Thread 15"        [_thread_blocked, id=11456, stack(0x000000ba2e500000,0x000000ba2e600000) (1024K)]
  0x000001c64d6badf0 JavaThread "Unconstrained build operations Thread 16"        [_thread_blocked, id=432, stack(0x000000ba2e600000,0x000000ba2e700000) (1024K)]
  0x000001c64d6ba760 JavaThread "Unconstrained build operations Thread 17"        [_thread_blocked, id=4612, stack(0x000000ba2e700000,0x000000ba2e800000) (1024K)]
  0x000001c64d6be900 JavaThread "Unconstrained build operations Thread 18"        [_thread_blocked, id=18264, stack(0x000000ba2e800000,0x000000ba2e900000) (1024K)]
  0x000001c64d6bc1a0 JavaThread "Unconstrained build operations Thread 19"        [_thread_blocked, id=16712, stack(0x000000ba2e900000,0x000000ba2ea00000) (1024K)]
  0x000001c64d6bcec0 JavaThread "Unconstrained build operations Thread 20"        [_thread_blocked, id=21948, stack(0x000000ba2ea00000,0x000000ba2eb00000) (1024K)]
  0x000001c64d6bdbe0 JavaThread "Unconstrained build operations Thread 21"        [_thread_blocked, id=3680, stack(0x000000ba2ed00000,0x000000ba2ee00000) (1024K)]
  0x000001c64d6bc830 JavaThread "Unconstrained build operations Thread 22"        [_thread_blocked, id=11176, stack(0x000000ba2ee00000,0x000000ba2ef00000) (1024K)]
  0x000001c64d6be270 JavaThread "Unconstrained build operations Thread 23"        [_thread_blocked, id=21312, stack(0x000000ba2f000000,0x000000ba2f100000) (1024K)]
  0x000001c64f2ac6e0 JavaThread "Unconstrained build operations Thread 24"        [_thread_blocked, id=21432, stack(0x000000ba2f100000,0x000000ba2f200000) (1024K)]
  0x000001c64f2ad400 JavaThread "Configuration cache report writer"        [_thread_blocked, id=18632, stack(0x000000ba2f200000,0x000000ba2f300000) (1024K)]
  0x000001c64f2acd70 JavaThread "Unconstrained build operations Thread 25"        [_thread_blocked, id=13280, stack(0x000000ba2f300000,0x000000ba2f400000) (1024K)]
  0x000001c64f2ada90 JavaThread "Unconstrained build operations Thread 26"        [_thread_blocked, id=11192, stack(0x000000ba2f400000,0x000000ba2f500000) (1024K)]
  0x000001c64f2aa610 JavaThread "Unconstrained build operations Thread 27"        [_thread_blocked, id=17088, stack(0x000000ba2f500000,0x000000ba2f600000) (1024K)]
  0x000001c64d6bb480 JavaThread "Unconstrained build operations Thread 28"        [_thread_blocked, id=22128, stack(0x000000ba2f600000,0x000000ba2f700000) (1024K)]
  0x000001c64d6bef90 JavaThread "Unconstrained build operations Thread 29"        [_thread_blocked, id=21956, stack(0x000000ba2f700000,0x000000ba2f800000) (1024K)]
  0x000001c64d6c16f0 JavaThread "Unconstrained build operations Thread 30"        [_thread_blocked, id=3552, stack(0x000000ba2fb00000,0x000000ba2fc00000) (1024K)]
  0x000001c64d6c0340 JavaThread "Unconstrained build operations Thread 31"        [_thread_blocked, id=3032, stack(0x000000ba2fc00000,0x000000ba2fd00000) (1024K)]
  0x000001c64d6bf620 JavaThread "Unconstrained build operations Thread 32"        [_thread_blocked, id=19244, stack(0x000000ba2fd00000,0x000000ba2fe00000) (1024K)]
  0x000001c64d6c09d0 JavaThread "Unconstrained build operations Thread 33"        [_thread_blocked, id=21440, stack(0x000000ba2fe00000,0x000000ba2ff00000) (1024K)]
  0x000001c64d6bfcb0 JavaThread "Unconstrained build operations Thread 34"        [_thread_blocked, id=15016, stack(0x000000ba2ff00000,0x000000ba30000000) (1024K)]
  0x000001c64d6c1060 JavaThread "Unconstrained build operations Thread 35"        [_thread_blocked, id=3400, stack(0x000000ba30000000,0x000000ba30100000) (1024K)]
  0x000001c68382b400 JavaThread "Unconstrained build operations Thread 36"        [_thread_blocked, id=21464, stack(0x000000ba30100000,0x000000ba30200000) (1024K)]
  0x000001c68382a6e0 JavaThread "Unconstrained build operations Thread 37"        [_thread_blocked, id=3636, stack(0x000000ba30200000,0x000000ba30300000) (1024K)]
  0x000001c68382ba90 JavaThread "Unconstrained build operations Thread 38"        [_thread_blocked, id=15152, stack(0x000000ba30300000,0x000000ba30400000) (1024K)]
  0x000001c68382ad70 JavaThread "Unconstrained build operations Thread 39"        [_thread_blocked, id=19536, stack(0x000000ba30400000,0x000000ba30500000) (1024K)]
  0x000001c68382a050 JavaThread "Unconstrained build operations Thread 40"        [_thread_blocked, id=16104, stack(0x000000ba30600000,0x000000ba30700000) (1024K)]
  0x000001c6853387e0 JavaThread "Unconstrained build operations Thread 41"        [_thread_blocked, id=11888, stack(0x000000ba30800000,0x000000ba30900000) (1024K)]
  0x000001c685337430 JavaThread "Unconstrained build operations Thread 42"        [_thread_blocked, id=10720, stack(0x000000ba30900000,0x000000ba30a00000) (1024K)]
  0x000001c6853359f0 JavaThread "Unconstrained build operations Thread 43"        [_thread_blocked, id=21256, stack(0x000000ba30a00000,0x000000ba30b00000) (1024K)]
  0x000001c685336080 JavaThread "Unconstrained build operations Thread 44"        [_thread_blocked, id=20664, stack(0x000000ba30b00000,0x000000ba30c00000) (1024K)]
  0x000001c685338150 JavaThread "Unconstrained build operations Thread 45"        [_thread_blocked, id=22316, stack(0x000000ba30c00000,0x000000ba30d00000) (1024K)]
  0x000001c685337ac0 JavaThread "Unconstrained build operations Thread 46"        [_thread_blocked, id=19988, stack(0x000000ba30e00000,0x000000ba30f00000) (1024K)]
  0x000001c685339b90 JavaThread "build event listener"              [_thread_blocked, id=7436, stack(0x000000ba31200000,0x000000ba31300000) (1024K)]
  0x000001c6559afa30 JavaThread "build event listener"              [_thread_blocked, id=2208, stack(0x000000ba31300000,0x000000ba31400000) (1024K)]
  0x000001c6559b0de0 JavaThread "build event listener"              [_thread_blocked, id=22036, stack(0x000000ba31500000,0x000000ba31600000) (1024K)]
  0x000001c650539ef0 JavaThread "Problems report writer"            [_thread_blocked, id=5860, stack(0x000000ba31600000,0x000000ba31700000) (1024K)]
  0x000001c6559abe10 JavaThread "pool-43-thread-1"                  [_thread_blocked, id=9296, stack(0x000000ba31700000,0x000000ba31800000) (1024K)]
  0x000001c6559acb30 JavaThread "build event listener"              [_thread_blocked, id=20900, stack(0x000000ba31900000,0x000000ba31a00000) (1024K)]
  0x000001c65053da00 JavaThread "Build operations"                  [_thread_blocked, id=2384, stack(0x000000ba31a00000,0x000000ba31b00000) (1024K)]
  0x000001c65053a580 JavaThread "Unconstrained build operations Thread 47"        [_thread_blocked, id=8084, stack(0x000000ba31b00000,0x000000ba31c00000) (1024K)]
  0x000001c65053edb0 JavaThread "Unconstrained build operations Thread 48"        [_thread_blocked, id=3096, stack(0x000000ba31c00000,0x000000ba31d00000) (1024K)]
  0x000001c650540160 JavaThread "Unconstrained build operations Thread 49"        [_thread_blocked, id=21612, stack(0x000000ba31d00000,0x000000ba31e00000) (1024K)]
  0x000001c65053f440 JavaThread "Unconstrained build operations Thread 50"        [_thread_blocked, id=2580, stack(0x000000ba31e00000,0x000000ba31f00000) (1024K)]
  0x000001c65053fad0 JavaThread "Unconstrained build operations Thread 51"        [_thread_blocked, id=10120, stack(0x000000ba31f00000,0x000000ba32000000) (1024K)]
  0x000001c65553f180 JavaThread "Unconstrained build operations Thread 52"        [_thread_blocked, id=13924, stack(0x000000ba32000000,0x000000ba32100000) (1024K)]
  0x000001c6555453f0 JavaThread "Unconstrained build operations Thread 53"        [_thread_blocked, id=10168, stack(0x000000ba32200000,0x000000ba32300000) (1024K)]
  0x000001c655544d60 JavaThread "Unconstrained build operations Thread 54"        [_thread_blocked, id=13120, stack(0x000000ba32300000,0x000000ba32400000) (1024K)]
  0x000001c655542c90 JavaThread "Unconstrained build operations Thread 55"        [_thread_blocked, id=9484, stack(0x000000ba32400000,0x000000ba32500000) (1024K)]
  0x000001c68382c120 JavaThread "Unconstrained build operations Thread 56"        [_thread_blocked, id=20932, stack(0x000000ba32500000,0x000000ba32600000) (1024K)]
  0x000001c68382ce40 JavaThread "Unconstrained build operations Thread 57"        [_thread_blocked, id=3856, stack(0x000000ba32600000,0x000000ba32700000) (1024K)]
  0x000001c68382c7b0 JavaThread "Unconstrained build operations Thread 58"        [_thread_blocked, id=15032, stack(0x000000ba32700000,0x000000ba32800000) (1024K)]
  0x000001c657cd0610 JavaThread "Unconstrained build operations Thread 59"        [_thread_blocked, id=15496, stack(0x000000ba32800000,0x000000ba32900000) (1024K)]
  0x000001c657ccd820 JavaThread "Unconstrained build operations Thread 60"        [_thread_blocked, id=10256, stack(0x000000ba32900000,0x000000ba32a00000) (1024K)]
  0x000001c657ccf8f0 JavaThread "Build operations Thread 2"         [_thread_blocked, id=20056, stack(0x000000ba32b00000,0x000000ba32c00000) (1024K)]
  0x000001c655543320 JavaThread "Build operations Thread 3"         [_thread_blocked, id=12412, stack(0x000000ba32c00000,0x000000ba32d00000) (1024K)]
  0x000001c6555446d0 JavaThread "included builds"                   [_thread_blocked, id=22172, stack(0x000000ba32a00000,0x000000ba32b00000) (1024K)]
  0x000001c6505407f0 JavaThread "Execution worker"                  [_thread_blocked, id=10692, stack(0x000000ba32d00000,0x000000ba32e00000) (1024K)]
  0x000001c650540e80 JavaThread "Execution worker Thread 2"         [_thread_blocked, id=5808, stack(0x000000ba32e00000,0x000000ba32f00000) (1024K)]
  0x000001c65053e720 JavaThread "Execution worker Thread 3"         [_thread_blocked, id=7512, stack(0x000000ba32f00000,0x000000ba33000000) (1024K)]
  0x000001c650541510 JavaThread "Execution worker Thread 4"         [_thread_blocked, id=13920, stack(0x000000ba33000000,0x000000ba33100000) (1024K)]
  0x000001c65053e090 JavaThread "Execution worker Thread 5"         [_thread_blocked, id=19160, stack(0x000000ba33100000,0x000000ba33200000) (1024K)]
  0x000001c647857e10 JavaThread "Execution worker Thread 6"         [_thread_blocked, id=14408, stack(0x000000ba33200000,0x000000ba33300000) (1024K)]
  0x000001c6478556b0 JavaThread "Execution worker Thread 7"         [_thread_blocked, id=5912, stack(0x000000ba33300000,0x000000ba33400000) (1024K)]
  0x000001c647859850 JavaThread "Execution worker Thread 8"         [_thread_blocked, id=12504, stack(0x000000ba33400000,0x000000ba33500000) (1024K)]
  0x000001c647859ee0 JavaThread "Execution worker Thread 9"         [_thread_blocked, id=18192, stack(0x000000ba33500000,0x000000ba33600000) (1024K)]
  0x000001c657ccebd0 JavaThread "Cache worker for execution history cache (D:\Projects\tugas-pengembangan-aplikasi-mobile\tugas-minggu-6\.gradle\9.1.0\executionHistory)"        [_thread_blocked, id=20256, stack(0x000000ba33600000,0x000000ba33700000) (1024K)]
  0x000001c682f640c0 JavaThread "Execution worker Thread 10"        [_thread_blocked, id=20600, stack(0x000000ba33700000,0x000000ba33800000) (1024K)]
  0x000001c64d49e250 JavaThread "Execution worker Thread 11"        [_thread_blocked, id=6048, stack(0x000000ba33800000,0x000000ba33900000) (1024K)]
  0x000001c682f66820 JavaThread "Unconstrained build operations Thread 61"        [_thread_blocked, id=22380, stack(0x000000ba33900000,0x000000ba33a00000) (1024K)]
  0x000001c6559ab0f0 JavaThread "Unconstrained build operations Thread 62"        [_thread_blocked, id=12896, stack(0x000000ba33a00000,0x000000ba33b00000) (1024K)]
  0x000001c6559ad850 JavaThread "Unconstrained build operations Thread 63"        [_thread_blocked, id=17048, stack(0x000000ba33b00000,0x000000ba33c00000) (1024K)]
  0x000001c64785b290 JavaThread "Unconstrained build operations Thread 64"        [_thread_blocked, id=3340, stack(0x000000ba33c00000,0x000000ba33d00000) (1024K)]
  0x000001c647acaf40 JavaThread "Unconstrained build operations Thread 67"        [_thread_blocked, id=444, stack(0x000000ba33e00000,0x000000ba33f00000) (1024K)]
  0x000001c64785a570 JavaThread "Unconstrained build operations Thread 65"        [_thread_blocked, id=19364, stack(0x000000ba34100000,0x000000ba34200000) (1024K)]
  0x000001c6559b1b00 JavaThread "Unconstrained build operations Thread 69"        [_thread_blocked, id=21348, stack(0x000000ba34200000,0x000000ba34300000) (1024K)]
  0x000001c64785ac00 JavaThread "Unconstrained build operations Thread 68"        [_thread_blocked, id=22376, stack(0x000000ba34300000,0x000000ba34400000) (1024K)]
  0x000001c6559aaa60 JavaThread "Unconstrained build operations Thread 66"        [_thread_blocked, id=8116, stack(0x000000ba34400000,0x000000ba34500000) (1024K)]
  0x000001c685339500 JavaThread "Unconstrained build operations Thread 71"        [_thread_blocked, id=5416, stack(0x000000ba34500000,0x000000ba34600000) (1024K)]
  0x000001c647ace3c0 JavaThread "Unconstrained build operations Thread 70"        [_thread_blocked, id=20568, stack(0x000000ba34600000,0x000000ba34700000) (1024K)]
  0x000001c682f65b00 JavaThread "Unconstrained build operations Thread 72"        [_thread_blocked, id=10760, stack(0x000000ba34700000,0x000000ba34800000) (1024K)]
  0x000001c682f66eb0 JavaThread "Unconstrained build operations Thread 73"        [_thread_blocked, id=20648, stack(0x000000ba34800000,0x000000ba34900000) (1024K)]
  0x000001c682f67bd0 JavaThread "Unconstrained build operations Thread 74"        [_thread_blocked, id=960, stack(0x000000ba34900000,0x000000ba34a00000) (1024K)]
  0x000001c647acd6a0 JavaThread "Unconstrained build operations Thread 75"        [_thread_blocked, id=8008, stack(0x000000ba34a00000,0x000000ba34b00000) (1024K)]
  0x000001c685336710 JavaThread "Unconstrained build operations Thread 76"        [_thread_blocked, id=6928, stack(0x000000ba34b00000,0x000000ba34c00000) (1024K)]
  0x000001c647acea50 JavaThread "Unconstrained build operations Thread 77"        [_thread_blocked, id=11352, stack(0x000000ba34c00000,0x000000ba34d00000) (1024K)]
  0x000001c64d49b460 JavaThread "Unconstrained build operations Thread 78"        [_thread_blocked, id=2924, stack(0x000000ba34d00000,0x000000ba34e00000) (1024K)]
  0x000001c647acbc60 JavaThread "Unconstrained build operations Thread 79"        [_thread_blocked, id=16252, stack(0x000000ba34e00000,0x000000ba34f00000) (1024K)]
  0x000001c647acfe00 JavaThread "Unconstrained build operations Thread 80"        [_thread_blocked, id=9848, stack(0x000000ba34f00000,0x000000ba35000000) (1024K)]
  0x000001c64d49cea0 JavaThread "Unconstrained build operations Thread 81"        [_thread_blocked, id=18164, stack(0x000000ba35000000,0x000000ba35100000) (1024K)]
  0x000001c647acf770 JavaThread "Unconstrained build operations Thread 82"        [_thread_blocked, id=8512, stack(0x000000ba35100000,0x000000ba35200000) (1024K)]
  0x000001c647acf0e0 JavaThread "Unconstrained build operations Thread 83"        [_thread_blocked, id=18500, stack(0x000000ba35200000,0x000000ba35300000) (1024K)]
  0x000001c647acc980 JavaThread "Unconstrained build operations Thread 84"        [_thread_blocked, id=15580, stack(0x000000ba35300000,0x000000ba35400000) (1024K)]
  0x000001c647ad3280 JavaThread "Unconstrained build operations Thread 85"        [_thread_blocked, id=8664, stack(0x000000ba35400000,0x000000ba35500000) (1024K)]
  0x000001c647ad2bf0 JavaThread "Unconstrained build operations Thread 86"        [_thread_blocked, id=5980, stack(0x000000ba35500000,0x000000ba35600000) (1024K)]
  0x000001c64785b920 JavaThread "Unconstrained build operations Thread 87"        [_thread_blocked, id=18844, stack(0x000000ba35600000,0x000000ba35700000) (1024K)]
  0x000001c6831699f0 JavaThread "Unconstrained build operations Thread 88"        [_thread_blocked, id=21172, stack(0x000000ba35700000,0x000000ba35800000) (1024K)]
  0x000001c683167920 JavaThread "Unconstrained build operations Thread 89"        [_thread_blocked, id=16824, stack(0x000000ba35800000,0x000000ba35900000) (1024K)]
  0x000001c68316a710 JavaThread "Unconstrained build operations Thread 90"        [_thread_blocked, id=19140, stack(0x000000ba35900000,0x000000ba35a00000) (1024K)]
  0x000001c683167fb0 JavaThread "Unconstrained build operations Thread 91"        [_thread_blocked, id=19564, stack(0x000000ba35a00000,0x000000ba35b00000) (1024K)]
  0x000001c683167290 JavaThread "Unconstrained build operations Thread 92"        [_thread_blocked, id=10748, stack(0x000000ba35b00000,0x000000ba35c00000) (1024K)]
  0x000001c683168640 JavaThread "Unconstrained build operations Thread 93"        [_thread_blocked, id=6056, stack(0x000000ba35c00000,0x000000ba35d00000) (1024K)]
  0x000001c683168cd0 JavaThread "Unconstrained build operations Thread 94"        [_thread_blocked, id=1752, stack(0x000000ba35d00000,0x000000ba35e00000) (1024K)]
  0x000001c6800d1360 JavaThread "Unconstrained build operations Thread 95"        [_thread_blocked, id=7188, stack(0x000000ba35e00000,0x000000ba35f00000) (1024K)]
  0x000001c6800d0cd0 JavaThread "Unconstrained build operations Thread 96"        [_thread_blocked, id=11368, stack(0x000000ba35f00000,0x000000ba36000000) (1024K)]
  0x000001c6800d2080 JavaThread "Unconstrained build operations Thread 97"        [_thread_blocked, id=14964, stack(0x000000ba36000000,0x000000ba36100000) (1024K)]
  0x000001c6559ab780 JavaThread "pool-44-thread-3"                  [_thread_blocked, id=11584, stack(0x000000ba36100000,0x000000ba36200000) (1024K)]
  0x000001c64d485fa0 JavaThread "pool-44-thread-4"                  [_thread_blocked, id=21384, stack(0x000000ba36200000,0x000000ba36300000) (1024K)]
  0x000001c647ad3910 JavaThread "pool-44-thread-1"                  [_thread_blocked, id=6984, stack(0x000000ba36300000,0x000000ba36400000) (1024K)]
  0x000001c64d486630 JavaThread "pool-44-thread-2"                  [_thread_blocked, id=11968, stack(0x000000ba36400000,0x000000ba36500000) (1024K)]
  0x000001c682f64de0 JavaThread "pool-44-thread-5"                  [_thread_blocked, id=17784, stack(0x000000ba36500000,0x000000ba36600000) (1024K)]
  0x000001c6847d2f30 JavaThread "pool-44-thread-7"                  [_thread_blocked, id=9196, stack(0x000000ba36600000,0x000000ba36700000) (1024K)]
  0x000001c6800d3430 JavaThread "pool-44-thread-6"                  [_thread_blocked, id=3876, stack(0x000000ba36700000,0x000000ba36800000) (1024K)]
  0x000001c6509c9f30 JavaThread "pool-44-thread-8"                  [_thread_blocked, id=21908, stack(0x000000ba36800000,0x000000ba36900000) (1024K)]
  0x000001c682f64750 JavaThread "pool-44-thread-9"                  [_thread_blocked, id=8456, stack(0x000000ba36900000,0x000000ba36a00000) (1024K)]
  0x000001c647858b30 JavaThread "pool-44-thread-10"                 [_thread_blocked, id=12680, stack(0x000000ba36a00000,0x000000ba36b00000) (1024K)]
  0x000001c647ad0490 JavaThread "Unconstrained build operations Thread 98"        [_thread_blocked, id=8988, stack(0x000000ba36c00000,0x000000ba36d00000) (1024K)]
  0x000001c6847d4970 JavaThread "Unconstrained build operations Thread 99"        [_thread_blocked, id=9364, stack(0x000000ba36d00000,0x000000ba36e00000) (1024K)]
  0x000001c6559aed10 JavaThread "WorkerExecutor Queue Thread 2"        [_thread_blocked, id=18348, stack(0x000000ba36e00000,0x000000ba36f00000) (1024K)]
  0x000001c68533a220 JavaThread "pool-45-thread-1"                  [_thread_blocked, id=15836, stack(0x000000ba36f00000,0x000000ba37000000) (1024K)]
  0x000001c685336da0 JavaThread "stderr"                            [_thread_in_native, id=21616, stack(0x000000ba37000000,0x000000ba37100000) (1024K)]
  0x000001c68533bc60 JavaThread "stdout"                            [_thread_in_native, id=20956, stack(0x000000ba37100000,0x000000ba37200000) (1024K)]
  0x000001c6555fd140 JavaThread "Unconstrained build operations Thread 100"        [_thread_blocked, id=4872, stack(0x000000ba37200000,0x000000ba37300000) (1024K)]
  0x000001c6555fd7d0 JavaThread "Unconstrained build operations Thread 101"        [_thread_blocked, id=13256, stack(0x000000ba37300000,0x000000ba37400000) (1024K)]
  0x000001c6555fe4f0 JavaThread "Unconstrained build operations Thread 102"        [_thread_blocked, id=2588, stack(0x000000ba37400000,0x000000ba37500000) (1024K)]
  0x000001c6555fde60 JavaThread "Unconstrained build operations Thread 103"        [_thread_blocked, id=3956, stack(0x000000ba37500000,0x000000ba37600000) (1024K)]
  0x000001c6555ff210 JavaThread "Unconstrained build operations Thread 104"        [_thread_blocked, id=16792, stack(0x000000ba37700000,0x000000ba37800000) (1024K)]
  0x000001c6555feb80 JavaThread "Unconstrained build operations Thread 105"        [_thread_blocked, id=12396, stack(0x000000ba37b00000,0x000000ba37c00000) (1024K)]
  0x000001c647c7c7e0 JavaThread "Unconstrained build operations Thread 106"        [_thread_blocked, id=6960, stack(0x000000ba37c00000,0x000000ba37d00000) (1024K)]
  0x000001c647c7ce70 JavaThread "Unconstrained build operations Thread 107"        [_thread_blocked, id=1268, stack(0x000000ba37d00000,0x000000ba37e00000) (1024K)]
  0x000001c647c7d500 JavaThread "Unconstrained build operations Thread 108"        [_thread_blocked, id=21352, stack(0x000000ba37e00000,0x000000ba37f00000) (1024K)]
  0x000001c647c7a080 JavaThread "Unconstrained build operations Thread 109"        [_thread_blocked, id=20968, stack(0x000000ba37f00000,0x000000ba38000000) (1024K)]
  0x000001c6800cffb0 JavaThread "WorkerExecutor Queue Thread 3"        [_thread_blocked, id=21796, stack(0x000000ba38000000,0x000000ba38100000) (1024K)]
  0x000001c6809f4d80 JavaThread "WorkerExecutor Queue Thread 4"        [_thread_blocked, id=228, stack(0x000000ba38200000,0x000000ba38300000) (1024K)]
  0x000001c682f8a950 JavaThread "WorkerExecutor Queue Thread 5"        [_thread_blocked, id=21152, stack(0x000000ba38300000,0x000000ba38400000) (1024K)]
  0x000001c64d4831b0 JavaThread "ForkJoinPool-2-worker-1"    daemon [_thread_blocked, id=20976, stack(0x000000ba38400000,0x000000ba38500000) (1024K)]
  0x000001c64d485910 JavaThread "ForkJoinPool-2-worker-2"    daemon [_thread_blocked, id=18124, stack(0x000000ba38e00000,0x000000ba38f00000) (1024K)]
  0x000001c6809f5410 JavaThread "ForkJoinPool-2-worker-3"    daemon [_thread_blocked, id=19196, stack(0x000000ba38f00000,0x000000ba39000000) (1024K)]
  0x000001c64d485280 JavaThread "ForkJoinPool-2-worker-4"    daemon [_thread_blocked, id=3248, stack(0x000000ba39000000,0x000000ba39100000) (1024K)]
  0x000001c682f65470 JavaThread "ForkJoinPool-2-worker-5"    daemon [_thread_blocked, id=14976, stack(0x000000ba39100000,0x000000ba39200000) (1024K)]
  0x000001c682f6a330 JavaThread "ForkJoinPool-2-worker-6"    daemon [_thread_blocked, id=20784, stack(0x000000ba39200000,0x000000ba39300000) (1024K)]
  0x000001c68316a080 JavaThread "ForkJoinPool-2-worker-7"    daemon [_thread_blocked, id=8252, stack(0x000000ba39300000,0x000000ba39400000) (1024K)]
  0x000001c6809f5aa0 JavaThread "ForkJoinPool-2-worker-8"    daemon [_thread_blocked, id=22356, stack(0x000000ba39400000,0x000000ba39500000) (1024K)]
  0x000001c64d483840 JavaThread "ForkJoinPool-2-worker-9"    daemon [_thread_blocked, id=14652, stack(0x000000ba39500000,0x000000ba39600000) (1024K)]
  0x000001c647c7a710 JavaThread "ForkJoinPool-2-worker-10"   daemon [_thread_blocked, id=12832, stack(0x000000ba39600000,0x000000ba39700000) (1024K)]
  0x000001c647dec890 JavaThread "ForkJoinPool-2-worker-11"   daemon [_thread_blocked, id=20612, stack(0x000000ba39700000,0x000000ba39800000) (1024K)]
  0x000001c6555439b0 JavaThread "ForkJoinPool-2-worker-12"   daemon [_thread_blocked, id=5848, stack(0x000000ba39800000,0x000000ba39900000) (1024K)]
  0x000001c64d483ed0 JavaThread "WorkerExecutor Queue Thread 6"        [_thread_blocked, id=2908, stack(0x000000ba39900000,0x000000ba39a00000) (1024K)]
  0x000001c655544040 JavaThread "WorkerExecutor Queue Thread 7"        [_thread_blocked, id=3156, stack(0x000000ba39c00000,0x000000ba39d00000) (1024K)]
  0x000001c6579bfa90 JavaThread "Unconstrained build operations Thread 110"        [_thread_blocked, id=14416, stack(0x000000ba39d00000,0x000000ba39e00000) (1024K)]
  0x000001c647decf20 JavaThread "WorkerExecutor Queue Thread 8"        [_thread_blocked, id=19556, stack(0x000000ba39e00000,0x000000ba39f00000) (1024K)]
  0x000001c657582870 JavaThread "RMI TCP Connection(35)-127.0.0.1" daemon [_thread_in_native, id=12128, stack(0x000000ba39f00000,0x000000ba3a000000) (1024K)]
  0x000001c6509cac50 JavaThread "Unconstrained build operations Thread 111"        [_thread_blocked, id=14104, stack(0x000000ba3a200000,0x000000ba3a300000) (1024K)]
  0x000001c6809f4060 JavaThread "WorkerExecutor Queue Thread 11"        [_thread_blocked, id=4748, stack(0x000000ba3a300000,0x000000ba3a400000) (1024K)]
  0x000001c6809f6130 JavaThread "WorkerExecutor Queue Thread 13"        [_thread_blocked, id=4900, stack(0x000000ba3a500000,0x000000ba3a600000) (1024K)]
  0x000001c680a26ef0 JavaThread "C2 CompilerThread1"         daemon [_thread_blocked, id=17004, stack(0x000000ba2e100000,0x000000ba2e200000) (1024K)]
  0x000001c680a25a80 JavaThread "C2 CompilerThread2"         daemon [_thread_blocked, id=12904, stack(0x000000ba2ef00000,0x000000ba2f000000) (1024K)]
Total: 233

Other Threads:
=>0x000001c6782e19c0 VMThread "VM Thread"                           [id=11376, stack(0x000000ba2a400000,0x000000ba2a500000) (1024K)]
  0x000001c6782cf4f0 WatcherThread "VM Periodic Task Thread"        [id=19304, stack(0x000000ba2a300000,0x000000ba2a400000) (1024K)]
  0x000001c65b4f7650 WorkerThread "GC Thread#0"                     [id=13556, stack(0x000000ba29e00000,0x000000ba29f00000) (1024K)]
  0x000001c67f4ae300 WorkerThread "GC Thread#1"                     [id=19676, stack(0x000000ba2b100000,0x000000ba2b200000) (1024K)]
  0x000001c67f4ae6b0 WorkerThread "GC Thread#2"                     [id=10716, stack(0x000000ba2b200000,0x000000ba2b300000) (1024K)]
  0x000001c67f3860c0 WorkerThread "GC Thread#3"                     [id=7096, stack(0x000000ba2b300000,0x000000ba2b400000) (1024K)]
  0x000001c67f386470 WorkerThread "GC Thread#4"                     [id=5952, stack(0x000000ba2b400000,0x000000ba2b500000) (1024K)]
  0x000001c67f386820 WorkerThread "GC Thread#5"                     [id=1992, stack(0x000000ba2b500000,0x000000ba2b600000) (1024K)]
  0x000001c6425a5800 WorkerThread "GC Thread#6"                     [id=22124, stack(0x000000ba2b700000,0x000000ba2b800000) (1024K)]
  0x000001c642673d40 WorkerThread "GC Thread#7"                     [id=19584, stack(0x000000ba2b800000,0x000000ba2b900000) (1024K)]
  0x000001c641ec4e40 WorkerThread "GC Thread#8"                     [id=5920, stack(0x000000ba2b900000,0x000000ba2ba00000) (1024K)]
  0x000001c6426c02d0 WorkerThread "GC Thread#9"                     [id=2788, stack(0x000000ba2c500000,0x000000ba2c600000) (1024K)]
  0x000001c65b547010 ConcurrentGCThread "G1 Main Marker"            [id=7900, stack(0x000000ba29f00000,0x000000ba2a000000) (1024K)]
  0x000001c65b5491e0 WorkerThread "G1 Conc#0"                       [id=5880, stack(0x000000ba2a000000,0x000000ba2a100000) (1024K)]
  0x000001c6426bfb70 WorkerThread "G1 Conc#1"                       [id=16372, stack(0x000000ba2c600000,0x000000ba2c700000) (1024K)]
  0x000001c6426c0680 WorkerThread "G1 Conc#2"                       [id=17184, stack(0x000000ba2c700000,0x000000ba2c800000) (1024K)]
  0x000001c6781a5bb0 ConcurrentGCThread "G1 Refine#0"               [id=14504, stack(0x000000ba2a100000,0x000000ba2a200000) (1024K)]
  0x000001c650e97620 ConcurrentGCThread "G1 Refine#1"               [id=9552, stack(0x000000ba38500000,0x000000ba38600000) (1024K)]
  0x000001c650e96090 ConcurrentGCThread "G1 Refine#2"               [id=6100, stack(0x000000ba38600000,0x000000ba38700000) (1024K)]
  0x000001c650e96930 ConcurrentGCThread "G1 Refine#3"               [id=14564, stack(0x000000ba38700000,0x000000ba38800000) (1024K)]
  0x000001c6509e5200 ConcurrentGCThread "G1 Refine#4"               [id=8444, stack(0x000000ba38800000,0x000000ba38900000) (1024K)]
  0x000001c6509e2f80 ConcurrentGCThread "G1 Refine#5"               [id=8896, stack(0x000000ba38900000,0x000000ba38a00000) (1024K)]
  0x000001c6509e26e0 ConcurrentGCThread "G1 Refine#6"               [id=17936, stack(0x000000ba38a00000,0x000000ba38b00000) (1024K)]
  0x000001c6509e19f0 ConcurrentGCThread "G1 Refine#7"               [id=17084, stack(0x000000ba38b00000,0x000000ba38c00000) (1024K)]
  0x000001c6509e2290 ConcurrentGCThread "G1 Refine#8"               [id=15828, stack(0x000000ba38c00000,0x000000ba38d00000) (1024K)]
  0x000001c6509e2b30 ConcurrentGCThread "G1 Refine#9"               [id=8288, stack(0x000000ba38d00000,0x000000ba38e00000) (1024K)]
  0x000001c6781a74f0 ConcurrentGCThread "G1 Service"                [id=4908, stack(0x000000ba2a200000,0x000000ba2a300000) (1024K)]
Total: 27

Threads with active compile tasks:
C2 CompilerThread0  1709731 73251 % !   4       com.android.tools.r8.dex.i0::a @ 16 (3493 bytes)
C2 CompilerThread2  1709731 73314       4       com.android.tools.r8.dex.i0::a (318 bytes)
Total: 2

VM state: at safepoint (normal execution)

VM Mutex/Monitor currently owned by a thread:  ([mutex/lock_event])
[0x00007ffc85e665c0] Threads_lock - owner thread: 0x000001c6782e19c0
[0x00007ffc85e666c0] Heap_lock - owner thread: 0x000001c647dec890

Heap address: 0x0000000700000000, size: 4096 MB, Compressed Oops mode: Zero based, Oop shift amount: 3

CDS archive(s) mapped at: [0x000001c600000000-0x000001c600c80000-0x000001c600c80000), size 13107200, SharedBaseAddress: 0x000001c600000000, ArchiveRelocationMode: 1.
Compressed class space mapped at: 0x000001c601000000-0x000001c641000000, reserved size: 1073741824
Narrow klass base: 0x000001c600000000, Narrow klass shift: 0, Narrow klass range: 0x100000000

GC Precious Log:
 CardTable entry size: 512
 Card Set container configuration: InlinePtr #cards 4 size 8 Array Of Cards #cards 16 size 48 Howl #buckets 8 coarsen threshold 3686 Howl Bitmap #cards 512 size 80 coarsen threshold 460 Card regions per heap region 1 cards per card region 4096
 CPUs: 12 total, 12 available
 Memory: 16122M
 Large Page Support: Disabled
 NUMA Support: Disabled
 Compressed Oops: Enabled (Zero based)
 Heap Region Size: 2M
 Heap Min Capacity: 8M
 Heap Initial Capacity: 252M
 Heap Max Capacity: 4G
 Pre-touch: Disabled
 Parallel Workers: 10
 Concurrent Workers: 3
 Concurrent Refinement Workers: 10
 Periodic GC: Disabled

Heap:
 garbage-first heap   total 1609728K, used 957184K [0x0000000700000000, 0x0000000800000000)
  region size 2048K, 9 young (18432K), 9 survivors (18432K)
 Metaspace       used 315002K, committed 319552K, reserved 1376256K
  class space    used 39878K, committed 42176K, reserved 1048576K

Heap Regions: E=young(eden), S=young(survivor), O=old, HS=humongous(starts), HC=humongous(continues), CS=collection set, F=free, TAMS=top-at-mark-start, PB=parsable bottom
|   0|0x0000000700000000, 0x0000000700200000, 0x0000000700200000|100%|HS|  |TAMS 0x0000000700200000| PB 0x0000000700000000| Complete 
|   1|0x0000000700200000, 0x0000000700400000, 0x0000000700400000|100%|HC|  |TAMS 0x0000000700400000| PB 0x0000000700200000| Complete 
|   2|0x0000000700400000, 0x0000000700600000, 0x0000000700600000|100%| O|  |TAMS 0x0000000700600000| PB 0x0000000700400000| Untracked 
|   3|0x0000000700600000, 0x0000000700800000, 0x0000000700800000|100%| O|  |TAMS 0x0000000700800000| PB 0x0000000700600000| Untracked 
|   4|0x0000000700800000, 0x0000000700a00000, 0x0000000700a00000|100%| O|  |TAMS 0x0000000700a00000| PB 0x0000000700800000| Untracked 
|   5|0x0000000700a00000, 0x0000000700c00000, 0x0000000700c00000|100%| O|  |TAMS 0x0000000700c00000| PB 0x0000000700a00000| Untracked 
|   6|0x0000000700c00000, 0x0000000700e00000, 0x0000000700e00000|100%| O|  |TAMS 0x0000000700e00000| PB 0x0000000700c00000| Untracked 
|   7|0x0000000700e00000, 0x0000000701000000, 0x0000000701000000|100%| O|  |TAMS 0x0000000701000000| PB 0x0000000700e00000| Untracked 
|   8|0x0000000701000000, 0x0000000701200000, 0x0000000701200000|100%| O|  |TAMS 0x0000000701200000| PB 0x0000000701000000| Untracked 
|   9|0x0000000701200000, 0x0000000701400000, 0x0000000701400000|100%| O|  |TAMS 0x0000000701400000| PB 0x0000000701200000| Untracked 
|  10|0x0000000701400000, 0x0000000701600000, 0x0000000701600000|100%| O|  |TAMS 0x0000000701600000| PB 0x0000000701400000| Untracked 
|  11|0x0000000701600000, 0x0000000701800000, 0x0000000701800000|100%| O|  |TAMS 0x0000000701800000| PB 0x0000000701600000| Untracked 
|  12|0x0000000701800000, 0x0000000701a00000, 0x0000000701a00000|100%| O|  |TAMS 0x0000000701a00000| PB 0x0000000701800000| Untracked 
|  13|0x0000000701a00000, 0x0000000701c00000, 0x0000000701c00000|100%| O|  |TAMS 0x0000000701c00000| PB 0x0000000701a00000| Untracked 
|  14|0x0000000701c00000, 0x0000000701e00000, 0x0000000701e00000|100%| O|  |TAMS 0x0000000701e00000| PB 0x0000000701c00000| Untracked 
|  15|0x0000000701e00000, 0x0000000702000000, 0x0000000702000000|100%| O|  |TAMS 0x0000000702000000| PB 0x0000000701e00000| Untracked 
|  16|0x0000000702000000, 0x0000000702200000, 0x0000000702200000|100%| O|  |TAMS 0x0000000702200000| PB 0x0000000702000000| Untracked 
|  17|0x0000000702200000, 0x0000000702400000, 0x0000000702400000|100%| O|  |TAMS 0x0000000702400000| PB 0x0000000702200000| Untracked 
|  18|0x0000000702400000, 0x0000000702600000, 0x0000000702600000|100%|HS|  |TAMS 0x0000000702600000| PB 0x0000000702400000| Complete 
|  19|0x0000000702600000, 0x0000000702800000, 0x0000000702800000|100%| O|  |TAMS 0x0000000702800000| PB 0x0000000702600000| Untracked 
|  20|0x0000000702800000, 0x0000000702a00000, 0x0000000702a00000|100%| O|  |TAMS 0x0000000702a00000| PB 0x0000000702800000| Untracked 
|  21|0x0000000702a00000, 0x0000000702c00000, 0x0000000702c00000|100%| O|  |TAMS 0x0000000702c00000| PB 0x0000000702a00000| Untracked 
|  22|0x0000000702c00000, 0x0000000702e00000, 0x0000000702e00000|100%|HS|  |TAMS 0x0000000702e00000| PB 0x0000000702c00000| Complete 
|  23|0x0000000702e00000, 0x0000000703000000, 0x0000000703000000|100%| O|  |TAMS 0x0000000703000000| PB 0x0000000702e00000| Untracked 
|  24|0x0000000703000000, 0x0000000703200000, 0x0000000703200000|100%| O|  |TAMS 0x0000000703200000| PB 0x0000000703000000| Untracked 
|  25|0x0000000703200000, 0x0000000703400000, 0x0000000703400000|100%| O|  |TAMS 0x0000000703400000| PB 0x0000000703200000| Untracked 
|  26|0x0000000703400000, 0x0000000703600000, 0x0000000703600000|100%| O|  |TAMS 0x0000000703600000| PB 0x0000000703400000| Untracked 
|  27|0x0000000703600000, 0x0000000703800000, 0x0000000703800000|100%| O|  |TAMS 0x0000000703800000| PB 0x0000000703600000| Untracked 
|  28|0x0000000703800000, 0x0000000703a00000, 0x0000000703a00000|100%| O|  |TAMS 0x0000000703a00000| PB 0x0000000703800000| Untracked 
|  29|0x0000000703a00000, 0x0000000703c00000, 0x0000000703c00000|100%| O|  |TAMS 0x0000000703c00000| PB 0x0000000703a00000| Untracked 
|  30|0x0000000703c00000, 0x0000000703e00000, 0x0000000703e00000|100%| O|  |TAMS 0x0000000703e00000| PB 0x0000000703c00000| Untracked 
|  31|0x0000000703e00000, 0x0000000704000000, 0x0000000704000000|100%| O|  |TAMS 0x0000000704000000| PB 0x0000000703e00000| Untracked 
|  32|0x0000000704000000, 0x0000000704200000, 0x0000000704200000|100%| O|  |TAMS 0x0000000704200000| PB 0x0000000704000000| Untracked 
|  33|0x0000000704200000, 0x0000000704400000, 0x0000000704400000|100%| O|  |TAMS 0x0000000704400000| PB 0x0000000704200000| Untracked 
|  34|0x0000000704400000, 0x0000000704600000, 0x0000000704600000|100%| O|  |TAMS 0x0000000704600000| PB 0x0000000704400000| Untracked 
|  35|0x0000000704600000, 0x0000000704600000, 0x0000000704800000|  0%| F|  |TAMS 0x0000000704600000| PB 0x0000000704600000| Untracked 
|  36|0x0000000704800000, 0x0000000704a00000, 0x0000000704a00000|100%| O|  |TAMS 0x0000000704a00000| PB 0x0000000704800000| Untracked 
|  37|0x0000000704a00000, 0x0000000704c00000, 0x0000000704c00000|100%| O|  |TAMS 0x0000000704c00000| PB 0x0000000704a00000| Untracked 
|  38|0x0000000704c00000, 0x0000000704e00000, 0x0000000704e00000|100%| O|  |TAMS 0x0000000704e00000| PB 0x0000000704c00000| Untracked 
|  39|0x0000000704e00000, 0x0000000705000000, 0x0000000705000000|100%| O|  |TAMS 0x0000000705000000| PB 0x0000000704e00000| Untracked 
|  40|0x0000000705000000, 0x0000000705200000, 0x0000000705200000|100%| O|  |TAMS 0x0000000705200000| PB 0x0000000705000000| Untracked 
|  41|0x0000000705200000, 0x0000000705400000, 0x0000000705400000|100%| O|  |TAMS 0x0000000705400000| PB 0x0000000705200000| Untracked 
|  42|0x0000000705400000, 0x0000000705600000, 0x0000000705600000|100%| O|  |TAMS 0x0000000705600000| PB 0x0000000705400000| Untracked 
|  43|0x0000000705600000, 0x0000000705800000, 0x0000000705800000|100%| O|  |TAMS 0x0000000705800000| PB 0x0000000705600000| Untracked 
|  44|0x0000000705800000, 0x0000000705a00000, 0x0000000705a00000|100%| O|  |TAMS 0x0000000705a00000| PB 0x0000000705800000| Untracked 
|  45|0x0000000705a00000, 0x0000000705c00000, 0x0000000705c00000|100%| O|  |TAMS 0x0000000705c00000| PB 0x0000000705a00000| Untracked 
|  46|0x0000000705c00000, 0x0000000705e00000, 0x0000000705e00000|100%| O|  |TAMS 0x0000000705e00000| PB 0x0000000705c00000| Untracked 
|  47|0x0000000705e00000, 0x0000000706000000, 0x0000000706000000|100%| O|  |TAMS 0x0000000706000000| PB 0x0000000705e00000| Untracked 
|  48|0x0000000706000000, 0x0000000706200000, 0x0000000706200000|100%| O|  |TAMS 0x0000000706200000| PB 0x0000000706000000| Untracked 
|  49|0x0000000706200000, 0x0000000706400000, 0x0000000706400000|100%| O|  |TAMS 0x0000000706400000| PB 0x0000000706200000| Untracked 
|  50|0x0000000706400000, 0x0000000706600000, 0x0000000706600000|100%| O|  |TAMS 0x0000000706600000| PB 0x0000000706400000| Untracked 
|  51|0x0000000706600000, 0x0000000706800000, 0x0000000706800000|100%| O|  |TAMS 0x0000000706800000| PB 0x0000000706600000| Untracked 
|  52|0x0000000706800000, 0x0000000706a00000, 0x0000000706a00000|100%| O|  |TAMS 0x0000000706a00000| PB 0x0000000706800000| Untracked 
|  53|0x0000000706a00000, 0x0000000706c00000, 0x0000000706c00000|100%| O|  |TAMS 0x0000000706c00000| PB 0x0000000706a00000| Untracked 
|  54|0x0000000706c00000, 0x0000000706e00000, 0x0000000706e00000|100%|HS|  |TAMS 0x0000000706e00000| PB 0x0000000706c00000| Complete 
|  55|0x0000000706e00000, 0x0000000707000000, 0x0000000707000000|100%| O|  |TAMS 0x0000000707000000| PB 0x0000000706e00000| Untracked 
|  56|0x0000000707000000, 0x0000000707200000, 0x0000000707200000|100%| O|  |TAMS 0x0000000707200000| PB 0x0000000707000000| Untracked 
|  57|0x0000000707200000, 0x0000000707400000, 0x0000000707400000|100%| O|  |TAMS 0x0000000707400000| PB 0x0000000707200000| Untracked 
|  58|0x0000000707400000, 0x0000000707600000, 0x0000000707600000|100%| O|  |TAMS 0x0000000707600000| PB 0x0000000707400000| Untracked 
|  59|0x0000000707600000, 0x0000000707800000, 0x0000000707800000|100%| O|  |TAMS 0x0000000707800000| PB 0x0000000707600000| Untracked 
|  60|0x0000000707800000, 0x0000000707a00000, 0x0000000707a00000|100%| O|  |TAMS 0x0000000707a00000| PB 0x0000000707800000| Untracked 
|  61|0x0000000707a00000, 0x0000000707c00000, 0x0000000707c00000|100%| O|  |TAMS 0x0000000707c00000| PB 0x0000000707a00000| Untracked 
|  62|0x0000000707c00000, 0x0000000707e00000, 0x0000000707e00000|100%| O|  |TAMS 0x0000000707e00000| PB 0x0000000707c00000| Untracked 
|  63|0x0000000707e00000, 0x0000000708000000, 0x0000000708000000|100%| O|  |TAMS 0x0000000708000000| PB 0x0000000707e00000| Untracked 
|  64|0x0000000708000000, 0x0000000708200000, 0x0000000708200000|100%| O|  |TAMS 0x0000000708200000| PB 0x0000000708000000| Untracked 
|  65|0x0000000708200000, 0x0000000708400000, 0x0000000708400000|100%| O|  |TAMS 0x0000000708400000| PB 0x0000000708200000| Untracked 
|  66|0x0000000708400000, 0x0000000708600000, 0x0000000708600000|100%| O|  |TAMS 0x0000000708600000| PB 0x0000000708400000| Untracked 
|  67|0x0000000708600000, 0x0000000708800000, 0x0000000708800000|100%| O|  |TAMS 0x0000000708800000| PB 0x0000000708600000| Untracked 
|  68|0x0000000708800000, 0x0000000708a00000, 0x0000000708a00000|100%| O|  |TAMS 0x0000000708a00000| PB 0x0000000708800000| Untracked 
|  69|0x0000000708a00000, 0x0000000708c00000, 0x0000000708c00000|100%| O|  |TAMS 0x0000000708c00000| PB 0x0000000708a00000| Untracked 
|  70|0x0000000708c00000, 0x0000000708e00000, 0x0000000708e00000|100%| O|  |TAMS 0x0000000708e00000| PB 0x0000000708c00000| Untracked 
|  71|0x0000000708e00000, 0x0000000709000000, 0x0000000709000000|100%| O|  |TAMS 0x0000000709000000| PB 0x0000000708e00000| Untracked 
|  72|0x0000000709000000, 0x0000000709200000, 0x0000000709200000|100%| O|  |TAMS 0x0000000709200000| PB 0x0000000709000000| Untracked 
|  73|0x0000000709200000, 0x0000000709400000, 0x0000000709400000|100%| O|  |TAMS 0x0000000709400000| PB 0x0000000709200000| Untracked 
|  74|0x0000000709400000, 0x0000000709600000, 0x0000000709600000|100%| O|  |TAMS 0x0000000709600000| PB 0x0000000709400000| Untracked 
|  75|0x0000000709600000, 0x0000000709800000, 0x0000000709800000|100%|HS|  |TAMS 0x0000000709800000| PB 0x0000000709600000| Complete 
|  76|0x0000000709800000, 0x0000000709a00000, 0x0000000709a00000|100%|HC|  |TAMS 0x0000000709a00000| PB 0x0000000709800000| Complete 
|  77|0x0000000709a00000, 0x0000000709c00000, 0x0000000709c00000|100%| O|  |TAMS 0x0000000709c00000| PB 0x0000000709a00000| Untracked 
|  78|0x0000000709c00000, 0x0000000709c00000, 0x0000000709e00000|  0%| F|  |TAMS 0x0000000709c00000| PB 0x0000000709c00000| Untracked 
|  79|0x0000000709e00000, 0x000000070a000000, 0x000000070a000000|100%| O|  |TAMS 0x000000070a000000| PB 0x0000000709e00000| Untracked 
|  80|0x000000070a000000, 0x000000070a200000, 0x000000070a200000|100%| O|  |TAMS 0x000000070a200000| PB 0x000000070a000000| Untracked 
|  81|0x000000070a200000, 0x000000070a400000, 0x000000070a400000|100%| O|  |TAMS 0x000000070a400000| PB 0x000000070a200000| Untracked 
|  82|0x000000070a400000, 0x000000070a600000, 0x000000070a600000|100%| O|  |TAMS 0x000000070a600000| PB 0x000000070a400000| Untracked 
|  83|0x000000070a600000, 0x000000070a800000, 0x000000070a800000|100%|HS|  |TAMS 0x000000070a800000| PB 0x000000070a600000| Complete 
|  84|0x000000070a800000, 0x000000070aa00000, 0x000000070aa00000|100%| O|  |TAMS 0x000000070aa00000| PB 0x000000070a800000| Untracked 
|  85|0x000000070aa00000, 0x000000070ac00000, 0x000000070ac00000|100%| O|  |TAMS 0x000000070ac00000| PB 0x000000070aa00000| Untracked 
|  86|0x000000070ac00000, 0x000000070ae00000, 0x000000070ae00000|100%| O|  |TAMS 0x000000070ae00000| PB 0x000000070ac00000| Untracked 
|  87|0x000000070ae00000, 0x000000070b000000, 0x000000070b000000|100%| O|  |TAMS 0x000000070b000000| PB 0x000000070ae00000| Untracked 
|  88|0x000000070b000000, 0x000000070b200000, 0x000000070b200000|100%| O|  |TAMS 0x000000070b200000| PB 0x000000070b000000| Untracked 
|  89|0x000000070b200000, 0x000000070b400000, 0x000000070b400000|100%| O|  |TAMS 0x000000070b400000| PB 0x000000070b200000| Untracked 
|  90|0x000000070b400000, 0x000000070b600000, 0x000000070b600000|100%| O|  |TAMS 0x000000070b600000| PB 0x000000070b400000| Untracked 
|  91|0x000000070b600000, 0x000000070b800000, 0x000000070b800000|100%| O|  |TAMS 0x000000070b800000| PB 0x000000070b600000| Untracked 
|  92|0x000000070b800000, 0x000000070ba00000, 0x000000070ba00000|100%| O|  |TAMS 0x000000070ba00000| PB 0x000000070b800000| Untracked 
|  93|0x000000070ba00000, 0x000000070bc00000, 0x000000070bc00000|100%| O|  |TAMS 0x000000070bc00000| PB 0x000000070ba00000| Untracked 
|  94|0x000000070bc00000, 0x000000070be00000, 0x000000070be00000|100%| O|  |TAMS 0x000000070be00000| PB 0x000000070bc00000| Untracked 
|  95|0x000000070be00000, 0x000000070c000000, 0x000000070c000000|100%| O|  |TAMS 0x000000070c000000| PB 0x000000070be00000| Untracked 
|  96|0x000000070c000000, 0x000000070c200000, 0x000000070c200000|100%| O|  |TAMS 0x000000070c200000| PB 0x000000070c000000| Untracked 
|  97|0x000000070c200000, 0x000000070c400000, 0x000000070c400000|100%| O|  |TAMS 0x000000070c400000| PB 0x000000070c200000| Untracked 
|  98|0x000000070c400000, 0x000000070c600000, 0x000000070c600000|100%| O|  |TAMS 0x000000070c600000| PB 0x000000070c400000| Untracked 
|  99|0x000000070c600000, 0x000000070c800000, 0x000000070c800000|100%|HS|  |TAMS 0x000000070c800000| PB 0x000000070c600000| Complete 
| 100|0x000000070c800000, 0x000000070ca00000, 0x000000070ca00000|100%| O|  |TAMS 0x000000070ca00000| PB 0x000000070c800000| Untracked 
| 101|0x000000070ca00000, 0x000000070cc00000, 0x000000070cc00000|100%| O|  |TAMS 0x000000070cc00000| PB 0x000000070ca00000| Untracked 
| 102|0x000000070cc00000, 0x000000070ce00000, 0x000000070ce00000|100%| O|  |TAMS 0x000000070ce00000| PB 0x000000070cc00000| Untracked 
| 103|0x000000070ce00000, 0x000000070d000000, 0x000000070d000000|100%| O|  |TAMS 0x000000070d000000| PB 0x000000070ce00000| Untracked 
| 104|0x000000070d000000, 0x000000070d200000, 0x000000070d200000|100%| O|  |TAMS 0x000000070d200000| PB 0x000000070d000000| Untracked 
| 105|0x000000070d200000, 0x000000070d400000, 0x000000070d400000|100%| O|  |TAMS 0x000000070d400000| PB 0x000000070d200000| Untracked 
| 106|0x000000070d400000, 0x000000070d600000, 0x000000070d600000|100%| O|  |TAMS 0x000000070d600000| PB 0x000000070d400000| Untracked 
| 107|0x000000070d600000, 0x000000070d800000, 0x000000070d800000|100%| O|  |TAMS 0x000000070d800000| PB 0x000000070d600000| Untracked 
| 108|0x000000070d800000, 0x000000070da00000, 0x000000070da00000|100%| O|  |TAMS 0x000000070da00000| PB 0x000000070d800000| Untracked 
| 109|0x000000070da00000, 0x000000070dc00000, 0x000000070dc00000|100%| O|  |TAMS 0x000000070dc00000| PB 0x000000070da00000| Untracked 
| 110|0x000000070dc00000, 0x000000070de00000, 0x000000070de00000|100%| O|  |TAMS 0x000000070de00000| PB 0x000000070dc00000| Untracked 
| 111|0x000000070de00000, 0x000000070e000000, 0x000000070e000000|100%| O|  |TAMS 0x000000070e000000| PB 0x000000070de00000| Untracked 
| 112|0x000000070e000000, 0x000000070e200000, 0x000000070e200000|100%| O|  |TAMS 0x000000070e200000| PB 0x000000070e000000| Untracked 
| 113|0x000000070e200000, 0x000000070e400000, 0x000000070e400000|100%| O|  |TAMS 0x000000070e400000| PB 0x000000070e200000| Untracked 
| 114|0x000000070e400000, 0x000000070e600000, 0x000000070e600000|100%| O|  |TAMS 0x000000070e600000| PB 0x000000070e400000| Untracked 
| 115|0x000000070e600000, 0x000000070e800000, 0x000000070e800000|100%| O|  |TAMS 0x000000070e800000| PB 0x000000070e600000| Untracked 
| 116|0x000000070e800000, 0x000000070ea00000, 0x000000070ea00000|100%| O|  |TAMS 0x000000070ea00000| PB 0x000000070e800000| Untracked 
| 117|0x000000070ea00000, 0x000000070ec00000, 0x000000070ec00000|100%| O|  |TAMS 0x000000070ec00000| PB 0x000000070ea00000| Untracked 
| 118|0x000000070ec00000, 0x000000070ec00000, 0x000000070ee00000|  0%| F|  |TAMS 0x000000070ec00000| PB 0x000000070ec00000| Untracked 
| 119|0x000000070ee00000, 0x000000070f000000, 0x000000070f000000|100%| O|  |TAMS 0x000000070f000000| PB 0x000000070ee00000| Untracked 
| 120|0x000000070f000000, 0x000000070f200000, 0x000000070f200000|100%| O|  |TAMS 0x000000070f200000| PB 0x000000070f000000| Untracked 
| 121|0x000000070f200000, 0x000000070f400000, 0x000000070f400000|100%| O|  |TAMS 0x000000070f400000| PB 0x000000070f200000| Untracked 
| 122|0x000000070f400000, 0x000000070f600000, 0x000000070f600000|100%| O|  |TAMS 0x000000070f600000| PB 0x000000070f400000| Untracked 
| 123|0x000000070f600000, 0x000000070f800000, 0x000000070f800000|100%| O|  |TAMS 0x000000070f800000| PB 0x000000070f600000| Untracked 
| 124|0x000000070f800000, 0x000000070fa00000, 0x000000070fa00000|100%| O|  |TAMS 0x000000070fa00000| PB 0x000000070f800000| Untracked 
| 125|0x000000070fa00000, 0x000000070fc00000, 0x000000070fc00000|100%| O|  |TAMS 0x000000070fc00000| PB 0x000000070fa00000| Untracked 
| 126|0x000000070fc00000, 0x000000070fe00000, 0x000000070fe00000|100%|HS|  |TAMS 0x000000070fe00000| PB 0x000000070fc00000| Complete 
| 127|0x000000070fe00000, 0x0000000710000000, 0x0000000710000000|100%|HS|  |TAMS 0x0000000710000000| PB 0x000000070fe00000| Complete 
| 128|0x0000000710000000, 0x0000000710200000, 0x0000000710200000|100%|HS|  |TAMS 0x0000000710200000| PB 0x0000000710000000| Complete 
| 129|0x0000000710200000, 0x0000000710400000, 0x0000000710400000|100%| O|  |TAMS 0x0000000710400000| PB 0x0000000710200000| Untracked 
| 130|0x0000000710400000, 0x0000000710600000, 0x0000000710600000|100%| O|  |TAMS 0x0000000710600000| PB 0x0000000710400000| Untracked 
| 131|0x0000000710600000, 0x0000000710800000, 0x0000000710800000|100%| O|  |TAMS 0x0000000710800000| PB 0x0000000710600000| Untracked 
| 132|0x0000000710800000, 0x0000000710a00000, 0x0000000710a00000|100%| O|  |TAMS 0x0000000710a00000| PB 0x0000000710800000| Untracked 
| 133|0x0000000710a00000, 0x0000000710c00000, 0x0000000710c00000|100%| O|  |TAMS 0x0000000710c00000| PB 0x0000000710a00000| Untracked 
| 134|0x0000000710c00000, 0x0000000710e00000, 0x0000000710e00000|100%| O|  |TAMS 0x0000000710e00000| PB 0x0000000710c00000| Untracked 
| 135|0x0000000710e00000, 0x0000000711000000, 0x0000000711000000|100%| O|  |TAMS 0x0000000711000000| PB 0x0000000710e00000| Untracked 
| 136|0x0000000711000000, 0x0000000711200000, 0x0000000711200000|100%| O|  |TAMS 0x0000000711200000| PB 0x0000000711000000| Untracked 
| 137|0x0000000711200000, 0x0000000711400000, 0x0000000711400000|100%|HS|  |TAMS 0x0000000711400000| PB 0x0000000711200000| Complete 
| 138|0x0000000711400000, 0x0000000711600000, 0x0000000711600000|100%|HC|  |TAMS 0x0000000711600000| PB 0x0000000711400000| Complete 
| 139|0x0000000711600000, 0x0000000711800000, 0x0000000711800000|100%|HC|  |TAMS 0x0000000711800000| PB 0x0000000711600000| Complete 
| 140|0x0000000711800000, 0x0000000711a00000, 0x0000000711a00000|100%|HS|  |TAMS 0x0000000711a00000| PB 0x0000000711800000| Complete 
| 141|0x0000000711a00000, 0x0000000711c00000, 0x0000000711c00000|100%|HC|  |TAMS 0x0000000711c00000| PB 0x0000000711a00000| Complete 
| 142|0x0000000711c00000, 0x0000000711e00000, 0x0000000711e00000|100%|HC|  |TAMS 0x0000000711e00000| PB 0x0000000711c00000| Complete 
| 143|0x0000000711e00000, 0x0000000712000000, 0x0000000712000000|100%|HS|  |TAMS 0x0000000712000000| PB 0x0000000711e00000| Complete 
| 144|0x0000000712000000, 0x0000000712200000, 0x0000000712200000|100%|HC|  |TAMS 0x0000000712200000| PB 0x0000000712000000| Complete 
| 145|0x0000000712200000, 0x0000000712400000, 0x0000000712400000|100%|HC|  |TAMS 0x0000000712400000| PB 0x0000000712200000| Complete 
| 146|0x0000000712400000, 0x0000000712600000, 0x0000000712600000|100%| O|  |TAMS 0x0000000712600000| PB 0x0000000712400000| Untracked 
| 147|0x0000000712600000, 0x0000000712800000, 0x0000000712800000|100%| O|  |TAMS 0x0000000712800000| PB 0x0000000712600000| Untracked 
| 148|0x0000000712800000, 0x0000000712a00000, 0x0000000712a00000|100%| O|  |TAMS 0x0000000712a00000| PB 0x0000000712800000| Untracked 
| 149|0x0000000712a00000, 0x0000000712c00000, 0x0000000712c00000|100%| O|  |TAMS 0x0000000712c00000| PB 0x0000000712a00000| Untracked 
| 150|0x0000000712c00000, 0x0000000712e00000, 0x0000000712e00000|100%|HS|  |TAMS 0x0000000712e00000| PB 0x0000000712c00000| Complete 
| 151|0x0000000712e00000, 0x0000000713000000, 0x0000000713000000|100%|HC|  |TAMS 0x0000000713000000| PB 0x0000000712e00000| Complete 
| 152|0x0000000713000000, 0x0000000713200000, 0x0000000713200000|100%| O|  |TAMS 0x0000000713200000| PB 0x0000000713000000| Untracked 
| 153|0x0000000713200000, 0x0000000713400000, 0x0000000713400000|100%| O|  |TAMS 0x0000000713400000| PB 0x0000000713200000| Untracked 
| 154|0x0000000713400000, 0x0000000713600000, 0x0000000713600000|100%|HS|  |TAMS 0x0000000713600000| PB 0x0000000713400000| Complete 
| 155|0x0000000713600000, 0x0000000713800000, 0x0000000713800000|100%|HC|  |TAMS 0x0000000713800000| PB 0x0000000713600000| Complete 
| 156|0x0000000713800000, 0x0000000713a00000, 0x0000000713a00000|100%|HC|  |TAMS 0x0000000713a00000| PB 0x0000000713800000| Complete 
| 157|0x0000000713a00000, 0x0000000713c00000, 0x0000000713c00000|100%|HC|  |TAMS 0x0000000713c00000| PB 0x0000000713a00000| Complete 
| 158|0x0000000713c00000, 0x0000000713e00000, 0x0000000713e00000|100%|HS|  |TAMS 0x0000000713e00000| PB 0x0000000713c00000| Complete 
| 159|0x0000000713e00000, 0x0000000714000000, 0x0000000714000000|100%|HC|  |TAMS 0x0000000714000000| PB 0x0000000713e00000| Complete 
| 160|0x0000000714000000, 0x0000000714200000, 0x0000000714200000|100%| O|  |TAMS 0x0000000714200000| PB 0x0000000714000000| Untracked 
| 161|0x0000000714200000, 0x0000000714400000, 0x0000000714400000|100%| O|  |TAMS 0x0000000714400000| PB 0x0000000714200000| Untracked 
| 162|0x0000000714400000, 0x0000000714600000, 0x0000000714600000|100%| O|  |TAMS 0x0000000714600000| PB 0x0000000714400000| Untracked 
| 163|0x0000000714600000, 0x0000000714800000, 0x0000000714800000|100%| O|  |TAMS 0x0000000714800000| PB 0x0000000714600000| Untracked 
| 164|0x0000000714800000, 0x0000000714a00000, 0x0000000714a00000|100%| O|  |TAMS 0x0000000714a00000| PB 0x0000000714800000| Untracked 
| 165|0x0000000714a00000, 0x0000000714c00000, 0x0000000714c00000|100%| O|  |TAMS 0x0000000714c00000| PB 0x0000000714a00000| Untracked 
| 166|0x0000000714c00000, 0x0000000714e00000, 0x0000000714e00000|100%| O|  |TAMS 0x0000000714e00000| PB 0x0000000714c00000| Untracked 
| 167|0x0000000714e00000, 0x0000000714e00000, 0x0000000715000000|  0%| F|  |TAMS 0x0000000714e00000| PB 0x0000000714e00000| Untracked 
| 168|0x0000000715000000, 0x0000000715200000, 0x0000000715200000|100%|HS|  |TAMS 0x0000000715200000| PB 0x0000000715000000| Complete 
| 169|0x0000000715200000, 0x0000000715400000, 0x0000000715400000|100%|HC|  |TAMS 0x0000000715400000| PB 0x0000000715200000| Complete 
| 170|0x0000000715400000, 0x0000000715600000, 0x0000000715600000|100%|HS|  |TAMS 0x0000000715600000| PB 0x0000000715400000| Complete 
| 171|0x0000000715600000, 0x0000000715800000, 0x0000000715800000|100%|HC|  |TAMS 0x0000000715800000| PB 0x0000000715600000| Complete 
| 172|0x0000000715800000, 0x0000000715a00000, 0x0000000715a00000|100%|HC|  |TAMS 0x0000000715a00000| PB 0x0000000715800000| Complete 
| 173|0x0000000715a00000, 0x0000000715c00000, 0x0000000715c00000|100%|HC|  |TAMS 0x0000000715c00000| PB 0x0000000715a00000| Complete 
| 174|0x0000000715c00000, 0x0000000715e00000, 0x0000000715e00000|100%|HC|  |TAMS 0x0000000715e00000| PB 0x0000000715c00000| Complete 
| 175|0x0000000715e00000, 0x0000000716000000, 0x0000000716000000|100%|HC|  |TAMS 0x0000000716000000| PB 0x0000000715e00000| Complete 
| 176|0x0000000716000000, 0x0000000716200000, 0x0000000716200000|100%|HC|  |TAMS 0x0000000716200000| PB 0x0000000716000000| Complete 
| 177|0x0000000716200000, 0x0000000716400000, 0x0000000716400000|100%|HC|  |TAMS 0x0000000716400000| PB 0x0000000716200000| Complete 
| 178|0x0000000716400000, 0x0000000716600000, 0x0000000716600000|100%|HC|  |TAMS 0x0000000716600000| PB 0x0000000716400000| Complete 
| 179|0x0000000716600000, 0x0000000716800000, 0x0000000716800000|100%|HC|  |TAMS 0x0000000716800000| PB 0x0000000716600000| Complete 
| 180|0x0000000716800000, 0x0000000716a00000, 0x0000000716a00000|100%|HC|  |TAMS 0x0000000716a00000| PB 0x0000000716800000| Complete 
| 181|0x0000000716a00000, 0x0000000716c00000, 0x0000000716c00000|100%|HC|  |TAMS 0x0000000716c00000| PB 0x0000000716a00000| Complete 
| 182|0x0000000716c00000, 0x0000000716e00000, 0x0000000716e00000|100%|HC|  |TAMS 0x0000000716e00000| PB 0x0000000716c00000| Complete 
| 183|0x0000000716e00000, 0x0000000717000000, 0x0000000717000000|100%|HC|  |TAMS 0x0000000717000000| PB 0x0000000716e00000| Complete 
| 184|0x0000000717000000, 0x0000000717200000, 0x0000000717200000|100%|HC|  |TAMS 0x0000000717200000| PB 0x0000000717000000| Complete 
| 185|0x0000000717200000, 0x0000000717200000, 0x0000000717400000|  0%| F|  |TAMS 0x0000000717200000| PB 0x0000000717200000| Untracked 
| 186|0x0000000717400000, 0x0000000717400000, 0x0000000717600000|  0%| F|  |TAMS 0x0000000717400000| PB 0x0000000717400000| Untracked 
| 187|0x0000000717600000, 0x0000000717600000, 0x0000000717800000|  0%| F|  |TAMS 0x0000000717600000| PB 0x0000000717600000| Untracked 
| 188|0x0000000717800000, 0x0000000717a00000, 0x0000000717a00000|100%| O|  |TAMS 0x0000000717a00000| PB 0x0000000717800000| Untracked 
| 189|0x0000000717a00000, 0x0000000717c00000, 0x0000000717c00000|100%| O|  |TAMS 0x0000000717c00000| PB 0x0000000717a00000| Untracked 
| 190|0x0000000717c00000, 0x0000000717e00000, 0x0000000717e00000|100%| O|  |TAMS 0x0000000717e00000| PB 0x0000000717c00000| Untracked 
| 191|0x0000000717e00000, 0x0000000718000000, 0x0000000718000000|100%| O|  |TAMS 0x0000000718000000| PB 0x0000000717e00000| Untracked 
| 192|0x0000000718000000, 0x0000000718200000, 0x0000000718200000|100%|HS|  |TAMS 0x0000000718200000| PB 0x0000000718000000| Complete 
| 193|0x0000000718200000, 0x0000000718400000, 0x0000000718400000|100%|HC|  |TAMS 0x0000000718400000| PB 0x0000000718200000| Complete 
| 194|0x0000000718400000, 0x0000000718600000, 0x0000000718600000|100%|HS|  |TAMS 0x0000000718600000| PB 0x0000000718400000| Complete 
| 195|0x0000000718600000, 0x0000000718800000, 0x0000000718800000|100%| O|  |TAMS 0x0000000718800000| PB 0x0000000718600000| Untracked 
| 196|0x0000000718800000, 0x0000000718a00000, 0x0000000718a00000|100%| O|  |TAMS 0x0000000718a00000| PB 0x0000000718800000| Untracked 
| 197|0x0000000718a00000, 0x0000000718c00000, 0x0000000718c00000|100%|HS|  |TAMS 0x0000000718c00000| PB 0x0000000718a00000| Complete 
| 198|0x0000000718c00000, 0x0000000718e00000, 0x0000000718e00000|100%|HS|  |TAMS 0x0000000718e00000| PB 0x0000000718c00000| Complete 
| 199|0x0000000718e00000, 0x0000000719000000, 0x0000000719000000|100%| O|  |TAMS 0x0000000719000000| PB 0x0000000718e00000| Untracked 
| 200|0x0000000719000000, 0x0000000719200000, 0x0000000719200000|100%| O|  |TAMS 0x0000000719200000| PB 0x0000000719000000| Untracked 
| 201|0x0000000719200000, 0x0000000719400000, 0x0000000719400000|100%| O|  |TAMS 0x0000000719400000| PB 0x0000000719200000| Untracked 
| 202|0x0000000719400000, 0x0000000719600000, 0x0000000719600000|100%| O|  |TAMS 0x0000000719600000| PB 0x0000000719400000| Untracked 
| 203|0x0000000719600000, 0x0000000719800000, 0x0000000719800000|100%| O|  |TAMS 0x0000000719800000| PB 0x0000000719600000| Untracked 
| 204|0x0000000719800000, 0x0000000719a00000, 0x0000000719a00000|100%| O|  |TAMS 0x0000000719a00000| PB 0x0000000719800000| Untracked 
| 205|0x0000000719a00000, 0x0000000719c00000, 0x0000000719c00000|100%| O|  |TAMS 0x0000000719c00000| PB 0x0000000719a00000| Untracked 
| 206|0x0000000719c00000, 0x0000000719e00000, 0x0000000719e00000|100%| O|  |TAMS 0x0000000719e00000| PB 0x0000000719c00000| Untracked 
| 207|0x0000000719e00000, 0x000000071a000000, 0x000000071a000000|100%| O|  |TAMS 0x000000071a000000| PB 0x0000000719e00000| Untracked 
| 208|0x000000071a000000, 0x000000071a200000, 0x000000071a200000|100%| O|  |TAMS 0x000000071a200000| PB 0x000000071a000000| Untracked 
| 209|0x000000071a200000, 0x000000071a400000, 0x000000071a400000|100%| O|  |TAMS 0x000000071a400000| PB 0x000000071a200000| Untracked 
| 210|0x000000071a400000, 0x000000071a600000, 0x000000071a600000|100%| O|  |TAMS 0x000000071a600000| PB 0x000000071a400000| Untracked 
| 211|0x000000071a600000, 0x000000071a800000, 0x000000071a800000|100%| O|  |TAMS 0x000000071a800000| PB 0x000000071a600000| Untracked 
| 212|0x000000071a800000, 0x000000071aa00000, 0x000000071aa00000|100%| O|  |TAMS 0x000000071aa00000| PB 0x000000071a800000| Untracked 
| 213|0x000000071aa00000, 0x000000071ac00000, 0x000000071ac00000|100%| O|  |TAMS 0x000000071ac00000| PB 0x000000071aa00000| Untracked 
| 214|0x000000071ac00000, 0x000000071ae00000, 0x000000071ae00000|100%| O|  |TAMS 0x000000071ae00000| PB 0x000000071ac00000| Untracked 
| 215|0x000000071ae00000, 0x000000071b000000, 0x000000071b000000|100%| O|  |TAMS 0x000000071b000000| PB 0x000000071ae00000| Untracked 
| 216|0x000000071b000000, 0x000000071b200000, 0x000000071b200000|100%| O|  |TAMS 0x000000071b200000| PB 0x000000071b000000| Untracked 
| 217|0x000000071b200000, 0x000000071b400000, 0x000000071b400000|100%| O|  |TAMS 0x000000071b400000| PB 0x000000071b200000| Untracked 
| 218|0x000000071b400000, 0x000000071b600000, 0x000000071b600000|100%|HS|  |TAMS 0x000000071b600000| PB 0x000000071b400000| Complete 
| 219|0x000000071b600000, 0x000000071b800000, 0x000000071b800000|100%|HC|  |TAMS 0x000000071b800000| PB 0x000000071b600000| Complete 
| 220|0x000000071b800000, 0x000000071ba00000, 0x000000071ba00000|100%| O|  |TAMS 0x000000071ba00000| PB 0x000000071b800000| Untracked 
| 221|0x000000071ba00000, 0x000000071bc00000, 0x000000071bc00000|100%| O|  |TAMS 0x000000071bc00000| PB 0x000000071ba00000| Untracked 
| 222|0x000000071bc00000, 0x000000071be00000, 0x000000071be00000|100%| O|  |TAMS 0x000000071be00000| PB 0x000000071bc00000| Untracked 
| 223|0x000000071be00000, 0x000000071c000000, 0x000000071c000000|100%| O|  |TAMS 0x000000071c000000| PB 0x000000071be00000| Untracked 
| 224|0x000000071c000000, 0x000000071c200000, 0x000000071c200000|100%| O|  |TAMS 0x000000071c200000| PB 0x000000071c000000| Untracked 
| 225|0x000000071c200000, 0x000000071c400000, 0x000000071c400000|100%|HS|  |TAMS 0x000000071c400000| PB 0x000000071c200000| Complete 
| 226|0x000000071c400000, 0x000000071c600000, 0x000000071c600000|100%|HS|  |TAMS 0x000000071c600000| PB 0x000000071c400000| Complete 
| 227|0x000000071c600000, 0x000000071c800000, 0x000000071c800000|100%|HS|  |TAMS 0x000000071c800000| PB 0x000000071c600000| Complete 
| 228|0x000000071c800000, 0x000000071ca00000, 0x000000071ca00000|100%|HS|  |TAMS 0x000000071ca00000| PB 0x000000071c800000| Complete 
| 229|0x000000071ca00000, 0x000000071cc00000, 0x000000071cc00000|100%|HS|  |TAMS 0x000000071cc00000| PB 0x000000071ca00000| Complete 
| 230|0x000000071cc00000, 0x000000071ce00000, 0x000000071ce00000|100%|HC|  |TAMS 0x000000071ce00000| PB 0x000000071cc00000| Complete 
| 231|0x000000071ce00000, 0x000000071d000000, 0x000000071d000000|100%| O|  |TAMS 0x000000071d000000| PB 0x000000071ce00000| Untracked 
| 232|0x000000071d000000, 0x000000071d200000, 0x000000071d200000|100%| O|  |TAMS 0x000000071d200000| PB 0x000000071d000000| Untracked 
| 233|0x000000071d200000, 0x000000071d400000, 0x000000071d400000|100%| O|  |TAMS 0x000000071d400000| PB 0x000000071d200000| Untracked 
| 234|0x000000071d400000, 0x000000071d600000, 0x000000071d600000|100%|HS|  |TAMS 0x000000071d600000| PB 0x000000071d400000| Complete 
| 235|0x000000071d600000, 0x000000071d800000, 0x000000071d800000|100%| O|  |TAMS 0x000000071d800000| PB 0x000000071d600000| Untracked 
| 236|0x000000071d800000, 0x000000071da00000, 0x000000071da00000|100%| O|  |TAMS 0x000000071da00000| PB 0x000000071d800000| Untracked 
| 237|0x000000071da00000, 0x000000071dc00000, 0x000000071dc00000|100%|HS|  |TAMS 0x000000071dc00000| PB 0x000000071da00000| Complete 
| 238|0x000000071dc00000, 0x000000071de00000, 0x000000071de00000|100%| O|  |TAMS 0x000000071de00000| PB 0x000000071dc00000| Untracked 
| 239|0x000000071de00000, 0x000000071e000000, 0x000000071e000000|100%|HS|  |TAMS 0x000000071e000000| PB 0x000000071de00000| Complete 
| 240|0x000000071e000000, 0x000000071e200000, 0x000000071e200000|100%| O|  |TAMS 0x000000071e200000| PB 0x000000071e000000| Untracked 
| 241|0x000000071e200000, 0x000000071e200000, 0x000000071e400000|  0%| F|  |TAMS 0x000000071e200000| PB 0x000000071e200000| Untracked 
| 242|0x000000071e400000, 0x000000071e400000, 0x000000071e600000|  0%| F|  |TAMS 0x000000071e400000| PB 0x000000071e400000| Untracked 
| 243|0x000000071e600000, 0x000000071e600000, 0x000000071e800000|  0%| F|  |TAMS 0x000000071e600000| PB 0x000000071e600000| Untracked 
| 244|0x000000071e800000, 0x000000071ea00000, 0x000000071ea00000|100%| O|  |TAMS 0x000000071ea00000| PB 0x000000071e800000| Untracked 
| 245|0x000000071ea00000, 0x000000071ec00000, 0x000000071ec00000|100%| O|  |TAMS 0x000000071ec00000| PB 0x000000071ea00000| Untracked 
| 246|0x000000071ec00000, 0x000000071ee00000, 0x000000071ee00000|100%| O|  |TAMS 0x000000071ee00000| PB 0x000000071ec00000| Untracked 
| 247|0x000000071ee00000, 0x000000071f000000, 0x000000071f000000|100%| O|  |TAMS 0x000000071f000000| PB 0x000000071ee00000| Untracked 
| 248|0x000000071f000000, 0x000000071f200000, 0x000000071f200000|100%| O|  |TAMS 0x000000071f200000| PB 0x000000071f000000| Untracked 
| 249|0x000000071f200000, 0x000000071f400000, 0x000000071f400000|100%|HS|  |TAMS 0x000000071f400000| PB 0x000000071f200000| Complete 
| 250|0x000000071f400000, 0x000000071f600000, 0x000000071f600000|100%|HS|  |TAMS 0x000000071f600000| PB 0x000000071f400000| Complete 
| 251|0x000000071f600000, 0x000000071f800000, 0x000000071f800000|100%|HC|  |TAMS 0x000000071f800000| PB 0x000000071f600000| Complete 
| 252|0x000000071f800000, 0x000000071fa00000, 0x000000071fa00000|100%|HS|  |TAMS 0x000000071fa00000| PB 0x000000071f800000| Complete 
| 253|0x000000071fa00000, 0x000000071fc00000, 0x000000071fc00000|100%|HC|  |TAMS 0x000000071fc00000| PB 0x000000071fa00000| Complete 
| 254|0x000000071fc00000, 0x000000071fe00000, 0x000000071fe00000|100%|HS|  |TAMS 0x000000071fe00000| PB 0x000000071fc00000| Complete 
| 255|0x000000071fe00000, 0x0000000720000000, 0x0000000720000000|100%| O|  |TAMS 0x0000000720000000| PB 0x000000071fe00000| Untracked 
| 256|0x0000000720000000, 0x0000000720200000, 0x0000000720200000|100%| O|  |TAMS 0x0000000720200000| PB 0x0000000720000000| Untracked 
| 257|0x0000000720200000, 0x0000000720400000, 0x0000000720400000|100%| O|  |TAMS 0x0000000720400000| PB 0x0000000720200000| Untracked 
| 258|0x0000000720400000, 0x0000000720600000, 0x0000000720600000|100%| O|  |TAMS 0x0000000720600000| PB 0x0000000720400000| Untracked 
| 259|0x0000000720600000, 0x0000000720800000, 0x0000000720800000|100%| O|  |TAMS 0x0000000720800000| PB 0x0000000720600000| Untracked 
| 260|0x0000000720800000, 0x0000000720a00000, 0x0000000720a00000|100%| O|  |TAMS 0x0000000720a00000| PB 0x0000000720800000| Untracked 
| 261|0x0000000720a00000, 0x0000000720c00000, 0x0000000720c00000|100%| O|  |TAMS 0x0000000720c00000| PB 0x0000000720a00000| Untracked 
| 262|0x0000000720c00000, 0x0000000720e00000, 0x0000000720e00000|100%| O|  |TAMS 0x0000000720e00000| PB 0x0000000720c00000| Untracked 
| 263|0x0000000720e00000, 0x0000000721000000, 0x0000000721000000|100%| O|  |TAMS 0x0000000721000000| PB 0x0000000720e00000| Untracked 
| 264|0x0000000721000000, 0x0000000721200000, 0x0000000721200000|100%| O|  |TAMS 0x0000000721200000| PB 0x0000000721000000| Untracked 
| 265|0x0000000721200000, 0x0000000721400000, 0x0000000721400000|100%| O|  |TAMS 0x0000000721400000| PB 0x0000000721200000| Untracked 
| 266|0x0000000721400000, 0x0000000721600000, 0x0000000721600000|100%| O|  |TAMS 0x0000000721600000| PB 0x0000000721400000| Untracked 
| 267|0x0000000721600000, 0x0000000721800000, 0x0000000721800000|100%| O|  |TAMS 0x0000000721800000| PB 0x0000000721600000| Untracked 
| 268|0x0000000721800000, 0x0000000721a00000, 0x0000000721a00000|100%| O|  |TAMS 0x0000000721a00000| PB 0x0000000721800000| Untracked 
| 269|0x0000000721a00000, 0x0000000721c00000, 0x0000000721c00000|100%| O|  |TAMS 0x0000000721c00000| PB 0x0000000721a00000| Untracked 
| 270|0x0000000721c00000, 0x0000000721e00000, 0x0000000721e00000|100%| O|  |TAMS 0x0000000721e00000| PB 0x0000000721c00000| Untracked 
| 271|0x0000000721e00000, 0x0000000722000000, 0x0000000722000000|100%| O|  |TAMS 0x0000000722000000| PB 0x0000000721e00000| Untracked 
| 272|0x0000000722000000, 0x0000000722200000, 0x0000000722200000|100%| O|  |TAMS 0x0000000722200000| PB 0x0000000722000000| Untracked 
| 273|0x0000000722200000, 0x0000000722400000, 0x0000000722400000|100%| O|  |TAMS 0x0000000722400000| PB 0x0000000722200000| Untracked 
| 274|0x0000000722400000, 0x0000000722600000, 0x0000000722600000|100%| O|  |TAMS 0x0000000722600000| PB 0x0000000722400000| Untracked 
| 275|0x0000000722600000, 0x0000000722800000, 0x0000000722800000|100%| O|  |TAMS 0x0000000722800000| PB 0x0000000722600000| Untracked 
| 276|0x0000000722800000, 0x0000000722a00000, 0x0000000722a00000|100%| O|  |TAMS 0x0000000722a00000| PB 0x0000000722800000| Untracked 
| 277|0x0000000722a00000, 0x0000000722c00000, 0x0000000722c00000|100%| O|  |TAMS 0x0000000722c00000| PB 0x0000000722a00000| Untracked 
| 278|0x0000000722c00000, 0x0000000722e00000, 0x0000000722e00000|100%| O|  |TAMS 0x0000000722e00000| PB 0x0000000722c00000| Untracked 
| 279|0x0000000722e00000, 0x0000000723000000, 0x0000000723000000|100%| O|  |TAMS 0x0000000723000000| PB 0x0000000722e00000| Untracked 
| 280|0x0000000723000000, 0x0000000723200000, 0x0000000723200000|100%| O|  |TAMS 0x0000000723200000| PB 0x0000000723000000| Untracked 
| 281|0x0000000723200000, 0x0000000723400000, 0x0000000723400000|100%| O|  |TAMS 0x0000000723400000| PB 0x0000000723200000| Untracked 
| 282|0x0000000723400000, 0x0000000723600000, 0x0000000723600000|100%| O|  |TAMS 0x0000000723600000| PB 0x0000000723400000| Untracked 
| 283|0x0000000723600000, 0x0000000723800000, 0x0000000723800000|100%| O|  |TAMS 0x0000000723800000| PB 0x0000000723600000| Untracked 
| 284|0x0000000723800000, 0x0000000723a00000, 0x0000000723a00000|100%| O|  |TAMS 0x0000000723a00000| PB 0x0000000723800000| Untracked 
| 285|0x0000000723a00000, 0x0000000723c00000, 0x0000000723c00000|100%| O|  |TAMS 0x0000000723c00000| PB 0x0000000723a00000| Untracked 
| 286|0x0000000723c00000, 0x0000000723e00000, 0x0000000723e00000|100%| O|  |TAMS 0x0000000723e00000| PB 0x0000000723c00000| Untracked 
| 287|0x0000000723e00000, 0x0000000724000000, 0x0000000724000000|100%| O|  |TAMS 0x0000000724000000| PB 0x0000000723e00000| Untracked 
| 288|0x0000000724000000, 0x0000000724200000, 0x0000000724200000|100%| O|  |TAMS 0x0000000724200000| PB 0x0000000724000000| Untracked 
| 289|0x0000000724200000, 0x0000000724400000, 0x0000000724400000|100%| O|  |TAMS 0x0000000724400000| PB 0x0000000724200000| Untracked 
| 290|0x0000000724400000, 0x0000000724600000, 0x0000000724600000|100%| O|  |TAMS 0x0000000724600000| PB 0x0000000724400000| Untracked 
| 291|0x0000000724600000, 0x0000000724800000, 0x0000000724800000|100%| O|  |TAMS 0x0000000724800000| PB 0x0000000724600000| Untracked 
| 292|0x0000000724800000, 0x0000000724a00000, 0x0000000724a00000|100%| O|  |TAMS 0x0000000724a00000| PB 0x0000000724800000| Untracked 
| 293|0x0000000724a00000, 0x0000000724c00000, 0x0000000724c00000|100%| O|  |TAMS 0x0000000724c00000| PB 0x0000000724a00000| Untracked 
| 294|0x0000000724c00000, 0x0000000724e00000, 0x0000000724e00000|100%| O|  |TAMS 0x0000000724e00000| PB 0x0000000724c00000| Untracked 
| 295|0x0000000724e00000, 0x0000000725000000, 0x0000000725000000|100%| O|  |TAMS 0x0000000725000000| PB 0x0000000724e00000| Untracked 
| 296|0x0000000725000000, 0x0000000725000000, 0x0000000725200000|  0%| F|  |TAMS 0x0000000725000000| PB 0x0000000725000000| Untracked 
| 297|0x0000000725200000, 0x0000000725400000, 0x0000000725400000|100%| O|  |TAMS 0x0000000725400000| PB 0x0000000725200000| Untracked 
| 298|0x0000000725400000, 0x0000000725600000, 0x0000000725600000|100%| O|  |TAMS 0x0000000725600000| PB 0x0000000725400000| Untracked 
| 299|0x0000000725600000, 0x0000000725800000, 0x0000000725800000|100%| O|  |TAMS 0x0000000725800000| PB 0x0000000725600000| Untracked 
| 300|0x0000000725800000, 0x0000000725a00000, 0x0000000725a00000|100%| O|  |TAMS 0x0000000725a00000| PB 0x0000000725800000| Untracked 
| 301|0x0000000725a00000, 0x0000000725a00000, 0x0000000725c00000|  0%| F|  |TAMS 0x0000000725a00000| PB 0x0000000725a00000| Untracked 
| 302|0x0000000725c00000, 0x0000000725c00000, 0x0000000725e00000|  0%| F|  |TAMS 0x0000000725c00000| PB 0x0000000725c00000| Untracked 
| 303|0x0000000725e00000, 0x0000000726000000, 0x0000000726000000|100%|HS|  |TAMS 0x0000000726000000| PB 0x0000000725e00000| Complete 
| 304|0x0000000726000000, 0x0000000726200000, 0x0000000726200000|100%|HS|  |TAMS 0x0000000726200000| PB 0x0000000726000000| Complete 
| 305|0x0000000726200000, 0x0000000726400000, 0x0000000726400000|100%| O|  |TAMS 0x0000000726400000| PB 0x0000000726200000| Untracked 
| 306|0x0000000726400000, 0x0000000726600000, 0x0000000726600000|100%| O|  |TAMS 0x0000000726600000| PB 0x0000000726400000| Untracked 
| 307|0x0000000726600000, 0x0000000726800000, 0x0000000726800000|100%| O|  |TAMS 0x0000000726800000| PB 0x0000000726600000| Untracked 
| 308|0x0000000726800000, 0x0000000726a00000, 0x0000000726a00000|100%| O|  |TAMS 0x0000000726a00000| PB 0x0000000726800000| Untracked 
| 309|0x0000000726a00000, 0x0000000726c00000, 0x0000000726c00000|100%| O|  |TAMS 0x0000000726c00000| PB 0x0000000726a00000| Untracked 
| 310|0x0000000726c00000, 0x0000000726e00000, 0x0000000726e00000|100%| O|  |TAMS 0x0000000726e00000| PB 0x0000000726c00000| Untracked 
| 311|0x0000000726e00000, 0x0000000727000000, 0x0000000727000000|100%| O|  |TAMS 0x0000000727000000| PB 0x0000000726e00000| Untracked 
| 312|0x0000000727000000, 0x0000000727200000, 0x0000000727200000|100%| O|  |TAMS 0x0000000727200000| PB 0x0000000727000000| Untracked 
| 313|0x0000000727200000, 0x0000000727400000, 0x0000000727400000|100%| O|  |TAMS 0x0000000727400000| PB 0x0000000727200000| Untracked 
| 314|0x0000000727400000, 0x0000000727600000, 0x0000000727600000|100%| O|  |TAMS 0x0000000727600000| PB 0x0000000727400000| Untracked 
| 315|0x0000000727600000, 0x0000000727800000, 0x0000000727800000|100%| O|  |TAMS 0x0000000727800000| PB 0x0000000727600000| Untracked 
| 316|0x0000000727800000, 0x0000000727a00000, 0x0000000727a00000|100%| O|  |TAMS 0x0000000727a00000| PB 0x0000000727800000| Untracked 
| 317|0x0000000727a00000, 0x0000000727c00000, 0x0000000727c00000|100%| O|  |TAMS 0x0000000727c00000| PB 0x0000000727a00000| Untracked 
| 318|0x0000000727c00000, 0x0000000727c00000, 0x0000000727e00000|  0%| F|  |TAMS 0x0000000727c00000| PB 0x0000000727c00000| Untracked 
| 319|0x0000000727e00000, 0x0000000728000000, 0x0000000728000000|100%| O|  |TAMS 0x0000000728000000| PB 0x0000000727e00000| Untracked 
| 320|0x0000000728000000, 0x0000000728200000, 0x0000000728200000|100%| O|  |TAMS 0x0000000728200000| PB 0x0000000728000000| Untracked 
| 321|0x0000000728200000, 0x0000000728400000, 0x0000000728400000|100%| O|  |TAMS 0x0000000728400000| PB 0x0000000728200000| Untracked 
| 322|0x0000000728400000, 0x0000000728600000, 0x0000000728600000|100%| O|  |TAMS 0x0000000728600000| PB 0x0000000728400000| Untracked 
| 323|0x0000000728600000, 0x0000000728800000, 0x0000000728800000|100%| O|  |TAMS 0x0000000728800000| PB 0x0000000728600000| Untracked 
| 324|0x0000000728800000, 0x0000000728a00000, 0x0000000728a00000|100%| O|  |TAMS 0x0000000728a00000| PB 0x0000000728800000| Untracked 
| 325|0x0000000728a00000, 0x0000000728c00000, 0x0000000728c00000|100%| O|  |TAMS 0x0000000728c00000| PB 0x0000000728a00000| Untracked 
| 326|0x0000000728c00000, 0x0000000728c00000, 0x0000000728e00000|  0%| F|  |TAMS 0x0000000728c00000| PB 0x0000000728c00000| Untracked 
| 327|0x0000000728e00000, 0x0000000729000000, 0x0000000729000000|100%| O|  |TAMS 0x0000000729000000| PB 0x0000000728e00000| Untracked 
| 328|0x0000000729000000, 0x0000000729000000, 0x0000000729200000|  0%| F|  |TAMS 0x0000000729000000| PB 0x0000000729000000| Untracked 
| 329|0x0000000729200000, 0x0000000729200000, 0x0000000729400000|  0%| F|  |TAMS 0x0000000729200000| PB 0x0000000729200000| Untracked 
| 330|0x0000000729400000, 0x0000000729600000, 0x0000000729600000|100%| O|  |TAMS 0x0000000729600000| PB 0x0000000729400000| Untracked 
| 331|0x0000000729600000, 0x0000000729800000, 0x0000000729800000|100%| O|  |TAMS 0x0000000729800000| PB 0x0000000729600000| Untracked 
| 332|0x0000000729800000, 0x0000000729a00000, 0x0000000729a00000|100%| O|  |TAMS 0x0000000729a00000| PB 0x0000000729800000| Untracked 
| 333|0x0000000729a00000, 0x0000000729c00000, 0x0000000729c00000|100%| O|  |TAMS 0x0000000729c00000| PB 0x0000000729a00000| Untracked 
| 334|0x0000000729c00000, 0x0000000729e00000, 0x0000000729e00000|100%| O|  |TAMS 0x0000000729e00000| PB 0x0000000729c00000| Untracked 
| 335|0x0000000729e00000, 0x000000072a000000, 0x000000072a000000|100%| O|  |TAMS 0x000000072a000000| PB 0x0000000729e00000| Untracked 
| 336|0x000000072a000000, 0x000000072a000000, 0x000000072a200000|  0%| F|  |TAMS 0x000000072a000000| PB 0x000000072a000000| Untracked 
| 337|0x000000072a200000, 0x000000072a200000, 0x000000072a400000|  0%| F|  |TAMS 0x000000072a200000| PB 0x000000072a200000| Untracked 
| 338|0x000000072a400000, 0x000000072a400000, 0x000000072a600000|  0%| F|  |TAMS 0x000000072a400000| PB 0x000000072a400000| Untracked 
| 339|0x000000072a600000, 0x000000072a600000, 0x000000072a800000|  0%| F|  |TAMS 0x000000072a600000| PB 0x000000072a600000| Untracked 
| 340|0x000000072a800000, 0x000000072a800000, 0x000000072aa00000|  0%| F|  |TAMS 0x000000072a800000| PB 0x000000072a800000| Untracked 
| 341|0x000000072aa00000, 0x000000072aa00000, 0x000000072ac00000|  0%| F|  |TAMS 0x000000072aa00000| PB 0x000000072aa00000| Untracked 
| 342|0x000000072ac00000, 0x000000072ac00000, 0x000000072ae00000|  0%| F|  |TAMS 0x000000072ac00000| PB 0x000000072ac00000| Untracked 
| 343|0x000000072ae00000, 0x000000072ae00000, 0x000000072b000000|  0%| F|  |TAMS 0x000000072ae00000| PB 0x000000072ae00000| Untracked 
| 344|0x000000072b000000, 0x000000072b200000, 0x000000072b200000|100%|HS|  |TAMS 0x000000072b200000| PB 0x000000072b000000| Complete 
| 345|0x000000072b200000, 0x000000072b400000, 0x000000072b400000|100%|HC|  |TAMS 0x000000072b400000| PB 0x000000072b200000| Complete 
| 346|0x000000072b400000, 0x000000072b600000, 0x000000072b600000|100%|HS|  |TAMS 0x000000072b600000| PB 0x000000072b400000| Complete 
| 347|0x000000072b600000, 0x000000072b800000, 0x000000072b800000|100%|HC|  |TAMS 0x000000072b800000| PB 0x000000072b600000| Complete 
| 348|0x000000072b800000, 0x000000072ba00000, 0x000000072ba00000|100%|HC|  |TAMS 0x000000072ba00000| PB 0x000000072b800000| Complete 
| 349|0x000000072ba00000, 0x000000072bc00000, 0x000000072bc00000|100%|HC|  |TAMS 0x000000072bc00000| PB 0x000000072ba00000| Complete 
| 350|0x000000072bc00000, 0x000000072be00000, 0x000000072be00000|100%|HC|  |TAMS 0x000000072be00000| PB 0x000000072bc00000| Complete 
| 351|0x000000072be00000, 0x000000072c000000, 0x000000072c000000|100%|HC|  |TAMS 0x000000072c000000| PB 0x000000072be00000| Complete 
| 352|0x000000072c000000, 0x000000072c200000, 0x000000072c200000|100%|HC|  |TAMS 0x000000072c200000| PB 0x000000072c000000| Complete 
| 353|0x000000072c200000, 0x000000072c400000, 0x000000072c400000|100%|HS|  |TAMS 0x000000072c400000| PB 0x000000072c200000| Complete 
| 354|0x000000072c400000, 0x000000072c600000, 0x000000072c600000|100%|HC|  |TAMS 0x000000072c600000| PB 0x000000072c400000| Complete 
| 355|0x000000072c600000, 0x000000072c800000, 0x000000072c800000|100%|HC|  |TAMS 0x000000072c800000| PB 0x000000072c600000| Complete 
| 356|0x000000072c800000, 0x000000072ca00000, 0x000000072ca00000|100%|HC|  |TAMS 0x000000072ca00000| PB 0x000000072c800000| Complete 
| 357|0x000000072ca00000, 0x000000072cc00000, 0x000000072cc00000|100%|HC|  |TAMS 0x000000072cc00000| PB 0x000000072ca00000| Complete 
| 358|0x000000072cc00000, 0x000000072ce00000, 0x000000072ce00000|100%|HC|  |TAMS 0x000000072ce00000| PB 0x000000072cc00000| Complete 
| 359|0x000000072ce00000, 0x000000072d000000, 0x000000072d000000|100%|HC|  |TAMS 0x000000072d000000| PB 0x000000072ce00000| Complete 
| 360|0x000000072d000000, 0x000000072d200000, 0x000000072d200000|100%|HC|  |TAMS 0x000000072d200000| PB 0x000000072d000000| Complete 
| 361|0x000000072d200000, 0x000000072d400000, 0x000000072d400000|100%|HC|  |TAMS 0x000000072d400000| PB 0x000000072d200000| Complete 
| 362|0x000000072d400000, 0x000000072d600000, 0x000000072d600000|100%|HC|  |TAMS 0x000000072d600000| PB 0x000000072d400000| Complete 
| 363|0x000000072d600000, 0x000000072d800000, 0x000000072d800000|100%|HC|  |TAMS 0x000000072d800000| PB 0x000000072d600000| Complete 
| 364|0x000000072d800000, 0x000000072da00000, 0x000000072da00000|100%|HC|  |TAMS 0x000000072da00000| PB 0x000000072d800000| Complete 
| 365|0x000000072da00000, 0x000000072dc00000, 0x000000072dc00000|100%|HC|  |TAMS 0x000000072dc00000| PB 0x000000072da00000| Complete 
| 366|0x000000072dc00000, 0x000000072de00000, 0x000000072de00000|100%|HC|  |TAMS 0x000000072de00000| PB 0x000000072dc00000| Complete 
| 367|0x000000072de00000, 0x000000072e000000, 0x000000072e000000|100%|HC|  |TAMS 0x000000072e000000| PB 0x000000072de00000| Complete 
| 368|0x000000072e000000, 0x000000072e200000, 0x000000072e200000|100%|HC|  |TAMS 0x000000072e200000| PB 0x000000072e000000| Complete 
| 369|0x000000072e200000, 0x000000072e400000, 0x000000072e400000|100%|HC|  |TAMS 0x000000072e400000| PB 0x000000072e200000| Complete 
| 370|0x000000072e400000, 0x000000072e600000, 0x000000072e600000|100%| O|  |TAMS 0x000000072e600000| PB 0x000000072e400000| Untracked 
| 371|0x000000072e600000, 0x000000072e800000, 0x000000072e800000|100%| O|  |TAMS 0x000000072e800000| PB 0x000000072e600000| Untracked 
| 372|0x000000072e800000, 0x000000072ea00000, 0x000000072ea00000|100%| O|  |TAMS 0x000000072ea00000| PB 0x000000072e800000| Untracked 
| 373|0x000000072ea00000, 0x000000072ec00000, 0x000000072ec00000|100%| O|  |TAMS 0x000000072ec00000| PB 0x000000072ea00000| Untracked 
| 374|0x000000072ec00000, 0x000000072ee00000, 0x000000072ee00000|100%| O|  |TAMS 0x000000072ee00000| PB 0x000000072ec00000| Untracked 
| 375|0x000000072ee00000, 0x000000072f000000, 0x000000072f000000|100%| O|  |TAMS 0x000000072f000000| PB 0x000000072ee00000| Untracked 
| 376|0x000000072f000000, 0x000000072f200000, 0x000000072f200000|100%| O|  |TAMS 0x000000072f200000| PB 0x000000072f000000| Untracked 
| 377|0x000000072f200000, 0x000000072f400000, 0x000000072f400000|100%| O|  |TAMS 0x000000072f400000| PB 0x000000072f200000| Untracked 
| 378|0x000000072f400000, 0x000000072f600000, 0x000000072f600000|100%| O|  |TAMS 0x000000072f600000| PB 0x000000072f400000| Untracked 
| 379|0x000000072f600000, 0x000000072f800000, 0x000000072f800000|100%| O|  |TAMS 0x000000072f800000| PB 0x000000072f600000| Untracked 
| 380|0x000000072f800000, 0x000000072fa00000, 0x000000072fa00000|100%| O|  |TAMS 0x000000072fa00000| PB 0x000000072f800000| Untracked 
| 381|0x000000072fa00000, 0x000000072fc00000, 0x000000072fc00000|100%| O|  |TAMS 0x000000072fc00000| PB 0x000000072fa00000| Untracked 
| 382|0x000000072fc00000, 0x000000072fe00000, 0x000000072fe00000|100%| O|  |TAMS 0x000000072fe00000| PB 0x000000072fc00000| Untracked 
| 383|0x000000072fe00000, 0x0000000730000000, 0x0000000730000000|100%| O|  |TAMS 0x0000000730000000| PB 0x000000072fe00000| Untracked 
| 384|0x0000000730000000, 0x0000000730200000, 0x0000000730200000|100%| O|  |TAMS 0x0000000730200000| PB 0x0000000730000000| Untracked 
| 385|0x0000000730200000, 0x0000000730400000, 0x0000000730400000|100%| O|  |TAMS 0x0000000730400000| PB 0x0000000730200000| Untracked 
| 386|0x0000000730400000, 0x0000000730600000, 0x0000000730600000|100%| O|  |TAMS 0x0000000730600000| PB 0x0000000730400000| Untracked 
| 387|0x0000000730600000, 0x0000000730800000, 0x0000000730800000|100%| O|  |TAMS 0x0000000730800000| PB 0x0000000730600000| Untracked 
| 388|0x0000000730800000, 0x0000000730a00000, 0x0000000730a00000|100%| O|  |TAMS 0x0000000730a00000| PB 0x0000000730800000| Untracked 
| 389|0x0000000730a00000, 0x0000000730c00000, 0x0000000730c00000|100%| O|  |TAMS 0x0000000730c00000| PB 0x0000000730a00000| Untracked 
| 390|0x0000000730c00000, 0x0000000730e00000, 0x0000000730e00000|100%| O|  |TAMS 0x0000000730e00000| PB 0x0000000730c00000| Untracked 
| 391|0x0000000730e00000, 0x0000000731000000, 0x0000000731000000|100%| O|  |TAMS 0x0000000731000000| PB 0x0000000730e00000| Untracked 
| 392|0x0000000731000000, 0x0000000731200000, 0x0000000731200000|100%| O|  |TAMS 0x0000000731200000| PB 0x0000000731000000| Untracked 
| 393|0x0000000731200000, 0x0000000731400000, 0x0000000731400000|100%| O|  |TAMS 0x0000000731400000| PB 0x0000000731200000| Untracked 
| 394|0x0000000731400000, 0x0000000731600000, 0x0000000731600000|100%| O|  |TAMS 0x0000000731600000| PB 0x0000000731400000| Untracked 
| 395|0x0000000731600000, 0x0000000731800000, 0x0000000731800000|100%| O|  |TAMS 0x0000000731800000| PB 0x0000000731600000| Untracked 
| 396|0x0000000731800000, 0x0000000731a00000, 0x0000000731a00000|100%| O|  |TAMS 0x0000000731a00000| PB 0x0000000731800000| Untracked 
| 397|0x0000000731a00000, 0x0000000731a80018, 0x0000000731c00000| 25%| O|  |TAMS 0x0000000731a80018| PB 0x0000000731a00000| Untracked 
| 398|0x0000000731c00000, 0x0000000731c00000, 0x0000000731e00000|  0%| F|  |TAMS 0x0000000731c00000| PB 0x0000000731c00000| Untracked 
| 399|0x0000000731e00000, 0x0000000731e00000, 0x0000000732000000|  0%| F|  |TAMS 0x0000000731e00000| PB 0x0000000731e00000| Untracked 
| 400|0x0000000732000000, 0x0000000732000000, 0x0000000732200000|  0%| F|  |TAMS 0x0000000732000000| PB 0x0000000732000000| Untracked 
| 401|0x0000000732200000, 0x0000000732200000, 0x0000000732400000|  0%| F|  |TAMS 0x0000000732200000| PB 0x0000000732200000| Untracked 
| 402|0x0000000732400000, 0x0000000732400000, 0x0000000732600000|  0%| F|  |TAMS 0x0000000732400000| PB 0x0000000732400000| Untracked 
| 403|0x0000000732600000, 0x0000000732600000, 0x0000000732800000|  0%| F|  |TAMS 0x0000000732600000| PB 0x0000000732600000| Untracked 
| 404|0x0000000732800000, 0x0000000732800000, 0x0000000732a00000|  0%| F|  |TAMS 0x0000000732800000| PB 0x0000000732800000| Untracked 
| 405|0x0000000732a00000, 0x0000000732a00000, 0x0000000732c00000|  0%| F|  |TAMS 0x0000000732a00000| PB 0x0000000732a00000| Untracked 
| 406|0x0000000732c00000, 0x0000000732c00000, 0x0000000732e00000|  0%| F|  |TAMS 0x0000000732c00000| PB 0x0000000732c00000| Untracked 
| 407|0x0000000732e00000, 0x0000000732e00000, 0x0000000733000000|  0%| F|  |TAMS 0x0000000732e00000| PB 0x0000000732e00000| Untracked 
| 408|0x0000000733000000, 0x0000000733000000, 0x0000000733200000|  0%| F|  |TAMS 0x0000000733000000| PB 0x0000000733000000| Untracked 
| 409|0x0000000733200000, 0x0000000733200000, 0x0000000733400000|  0%| F|  |TAMS 0x0000000733200000| PB 0x0000000733200000| Untracked 
| 410|0x0000000733400000, 0x0000000733400000, 0x0000000733600000|  0%| F|  |TAMS 0x0000000733400000| PB 0x0000000733400000| Untracked 
| 411|0x0000000733600000, 0x0000000733600000, 0x0000000733800000|  0%| F|  |TAMS 0x0000000733600000| PB 0x0000000733600000| Untracked 
| 412|0x0000000733800000, 0x0000000733800000, 0x0000000733a00000|  0%| F|  |TAMS 0x0000000733800000| PB 0x0000000733800000| Untracked 
| 413|0x0000000733a00000, 0x0000000733a00000, 0x0000000733c00000|  0%| F|  |TAMS 0x0000000733a00000| PB 0x0000000733a00000| Untracked 
| 414|0x0000000733c00000, 0x0000000733c00000, 0x0000000733e00000|  0%| F|  |TAMS 0x0000000733c00000| PB 0x0000000733c00000| Untracked 
| 415|0x0000000733e00000, 0x0000000733e00000, 0x0000000734000000|  0%| F|  |TAMS 0x0000000733e00000| PB 0x0000000733e00000| Untracked 
| 416|0x0000000734000000, 0x0000000734000000, 0x0000000734200000|  0%| F|  |TAMS 0x0000000734000000| PB 0x0000000734000000| Untracked 
| 417|0x0000000734200000, 0x0000000734200000, 0x0000000734400000|  0%| F|  |TAMS 0x0000000734200000| PB 0x0000000734200000| Untracked 
| 418|0x0000000734400000, 0x0000000734400000, 0x0000000734600000|  0%| F|  |TAMS 0x0000000734400000| PB 0x0000000734400000| Untracked 
| 419|0x0000000734600000, 0x0000000734600000, 0x0000000734800000|  0%| F|  |TAMS 0x0000000734600000| PB 0x0000000734600000| Untracked 
| 420|0x0000000734800000, 0x0000000734800000, 0x0000000734a00000|  0%| F|  |TAMS 0x0000000734800000| PB 0x0000000734800000| Untracked 
| 421|0x0000000734a00000, 0x0000000734a00000, 0x0000000734c00000|  0%| F|  |TAMS 0x0000000734a00000| PB 0x0000000734a00000| Untracked 
| 422|0x0000000734c00000, 0x0000000734c00000, 0x0000000734e00000|  0%| F|  |TAMS 0x0000000734c00000| PB 0x0000000734c00000| Untracked 
| 423|0x0000000734e00000, 0x0000000734e00000, 0x0000000735000000|  0%| F|  |TAMS 0x0000000734e00000| PB 0x0000000734e00000| Untracked 
| 424|0x0000000735000000, 0x0000000735000000, 0x0000000735200000|  0%| F|  |TAMS 0x0000000735000000| PB 0x0000000735000000| Untracked 
| 425|0x0000000735200000, 0x0000000735200000, 0x0000000735400000|  0%| F|  |TAMS 0x0000000735200000| PB 0x0000000735200000| Untracked 
| 426|0x0000000735400000, 0x0000000735400000, 0x0000000735600000|  0%| F|  |TAMS 0x0000000735400000| PB 0x0000000735400000| Untracked 
| 427|0x0000000735600000, 0x0000000735600000, 0x0000000735800000|  0%| F|  |TAMS 0x0000000735600000| PB 0x0000000735600000| Untracked 
| 428|0x0000000735800000, 0x0000000735800000, 0x0000000735a00000|  0%| F|  |TAMS 0x0000000735800000| PB 0x0000000735800000| Untracked 
| 429|0x0000000735a00000, 0x0000000735a00000, 0x0000000735c00000|  0%| F|  |TAMS 0x0000000735a00000| PB 0x0000000735a00000| Untracked 
| 430|0x0000000735c00000, 0x0000000735c00000, 0x0000000735e00000|  0%| F|  |TAMS 0x0000000735c00000| PB 0x0000000735c00000| Untracked 
| 431|0x0000000735e00000, 0x0000000735e00000, 0x0000000736000000|  0%| F|  |TAMS 0x0000000735e00000| PB 0x0000000735e00000| Untracked 
| 432|0x0000000736000000, 0x0000000736000000, 0x0000000736200000|  0%| F|  |TAMS 0x0000000736000000| PB 0x0000000736000000| Untracked 
| 433|0x0000000736200000, 0x0000000736200000, 0x0000000736400000|  0%| F|  |TAMS 0x0000000736200000| PB 0x0000000736200000| Untracked 
| 434|0x0000000736400000, 0x0000000736400000, 0x0000000736600000|  0%| F|  |TAMS 0x0000000736400000| PB 0x0000000736400000| Untracked 
| 435|0x0000000736600000, 0x0000000736600000, 0x0000000736800000|  0%| F|  |TAMS 0x0000000736600000| PB 0x0000000736600000| Untracked 
| 436|0x0000000736800000, 0x0000000736800000, 0x0000000736a00000|  0%| F|  |TAMS 0x0000000736800000| PB 0x0000000736800000| Untracked 
| 437|0x0000000736a00000, 0x0000000736a00000, 0x0000000736c00000|  0%| F|  |TAMS 0x0000000736a00000| PB 0x0000000736a00000| Untracked 
| 438|0x0000000736c00000, 0x0000000736c00000, 0x0000000736e00000|  0%| F|  |TAMS 0x0000000736c00000| PB 0x0000000736c00000| Untracked 
| 439|0x0000000736e00000, 0x0000000736e00000, 0x0000000737000000|  0%| F|  |TAMS 0x0000000736e00000| PB 0x0000000736e00000| Untracked 
| 440|0x0000000737000000, 0x0000000737000000, 0x0000000737200000|  0%| F|  |TAMS 0x0000000737000000| PB 0x0000000737000000| Untracked 
| 441|0x0000000737200000, 0x0000000737200000, 0x0000000737400000|  0%| F|  |TAMS 0x0000000737200000| PB 0x0000000737200000| Untracked 
| 442|0x0000000737400000, 0x0000000737400000, 0x0000000737600000|  0%| F|  |TAMS 0x0000000737400000| PB 0x0000000737400000| Untracked 
| 443|0x0000000737600000, 0x0000000737600000, 0x0000000737800000|  0%| F|  |TAMS 0x0000000737600000| PB 0x0000000737600000| Untracked 
| 444|0x0000000737800000, 0x0000000737800000, 0x0000000737a00000|  0%| F|  |TAMS 0x0000000737800000| PB 0x0000000737800000| Untracked 
| 445|0x0000000737a00000, 0x0000000737a00000, 0x0000000737c00000|  0%| F|  |TAMS 0x0000000737a00000| PB 0x0000000737a00000| Untracked 
| 446|0x0000000737c00000, 0x0000000737c00000, 0x0000000737e00000|  0%| F|  |TAMS 0x0000000737c00000| PB 0x0000000737c00000| Untracked 
| 447|0x0000000737e00000, 0x0000000737e00000, 0x0000000738000000|  0%| F|  |TAMS 0x0000000737e00000| PB 0x0000000737e00000| Untracked 
| 448|0x0000000738000000, 0x0000000738000000, 0x0000000738200000|  0%| F|  |TAMS 0x0000000738000000| PB 0x0000000738000000| Untracked 
| 449|0x0000000738200000, 0x0000000738200000, 0x0000000738400000|  0%| F|  |TAMS 0x0000000738200000| PB 0x0000000738200000| Untracked 
| 450|0x0000000738400000, 0x0000000738400000, 0x0000000738600000|  0%| F|  |TAMS 0x0000000738400000| PB 0x0000000738400000| Untracked 
| 451|0x0000000738600000, 0x0000000738600000, 0x0000000738800000|  0%| F|  |TAMS 0x0000000738600000| PB 0x0000000738600000| Untracked 
| 452|0x0000000738800000, 0x0000000738800000, 0x0000000738a00000|  0%| F|  |TAMS 0x0000000738800000| PB 0x0000000738800000| Untracked 
| 453|0x0000000738a00000, 0x0000000738a00000, 0x0000000738c00000|  0%| F|  |TAMS 0x0000000738a00000| PB 0x0000000738a00000| Untracked 
| 454|0x0000000738c00000, 0x0000000738c00000, 0x0000000738e00000|  0%| F|  |TAMS 0x0000000738c00000| PB 0x0000000738c00000| Untracked 
| 455|0x0000000738e00000, 0x0000000738e00000, 0x0000000739000000|  0%| F|  |TAMS 0x0000000738e00000| PB 0x0000000738e00000| Untracked 
| 456|0x0000000739000000, 0x0000000739000000, 0x0000000739200000|  0%| F|  |TAMS 0x0000000739000000| PB 0x0000000739000000| Untracked 
| 457|0x0000000739200000, 0x0000000739200000, 0x0000000739400000|  0%| F|  |TAMS 0x0000000739200000| PB 0x0000000739200000| Untracked 
| 458|0x0000000739400000, 0x0000000739400000, 0x0000000739600000|  0%| F|  |TAMS 0x0000000739400000| PB 0x0000000739400000| Untracked 
| 459|0x0000000739600000, 0x0000000739600000, 0x0000000739800000|  0%| F|  |TAMS 0x0000000739600000| PB 0x0000000739600000| Untracked 
| 460|0x0000000739800000, 0x0000000739800000, 0x0000000739a00000|  0%| F|  |TAMS 0x0000000739800000| PB 0x0000000739800000| Untracked 
| 461|0x0000000739a00000, 0x0000000739a00000, 0x0000000739c00000|  0%| F|  |TAMS 0x0000000739a00000| PB 0x0000000739a00000| Untracked 
| 462|0x0000000739c00000, 0x0000000739c00000, 0x0000000739e00000|  0%| F|  |TAMS 0x0000000739c00000| PB 0x0000000739c00000| Untracked 
| 463|0x0000000739e00000, 0x0000000739e00000, 0x000000073a000000|  0%| F|  |TAMS 0x0000000739e00000| PB 0x0000000739e00000| Untracked 
| 464|0x000000073a000000, 0x000000073a000000, 0x000000073a200000|  0%| F|  |TAMS 0x000000073a000000| PB 0x000000073a000000| Untracked 
| 465|0x000000073a200000, 0x000000073a200000, 0x000000073a400000|  0%| F|  |TAMS 0x000000073a200000| PB 0x000000073a200000| Untracked 
| 466|0x000000073a400000, 0x000000073a400000, 0x000000073a600000|  0%| F|  |TAMS 0x000000073a400000| PB 0x000000073a400000| Untracked 
| 467|0x000000073a600000, 0x000000073a600000, 0x000000073a800000|  0%| F|  |TAMS 0x000000073a600000| PB 0x000000073a600000| Untracked 
| 468|0x000000073a800000, 0x000000073a800000, 0x000000073aa00000|  0%| F|  |TAMS 0x000000073a800000| PB 0x000000073a800000| Untracked 
| 469|0x000000073aa00000, 0x000000073aa00000, 0x000000073ac00000|  0%| F|  |TAMS 0x000000073aa00000| PB 0x000000073aa00000| Untracked 
| 470|0x000000073ac00000, 0x000000073ac00000, 0x000000073ae00000|  0%| F|  |TAMS 0x000000073ac00000| PB 0x000000073ac00000| Untracked 
| 471|0x000000073ae00000, 0x000000073ae00000, 0x000000073b000000|  0%| F|  |TAMS 0x000000073ae00000| PB 0x000000073ae00000| Untracked 
| 472|0x000000073b000000, 0x000000073b000000, 0x000000073b200000|  0%| F|  |TAMS 0x000000073b000000| PB 0x000000073b000000| Untracked 
| 473|0x000000073b200000, 0x000000073b200000, 0x000000073b400000|  0%| F|  |TAMS 0x000000073b200000| PB 0x000000073b200000| Untracked 
| 474|0x000000073b400000, 0x000000073b400000, 0x000000073b600000|  0%| F|  |TAMS 0x000000073b400000| PB 0x000000073b400000| Untracked 
| 475|0x000000073b600000, 0x000000073b600000, 0x000000073b800000|  0%| F|  |TAMS 0x000000073b600000| PB 0x000000073b600000| Untracked 
| 476|0x000000073b800000, 0x000000073b800000, 0x000000073ba00000|  0%| F|  |TAMS 0x000000073b800000| PB 0x000000073b800000| Untracked 
| 477|0x000000073ba00000, 0x000000073ba00000, 0x000000073bc00000|  0%| F|  |TAMS 0x000000073ba00000| PB 0x000000073ba00000| Untracked 
| 478|0x000000073bc00000, 0x000000073bc00000, 0x000000073be00000|  0%| F|  |TAMS 0x000000073bc00000| PB 0x000000073bc00000| Untracked 
| 479|0x000000073be00000, 0x000000073be00000, 0x000000073c000000|  0%| F|  |TAMS 0x000000073be00000| PB 0x000000073be00000| Untracked 
| 480|0x000000073c000000, 0x000000073c000000, 0x000000073c200000|  0%| F|  |TAMS 0x000000073c000000| PB 0x000000073c000000| Untracked 
| 481|0x000000073c200000, 0x000000073c200000, 0x000000073c400000|  0%| F|  |TAMS 0x000000073c200000| PB 0x000000073c200000| Untracked 
| 482|0x000000073c400000, 0x000000073c400000, 0x000000073c600000|  0%| F|  |TAMS 0x000000073c400000| PB 0x000000073c400000| Untracked 
| 483|0x000000073c600000, 0x000000073c600000, 0x000000073c800000|  0%| F|  |TAMS 0x000000073c600000| PB 0x000000073c600000| Untracked 
| 484|0x000000073c800000, 0x000000073c800000, 0x000000073ca00000|  0%| F|  |TAMS 0x000000073c800000| PB 0x000000073c800000| Untracked 
| 485|0x000000073ca00000, 0x000000073ca00000, 0x000000073cc00000|  0%| F|  |TAMS 0x000000073ca00000| PB 0x000000073ca00000| Untracked 
| 486|0x000000073cc00000, 0x000000073cc00000, 0x000000073ce00000|  0%| F|  |TAMS 0x000000073cc00000| PB 0x000000073cc00000| Untracked 
| 487|0x000000073ce00000, 0x000000073ce00000, 0x000000073d000000|  0%| F|  |TAMS 0x000000073ce00000| PB 0x000000073ce00000| Untracked 
| 488|0x000000073d000000, 0x000000073d000000, 0x000000073d200000|  0%| F|  |TAMS 0x000000073d000000| PB 0x000000073d000000| Untracked 
| 489|0x000000073d200000, 0x000000073d200000, 0x000000073d400000|  0%| F|  |TAMS 0x000000073d200000| PB 0x000000073d200000| Untracked 
| 490|0x000000073d400000, 0x000000073d400000, 0x000000073d600000|  0%| F|  |TAMS 0x000000073d400000| PB 0x000000073d400000| Untracked 
| 491|0x000000073d600000, 0x000000073d600000, 0x000000073d800000|  0%| F|  |TAMS 0x000000073d600000| PB 0x000000073d600000| Untracked 
| 492|0x000000073d800000, 0x000000073d800000, 0x000000073da00000|  0%| F|  |TAMS 0x000000073d800000| PB 0x000000073d800000| Untracked 
| 493|0x000000073da00000, 0x000000073da00000, 0x000000073dc00000|  0%| F|  |TAMS 0x000000073da00000| PB 0x000000073da00000| Untracked 
| 494|0x000000073dc00000, 0x000000073dc00000, 0x000000073de00000|  0%| F|  |TAMS 0x000000073dc00000| PB 0x000000073dc00000| Untracked 
| 495|0x000000073de00000, 0x000000073de00000, 0x000000073e000000|  0%| F|  |TAMS 0x000000073de00000| PB 0x000000073de00000| Untracked 
| 496|0x000000073e000000, 0x000000073e000000, 0x000000073e200000|  0%| F|  |TAMS 0x000000073e000000| PB 0x000000073e000000| Untracked 
| 497|0x000000073e200000, 0x000000073e200000, 0x000000073e400000|  0%| F|  |TAMS 0x000000073e200000| PB 0x000000073e200000| Untracked 
| 498|0x000000073e400000, 0x000000073e400000, 0x000000073e600000|  0%| F|  |TAMS 0x000000073e400000| PB 0x000000073e400000| Untracked 
| 499|0x000000073e600000, 0x000000073e600000, 0x000000073e800000|  0%| F|  |TAMS 0x000000073e600000| PB 0x000000073e600000| Untracked 
| 500|0x000000073e800000, 0x000000073e800000, 0x000000073ea00000|  0%| F|  |TAMS 0x000000073e800000| PB 0x000000073e800000| Untracked 
| 501|0x000000073ea00000, 0x000000073ea00000, 0x000000073ec00000|  0%| F|  |TAMS 0x000000073ea00000| PB 0x000000073ea00000| Untracked 
| 502|0x000000073ec00000, 0x000000073ec00000, 0x000000073ee00000|  0%| F|  |TAMS 0x000000073ec00000| PB 0x000000073ec00000| Untracked 
| 503|0x000000073ee00000, 0x000000073ee00000, 0x000000073f000000|  0%| F|  |TAMS 0x000000073ee00000| PB 0x000000073ee00000| Untracked 
| 504|0x000000073f000000, 0x000000073f000000, 0x000000073f200000|  0%| F|  |TAMS 0x000000073f000000| PB 0x000000073f000000| Untracked 
| 505|0x000000073f200000, 0x000000073f200000, 0x000000073f400000|  0%| F|  |TAMS 0x000000073f200000| PB 0x000000073f200000| Untracked 
| 506|0x000000073f400000, 0x000000073f400000, 0x000000073f600000|  0%| F|  |TAMS 0x000000073f400000| PB 0x000000073f400000| Untracked 
| 507|0x000000073f600000, 0x000000073f600000, 0x000000073f800000|  0%| F|  |TAMS 0x000000073f600000| PB 0x000000073f600000| Untracked 
| 508|0x000000073f800000, 0x000000073f800000, 0x000000073fa00000|  0%| F|  |TAMS 0x000000073f800000| PB 0x000000073f800000| Untracked 
| 509|0x000000073fa00000, 0x000000073fa00000, 0x000000073fc00000|  0%| F|  |TAMS 0x000000073fa00000| PB 0x000000073fa00000| Untracked 
| 510|0x000000073fc00000, 0x000000073fc00000, 0x000000073fe00000|  0%| F|  |TAMS 0x000000073fc00000| PB 0x000000073fc00000| Untracked 
| 511|0x000000073fe00000, 0x000000073fe00000, 0x0000000740000000|  0%| F|  |TAMS 0x000000073fe00000| PB 0x000000073fe00000| Untracked 
| 512|0x0000000740000000, 0x0000000740000000, 0x0000000740200000|  0%| F|  |TAMS 0x0000000740000000| PB 0x0000000740000000| Untracked 
| 513|0x0000000740200000, 0x0000000740200000, 0x0000000740400000|  0%| F|  |TAMS 0x0000000740200000| PB 0x0000000740200000| Untracked 
| 514|0x0000000740400000, 0x0000000740400000, 0x0000000740600000|  0%| F|  |TAMS 0x0000000740400000| PB 0x0000000740400000| Untracked 
| 515|0x0000000740600000, 0x0000000740600000, 0x0000000740800000|  0%| F|  |TAMS 0x0000000740600000| PB 0x0000000740600000| Untracked 
| 516|0x0000000740800000, 0x0000000740800000, 0x0000000740a00000|  0%| F|  |TAMS 0x0000000740800000| PB 0x0000000740800000| Untracked 
| 517|0x0000000740a00000, 0x0000000740a00000, 0x0000000740c00000|  0%| F|  |TAMS 0x0000000740a00000| PB 0x0000000740a00000| Untracked 
| 518|0x0000000740c00000, 0x0000000740c00000, 0x0000000740e00000|  0%| F|  |TAMS 0x0000000740c00000| PB 0x0000000740c00000| Untracked 
| 519|0x0000000740e00000, 0x0000000740e00000, 0x0000000741000000|  0%| F|  |TAMS 0x0000000740e00000| PB 0x0000000740e00000| Untracked 
| 520|0x0000000741000000, 0x0000000741000000, 0x0000000741200000|  0%| F|  |TAMS 0x0000000741000000| PB 0x0000000741000000| Untracked 
| 521|0x0000000741200000, 0x0000000741200000, 0x0000000741400000|  0%| F|  |TAMS 0x0000000741200000| PB 0x0000000741200000| Untracked 
| 522|0x0000000741400000, 0x0000000741400000, 0x0000000741600000|  0%| F|  |TAMS 0x0000000741400000| PB 0x0000000741400000| Untracked 
| 523|0x0000000741600000, 0x0000000741600000, 0x0000000741800000|  0%| F|  |TAMS 0x0000000741600000| PB 0x0000000741600000| Untracked 
| 524|0x0000000741800000, 0x0000000741800000, 0x0000000741a00000|  0%| F|  |TAMS 0x0000000741800000| PB 0x0000000741800000| Untracked 
| 525|0x0000000741a00000, 0x0000000741a00000, 0x0000000741c00000|  0%| F|  |TAMS 0x0000000741a00000| PB 0x0000000741a00000| Untracked 
| 526|0x0000000741c00000, 0x0000000741c00000, 0x0000000741e00000|  0%| F|  |TAMS 0x0000000741c00000| PB 0x0000000741c00000| Untracked 
| 527|0x0000000741e00000, 0x0000000741e00000, 0x0000000742000000|  0%| F|  |TAMS 0x0000000741e00000| PB 0x0000000741e00000| Untracked 
| 528|0x0000000742000000, 0x0000000742000000, 0x0000000742200000|  0%| F|  |TAMS 0x0000000742000000| PB 0x0000000742000000| Untracked 
| 529|0x0000000742200000, 0x0000000742200000, 0x0000000742400000|  0%| F|  |TAMS 0x0000000742200000| PB 0x0000000742200000| Untracked 
| 530|0x0000000742400000, 0x0000000742400000, 0x0000000742600000|  0%| F|  |TAMS 0x0000000742400000| PB 0x0000000742400000| Untracked 
| 531|0x0000000742600000, 0x0000000742600000, 0x0000000742800000|  0%| F|  |TAMS 0x0000000742600000| PB 0x0000000742600000| Untracked 
| 532|0x0000000742800000, 0x0000000742800000, 0x0000000742a00000|  0%| F|  |TAMS 0x0000000742800000| PB 0x0000000742800000| Untracked 
| 533|0x0000000742a00000, 0x0000000742a00000, 0x0000000742c00000|  0%| F|  |TAMS 0x0000000742a00000| PB 0x0000000742a00000| Untracked 
| 534|0x0000000742c00000, 0x0000000742c00000, 0x0000000742e00000|  0%| F|  |TAMS 0x0000000742c00000| PB 0x0000000742c00000| Untracked 
| 535|0x0000000742e00000, 0x0000000742e00000, 0x0000000743000000|  0%| F|  |TAMS 0x0000000742e00000| PB 0x0000000742e00000| Untracked 
| 536|0x0000000743000000, 0x0000000743000000, 0x0000000743200000|  0%| F|  |TAMS 0x0000000743000000| PB 0x0000000743000000| Untracked 
| 537|0x0000000743200000, 0x0000000743200000, 0x0000000743400000|  0%| F|  |TAMS 0x0000000743200000| PB 0x0000000743200000| Untracked 
| 538|0x0000000743400000, 0x0000000743400000, 0x0000000743600000|  0%| F|  |TAMS 0x0000000743400000| PB 0x0000000743400000| Untracked 
| 539|0x0000000743600000, 0x0000000743600000, 0x0000000743800000|  0%| F|  |TAMS 0x0000000743600000| PB 0x0000000743600000| Untracked 
| 540|0x0000000743800000, 0x0000000743800000, 0x0000000743a00000|  0%| F|  |TAMS 0x0000000743800000| PB 0x0000000743800000| Untracked 
| 541|0x0000000743a00000, 0x0000000743a00000, 0x0000000743c00000|  0%| F|  |TAMS 0x0000000743a00000| PB 0x0000000743a00000| Untracked 
| 542|0x0000000743c00000, 0x0000000743c00000, 0x0000000743e00000|  0%| F|  |TAMS 0x0000000743c00000| PB 0x0000000743c00000| Untracked 
| 543|0x0000000743e00000, 0x0000000743e00000, 0x0000000744000000|  0%| F|  |TAMS 0x0000000743e00000| PB 0x0000000743e00000| Untracked 
| 544|0x0000000744000000, 0x0000000744000000, 0x0000000744200000|  0%| F|  |TAMS 0x0000000744000000| PB 0x0000000744000000| Untracked 
| 545|0x0000000744200000, 0x0000000744200000, 0x0000000744400000|  0%| F|  |TAMS 0x0000000744200000| PB 0x0000000744200000| Untracked 
| 546|0x0000000744400000, 0x0000000744400000, 0x0000000744600000|  0%| F|  |TAMS 0x0000000744400000| PB 0x0000000744400000| Untracked 
| 547|0x0000000744600000, 0x0000000744600000, 0x0000000744800000|  0%| F|  |TAMS 0x0000000744600000| PB 0x0000000744600000| Untracked 
| 548|0x0000000744800000, 0x0000000744800000, 0x0000000744a00000|  0%| F|  |TAMS 0x0000000744800000| PB 0x0000000744800000| Untracked 
| 549|0x0000000744a00000, 0x0000000744a00000, 0x0000000744c00000|  0%| F|  |TAMS 0x0000000744a00000| PB 0x0000000744a00000| Untracked 
| 550|0x0000000744c00000, 0x0000000744c00000, 0x0000000744e00000|  0%| F|  |TAMS 0x0000000744c00000| PB 0x0000000744c00000| Untracked 
| 551|0x0000000744e00000, 0x0000000744e00000, 0x0000000745000000|  0%| F|  |TAMS 0x0000000744e00000| PB 0x0000000744e00000| Untracked 
| 552|0x0000000745000000, 0x0000000745000000, 0x0000000745200000|  0%| F|  |TAMS 0x0000000745000000| PB 0x0000000745000000| Untracked 
| 553|0x0000000745200000, 0x0000000745200000, 0x0000000745400000|  0%| F|  |TAMS 0x0000000745200000| PB 0x0000000745200000| Untracked 
| 554|0x0000000745400000, 0x0000000745400000, 0x0000000745600000|  0%| F|  |TAMS 0x0000000745400000| PB 0x0000000745400000| Untracked 
| 555|0x0000000745600000, 0x0000000745600000, 0x0000000745800000|  0%| F|  |TAMS 0x0000000745600000| PB 0x0000000745600000| Untracked 
| 556|0x0000000745800000, 0x0000000745800000, 0x0000000745a00000|  0%| F|  |TAMS 0x0000000745800000| PB 0x0000000745800000| Untracked 
| 557|0x0000000745a00000, 0x0000000745a00000, 0x0000000745c00000|  0%| F|  |TAMS 0x0000000745a00000| PB 0x0000000745a00000| Untracked 
| 558|0x0000000745c00000, 0x0000000745c00000, 0x0000000745e00000|  0%| F|  |TAMS 0x0000000745c00000| PB 0x0000000745c00000| Untracked 
| 559|0x0000000745e00000, 0x0000000745e00000, 0x0000000746000000|  0%| F|  |TAMS 0x0000000745e00000| PB 0x0000000745e00000| Untracked 
| 560|0x0000000746000000, 0x0000000746000000, 0x0000000746200000|  0%| F|  |TAMS 0x0000000746000000| PB 0x0000000746000000| Untracked 
| 561|0x0000000746200000, 0x0000000746200000, 0x0000000746400000|  0%| F|  |TAMS 0x0000000746200000| PB 0x0000000746200000| Untracked 
| 562|0x0000000746400000, 0x0000000746400000, 0x0000000746600000|  0%| F|  |TAMS 0x0000000746400000| PB 0x0000000746400000| Untracked 
| 563|0x0000000746600000, 0x0000000746600000, 0x0000000746800000|  0%| F|  |TAMS 0x0000000746600000| PB 0x0000000746600000| Untracked 
| 564|0x0000000746800000, 0x0000000746800000, 0x0000000746a00000|  0%| F|  |TAMS 0x0000000746800000| PB 0x0000000746800000| Untracked 
| 565|0x0000000746a00000, 0x0000000746a00000, 0x0000000746c00000|  0%| F|  |TAMS 0x0000000746a00000| PB 0x0000000746a00000| Untracked 
| 566|0x0000000746c00000, 0x0000000746c00000, 0x0000000746e00000|  0%| F|  |TAMS 0x0000000746c00000| PB 0x0000000746c00000| Untracked 
| 567|0x0000000746e00000, 0x0000000746e00000, 0x0000000747000000|  0%| F|  |TAMS 0x0000000746e00000| PB 0x0000000746e00000| Untracked 
| 568|0x0000000747000000, 0x0000000747000000, 0x0000000747200000|  0%| F|  |TAMS 0x0000000747000000| PB 0x0000000747000000| Untracked 
| 569|0x0000000747200000, 0x0000000747200000, 0x0000000747400000|  0%| F|  |TAMS 0x0000000747200000| PB 0x0000000747200000| Untracked 
| 570|0x0000000747400000, 0x0000000747400000, 0x0000000747600000|  0%| F|  |TAMS 0x0000000747400000| PB 0x0000000747400000| Untracked 
| 571|0x0000000747600000, 0x0000000747600000, 0x0000000747800000|  0%| F|  |TAMS 0x0000000747600000| PB 0x0000000747600000| Untracked 
| 572|0x0000000747800000, 0x0000000747800000, 0x0000000747a00000|  0%| F|  |TAMS 0x0000000747800000| PB 0x0000000747800000| Untracked 
| 573|0x0000000747a00000, 0x0000000747a00000, 0x0000000747c00000|  0%| F|  |TAMS 0x0000000747a00000| PB 0x0000000747a00000| Untracked 
| 574|0x0000000747c00000, 0x0000000747c00000, 0x0000000747e00000|  0%| F|  |TAMS 0x0000000747c00000| PB 0x0000000747c00000| Untracked 
| 575|0x0000000747e00000, 0x0000000747e00000, 0x0000000748000000|  0%| F|  |TAMS 0x0000000747e00000| PB 0x0000000747e00000| Untracked 
| 576|0x0000000748000000, 0x0000000748000000, 0x0000000748200000|  0%| F|  |TAMS 0x0000000748000000| PB 0x0000000748000000| Untracked 
| 577|0x0000000748200000, 0x0000000748200000, 0x0000000748400000|  0%| F|  |TAMS 0x0000000748200000| PB 0x0000000748200000| Untracked 
| 578|0x0000000748400000, 0x0000000748400000, 0x0000000748600000|  0%| F|  |TAMS 0x0000000748400000| PB 0x0000000748400000| Untracked 
| 579|0x0000000748600000, 0x0000000748600000, 0x0000000748800000|  0%| F|  |TAMS 0x0000000748600000| PB 0x0000000748600000| Untracked 
| 580|0x0000000748800000, 0x0000000748800000, 0x0000000748a00000|  0%| F|  |TAMS 0x0000000748800000| PB 0x0000000748800000| Untracked 
| 581|0x0000000748a00000, 0x0000000748a00000, 0x0000000748c00000|  0%| F|  |TAMS 0x0000000748a00000| PB 0x0000000748a00000| Untracked 
| 582|0x0000000748c00000, 0x0000000748c00000, 0x0000000748e00000|  0%| F|  |TAMS 0x0000000748c00000| PB 0x0000000748c00000| Untracked 
| 583|0x0000000748e00000, 0x0000000748e00000, 0x0000000749000000|  0%| F|  |TAMS 0x0000000748e00000| PB 0x0000000748e00000| Untracked 
| 584|0x0000000749000000, 0x0000000749000000, 0x0000000749200000|  0%| F|  |TAMS 0x0000000749000000| PB 0x0000000749000000| Untracked 
| 585|0x0000000749200000, 0x0000000749200000, 0x0000000749400000|  0%| F|  |TAMS 0x0000000749200000| PB 0x0000000749200000| Untracked 
| 586|0x0000000749400000, 0x0000000749400000, 0x0000000749600000|  0%| F|  |TAMS 0x0000000749400000| PB 0x0000000749400000| Untracked 
| 587|0x0000000749600000, 0x0000000749600000, 0x0000000749800000|  0%| F|  |TAMS 0x0000000749600000| PB 0x0000000749600000| Untracked 
| 588|0x0000000749800000, 0x0000000749800000, 0x0000000749a00000|  0%| F|  |TAMS 0x0000000749800000| PB 0x0000000749800000| Untracked 
| 589|0x0000000749a00000, 0x0000000749a00000, 0x0000000749c00000|  0%| F|  |TAMS 0x0000000749a00000| PB 0x0000000749a00000| Untracked 
| 590|0x0000000749c00000, 0x0000000749c00000, 0x0000000749e00000|  0%| F|  |TAMS 0x0000000749c00000| PB 0x0000000749c00000| Untracked 
| 591|0x0000000749e00000, 0x0000000749e00000, 0x000000074a000000|  0%| F|  |TAMS 0x0000000749e00000| PB 0x0000000749e00000| Untracked 
| 592|0x000000074a000000, 0x000000074a000000, 0x000000074a200000|  0%| F|  |TAMS 0x000000074a000000| PB 0x000000074a000000| Untracked 
| 593|0x000000074a200000, 0x000000074a200000, 0x000000074a400000|  0%| F|  |TAMS 0x000000074a200000| PB 0x000000074a200000| Untracked 
| 594|0x000000074a400000, 0x000000074a400000, 0x000000074a600000|  0%| F|  |TAMS 0x000000074a400000| PB 0x000000074a400000| Untracked 
| 595|0x000000074a600000, 0x000000074a600000, 0x000000074a800000|  0%| F|  |TAMS 0x000000074a600000| PB 0x000000074a600000| Untracked 
| 596|0x000000074a800000, 0x000000074a800000, 0x000000074aa00000|  0%| F|  |TAMS 0x000000074a800000| PB 0x000000074a800000| Untracked 
| 597|0x000000074aa00000, 0x000000074aa00000, 0x000000074ac00000|  0%| F|  |TAMS 0x000000074aa00000| PB 0x000000074aa00000| Untracked 
| 598|0x000000074ac00000, 0x000000074ac00000, 0x000000074ae00000|  0%| F|  |TAMS 0x000000074ac00000| PB 0x000000074ac00000| Untracked 
| 599|0x000000074ae00000, 0x000000074ae00000, 0x000000074b000000|  0%| F|  |TAMS 0x000000074ae00000| PB 0x000000074ae00000| Untracked 
| 600|0x000000074b000000, 0x000000074b000000, 0x000000074b200000|  0%| F|  |TAMS 0x000000074b000000| PB 0x000000074b000000| Untracked 
| 601|0x000000074b200000, 0x000000074b200000, 0x000000074b400000|  0%| F|  |TAMS 0x000000074b200000| PB 0x000000074b200000| Untracked 
| 602|0x000000074b400000, 0x000000074b400000, 0x000000074b600000|  0%| F|  |TAMS 0x000000074b400000| PB 0x000000074b400000| Untracked 
| 603|0x000000074b600000, 0x000000074b600000, 0x000000074b800000|  0%| F|  |TAMS 0x000000074b600000| PB 0x000000074b600000| Untracked 
| 604|0x000000074b800000, 0x000000074b800000, 0x000000074ba00000|  0%| F|  |TAMS 0x000000074b800000| PB 0x000000074b800000| Untracked 
| 605|0x000000074ba00000, 0x000000074ba00000, 0x000000074bc00000|  0%| F|  |TAMS 0x000000074ba00000| PB 0x000000074ba00000| Untracked 
| 606|0x000000074bc00000, 0x000000074bc00000, 0x000000074be00000|  0%| F|  |TAMS 0x000000074bc00000| PB 0x000000074bc00000| Untracked 
| 607|0x000000074be00000, 0x000000074be00000, 0x000000074c000000|  0%| F|  |TAMS 0x000000074be00000| PB 0x000000074be00000| Untracked 
| 608|0x000000074c000000, 0x000000074c000000, 0x000000074c200000|  0%| F|  |TAMS 0x000000074c000000| PB 0x000000074c000000| Untracked 
| 609|0x000000074c200000, 0x000000074c200000, 0x000000074c400000|  0%| F|  |TAMS 0x000000074c200000| PB 0x000000074c200000| Untracked 
| 610|0x000000074c400000, 0x000000074c400000, 0x000000074c600000|  0%| F|  |TAMS 0x000000074c400000| PB 0x000000074c400000| Untracked 
| 611|0x000000074c600000, 0x000000074c600000, 0x000000074c800000|  0%| F|  |TAMS 0x000000074c600000| PB 0x000000074c600000| Untracked 
| 612|0x000000074c800000, 0x000000074c800000, 0x000000074ca00000|  0%| F|  |TAMS 0x000000074c800000| PB 0x000000074c800000| Untracked 
| 613|0x000000074ca00000, 0x000000074ca00000, 0x000000074cc00000|  0%| F|  |TAMS 0x000000074ca00000| PB 0x000000074ca00000| Untracked 
| 614|0x000000074cc00000, 0x000000074cc00000, 0x000000074ce00000|  0%| F|  |TAMS 0x000000074cc00000| PB 0x000000074cc00000| Untracked 
| 615|0x000000074ce00000, 0x000000074ce00000, 0x000000074d000000|  0%| F|  |TAMS 0x000000074ce00000| PB 0x000000074ce00000| Untracked 
| 616|0x000000074d000000, 0x000000074d000000, 0x000000074d200000|  0%| F|  |TAMS 0x000000074d000000| PB 0x000000074d000000| Untracked 
| 617|0x000000074d200000, 0x000000074d200000, 0x000000074d400000|  0%| F|  |TAMS 0x000000074d200000| PB 0x000000074d200000| Untracked 
| 618|0x000000074d400000, 0x000000074d400000, 0x000000074d600000|  0%| F|  |TAMS 0x000000074d400000| PB 0x000000074d400000| Untracked 
| 619|0x000000074d600000, 0x000000074d600000, 0x000000074d800000|  0%| F|  |TAMS 0x000000074d600000| PB 0x000000074d600000| Untracked 
| 620|0x000000074d800000, 0x000000074d800000, 0x000000074da00000|  0%| F|  |TAMS 0x000000074d800000| PB 0x000000074d800000| Untracked 
| 621|0x000000074da00000, 0x000000074da00000, 0x000000074dc00000|  0%| F|  |TAMS 0x000000074da00000| PB 0x000000074da00000| Untracked 
| 622|0x000000074dc00000, 0x000000074dc00000, 0x000000074de00000|  0%| F|  |TAMS 0x000000074dc00000| PB 0x000000074dc00000| Untracked 
| 623|0x000000074de00000, 0x000000074de00000, 0x000000074e000000|  0%| F|  |TAMS 0x000000074de00000| PB 0x000000074de00000| Untracked 
| 624|0x000000074e000000, 0x000000074e000000, 0x000000074e200000|  0%| F|  |TAMS 0x000000074e000000| PB 0x000000074e000000| Untracked 
| 625|0x000000074e200000, 0x000000074e200000, 0x000000074e400000|  0%| F|  |TAMS 0x000000074e200000| PB 0x000000074e200000| Untracked 
| 626|0x000000074e400000, 0x000000074e400000, 0x000000074e600000|  0%| F|  |TAMS 0x000000074e400000| PB 0x000000074e400000| Untracked 
| 627|0x000000074e600000, 0x000000074e600000, 0x000000074e800000|  0%| F|  |TAMS 0x000000074e600000| PB 0x000000074e600000| Untracked 
| 628|0x000000074e800000, 0x000000074e800000, 0x000000074ea00000|  0%| F|  |TAMS 0x000000074e800000| PB 0x000000074e800000| Untracked 
| 629|0x000000074ea00000, 0x000000074ea00000, 0x000000074ec00000|  0%| F|  |TAMS 0x000000074ea00000| PB 0x000000074ea00000| Untracked 
| 630|0x000000074ec00000, 0x000000074ec00000, 0x000000074ee00000|  0%| F|  |TAMS 0x000000074ec00000| PB 0x000000074ec00000| Untracked 
| 631|0x000000074ee00000, 0x000000074ee00000, 0x000000074f000000|  0%| F|  |TAMS 0x000000074ee00000| PB 0x000000074ee00000| Untracked 
| 632|0x000000074f000000, 0x000000074f000000, 0x000000074f200000|  0%| F|  |TAMS 0x000000074f000000| PB 0x000000074f000000| Untracked 
| 633|0x000000074f200000, 0x000000074f200000, 0x000000074f400000|  0%| F|  |TAMS 0x000000074f200000| PB 0x000000074f200000| Untracked 
| 634|0x000000074f400000, 0x000000074f400000, 0x000000074f600000|  0%| F|  |TAMS 0x000000074f400000| PB 0x000000074f400000| Untracked 
| 635|0x000000074f600000, 0x000000074f600000, 0x000000074f800000|  0%| F|  |TAMS 0x000000074f600000| PB 0x000000074f600000| Untracked 
| 636|0x000000074f800000, 0x000000074f800000, 0x000000074fa00000|  0%| F|  |TAMS 0x000000074f800000| PB 0x000000074f800000| Untracked 
| 637|0x000000074fa00000, 0x000000074fa00000, 0x000000074fc00000|  0%| F|  |TAMS 0x000000074fa00000| PB 0x000000074fa00000| Untracked 
| 638|0x000000074fc00000, 0x000000074fc00000, 0x000000074fe00000|  0%| F|  |TAMS 0x000000074fc00000| PB 0x000000074fc00000| Untracked 
| 639|0x000000074fe00000, 0x000000074fe00000, 0x0000000750000000|  0%| F|  |TAMS 0x000000074fe00000| PB 0x000000074fe00000| Untracked 
| 640|0x0000000750000000, 0x0000000750000000, 0x0000000750200000|  0%| F|  |TAMS 0x0000000750000000| PB 0x0000000750000000| Untracked 
| 641|0x0000000750200000, 0x0000000750200000, 0x0000000750400000|  0%| F|  |TAMS 0x0000000750200000| PB 0x0000000750200000| Untracked 
| 642|0x0000000750400000, 0x0000000750400000, 0x0000000750600000|  0%| F|  |TAMS 0x0000000750400000| PB 0x0000000750400000| Untracked 
| 643|0x0000000750600000, 0x0000000750600000, 0x0000000750800000|  0%| F|  |TAMS 0x0000000750600000| PB 0x0000000750600000| Untracked 
| 644|0x0000000750800000, 0x0000000750800000, 0x0000000750a00000|  0%| F|  |TAMS 0x0000000750800000| PB 0x0000000750800000| Untracked 
| 645|0x0000000750a00000, 0x0000000750a00000, 0x0000000750c00000|  0%| F|  |TAMS 0x0000000750a00000| PB 0x0000000750a00000| Untracked 
| 646|0x0000000750c00000, 0x0000000750c00000, 0x0000000750e00000|  0%| F|  |TAMS 0x0000000750c00000| PB 0x0000000750c00000| Untracked 
| 647|0x0000000750e00000, 0x0000000750e00000, 0x0000000751000000|  0%| F|  |TAMS 0x0000000750e00000| PB 0x0000000750e00000| Untracked 
| 648|0x0000000751000000, 0x0000000751000000, 0x0000000751200000|  0%| F|  |TAMS 0x0000000751000000| PB 0x0000000751000000| Untracked 
| 649|0x0000000751200000, 0x0000000751200000, 0x0000000751400000|  0%| F|  |TAMS 0x0000000751200000| PB 0x0000000751200000| Untracked 
| 650|0x0000000751400000, 0x0000000751400000, 0x0000000751600000|  0%| F|  |TAMS 0x0000000751400000| PB 0x0000000751400000| Untracked 
| 651|0x0000000751600000, 0x0000000751600000, 0x0000000751800000|  0%| F|  |TAMS 0x0000000751600000| PB 0x0000000751600000| Untracked 
| 652|0x0000000751800000, 0x0000000751800000, 0x0000000751a00000|  0%| F|  |TAMS 0x0000000751800000| PB 0x0000000751800000| Untracked 
| 653|0x0000000751a00000, 0x0000000751a00000, 0x0000000751c00000|  0%| F|  |TAMS 0x0000000751a00000| PB 0x0000000751a00000| Untracked 
| 654|0x0000000751c00000, 0x0000000751c00000, 0x0000000751e00000|  0%| F|  |TAMS 0x0000000751c00000| PB 0x0000000751c00000| Untracked 
|1917|0x00000007efa00000, 0x00000007efa00000, 0x00000007efc00000|  0%| F|  |TAMS 0x00000007efa00000| PB 0x00000007efa00000| Untracked 
|1918|0x00000007efc00000, 0x00000007efc00000, 0x00000007efe00000|  0%| F|  |TAMS 0x00000007efc00000| PB 0x00000007efc00000| Untracked 
|1919|0x00000007efe00000, 0x00000007efe00000, 0x00000007f0000000|  0%| F|  |TAMS 0x00000007efe00000| PB 0x00000007efe00000| Untracked 
|1920|0x00000007f0000000, 0x00000007f0000000, 0x00000007f0200000|  0%| F|  |TAMS 0x00000007f0000000| PB 0x00000007f0000000| Untracked 
|1921|0x00000007f0200000, 0x00000007f0400000, 0x00000007f0400000|100%| O|  |TAMS 0x00000007f0400000| PB 0x00000007f0200000| Untracked 
|1922|0x00000007f0400000, 0x00000007f0600000, 0x00000007f0600000|100%| O|  |TAMS 0x00000007f0600000| PB 0x00000007f0400000| Untracked 
|1923|0x00000007f0600000, 0x00000007f0800000, 0x00000007f0800000|100%| O|  |TAMS 0x00000007f0800000| PB 0x00000007f0600000| Untracked 
|1924|0x00000007f0800000, 0x00000007f0a00000, 0x00000007f0a00000|100%| O|  |TAMS 0x00000007f0a00000| PB 0x00000007f0800000| Untracked 
|1925|0x00000007f0a00000, 0x00000007f0c00000, 0x00000007f0c00000|100%| O|  |TAMS 0x00000007f0c00000| PB 0x00000007f0a00000| Untracked 
|1926|0x00000007f0c00000, 0x00000007f0e00000, 0x00000007f0e00000|100%| O|  |TAMS 0x00000007f0e00000| PB 0x00000007f0c00000| Untracked 
|1927|0x00000007f0e00000, 0x00000007f1000000, 0x00000007f1000000|100%| O|  |TAMS 0x00000007f1000000| PB 0x00000007f0e00000| Untracked 
|1928|0x00000007f1000000, 0x00000007f1200000, 0x00000007f1200000|100%| O|  |TAMS 0x00000007f1200000| PB 0x00000007f1000000| Untracked 
|1929|0x00000007f1200000, 0x00000007f1400000, 0x00000007f1400000|100%| O|  |TAMS 0x00000007f1400000| PB 0x00000007f1200000| Untracked 
|1930|0x00000007f1400000, 0x00000007f1600000, 0x00000007f1600000|100%| O|  |TAMS 0x00000007f1600000| PB 0x00000007f1400000| Untracked 
|1931|0x00000007f1600000, 0x00000007f1800000, 0x00000007f1800000|100%| O|  |TAMS 0x00000007f1800000| PB 0x00000007f1600000| Untracked 
|1932|0x00000007f1800000, 0x00000007f1a00000, 0x00000007f1a00000|100%| O|  |TAMS 0x00000007f1a00000| PB 0x00000007f1800000| Untracked 
|1933|0x00000007f1a00000, 0x00000007f1c00000, 0x00000007f1c00000|100%| O|  |TAMS 0x00000007f1c00000| PB 0x00000007f1a00000| Untracked 
|1934|0x00000007f1c00000, 0x00000007f1e00000, 0x00000007f1e00000|100%| O|  |TAMS 0x00000007f1e00000| PB 0x00000007f1c00000| Untracked 
|1935|0x00000007f1e00000, 0x00000007f2000000, 0x00000007f2000000|100%| O|  |TAMS 0x00000007f2000000| PB 0x00000007f1e00000| Untracked 
|1936|0x00000007f2000000, 0x00000007f2200000, 0x00000007f2200000|100%| O|  |TAMS 0x00000007f2200000| PB 0x00000007f2000000| Untracked 
|1937|0x00000007f2200000, 0x00000007f2400000, 0x00000007f2400000|100%| O|  |TAMS 0x00000007f2400000| PB 0x00000007f2200000| Untracked 
|1938|0x00000007f2400000, 0x00000007f2600000, 0x00000007f2600000|100%| O|  |TAMS 0x00000007f2600000| PB 0x00000007f2400000| Untracked 
|1939|0x00000007f2600000, 0x00000007f2800000, 0x00000007f2800000|100%| O|  |TAMS 0x00000007f2800000| PB 0x00000007f2600000| Untracked 
|1940|0x00000007f2800000, 0x00000007f2a00000, 0x00000007f2a00000|100%| O|  |TAMS 0x00000007f2a00000| PB 0x00000007f2800000| Untracked 
|1941|0x00000007f2a00000, 0x00000007f2c00000, 0x00000007f2c00000|100%| O|  |TAMS 0x00000007f2c00000| PB 0x00000007f2a00000| Untracked 
|1942|0x00000007f2c00000, 0x00000007f2e00000, 0x00000007f2e00000|100%| O|  |TAMS 0x00000007f2e00000| PB 0x00000007f2c00000| Untracked 
|1943|0x00000007f2e00000, 0x00000007f3000000, 0x00000007f3000000|100%| O|  |TAMS 0x00000007f3000000| PB 0x00000007f2e00000| Untracked 
|1944|0x00000007f3000000, 0x00000007f3200000, 0x00000007f3200000|100%| O|  |TAMS 0x00000007f3200000| PB 0x00000007f3000000| Untracked 
|1945|0x00000007f3200000, 0x00000007f3400000, 0x00000007f3400000|100%| O|  |TAMS 0x00000007f3400000| PB 0x00000007f3200000| Untracked 
|1946|0x00000007f3400000, 0x00000007f3600000, 0x00000007f3600000|100%| O|  |TAMS 0x00000007f3600000| PB 0x00000007f3400000| Untracked 
|1947|0x00000007f3600000, 0x00000007f3800000, 0x00000007f3800000|100%| O|  |TAMS 0x00000007f3800000| PB 0x00000007f3600000| Untracked 
|1948|0x00000007f3800000, 0x00000007f3a00000, 0x00000007f3a00000|100%| O|  |TAMS 0x00000007f3a00000| PB 0x00000007f3800000| Untracked 
|1949|0x00000007f3a00000, 0x00000007f3c00000, 0x00000007f3c00000|100%| O|  |TAMS 0x00000007f3c00000| PB 0x00000007f3a00000| Untracked 
|1950|0x00000007f3c00000, 0x00000007f3e00000, 0x00000007f3e00000|100%| O|  |TAMS 0x00000007f3e00000| PB 0x00000007f3c00000| Untracked 
|1951|0x00000007f3e00000, 0x00000007f4000000, 0x00000007f4000000|100%| O|  |TAMS 0x00000007f4000000| PB 0x00000007f3e00000| Untracked 
|1952|0x00000007f4000000, 0x00000007f4200000, 0x00000007f4200000|100%| O|  |TAMS 0x00000007f4200000| PB 0x00000007f4000000| Untracked 
|1953|0x00000007f4200000, 0x00000007f4400000, 0x00000007f4400000|100%| O|  |TAMS 0x00000007f4400000| PB 0x00000007f4200000| Untracked 
|1954|0x00000007f4400000, 0x00000007f4600000, 0x00000007f4600000|100%| O|  |TAMS 0x00000007f4600000| PB 0x00000007f4400000| Untracked 
|1955|0x00000007f4600000, 0x00000007f4800000, 0x00000007f4800000|100%| O|  |TAMS 0x00000007f4800000| PB 0x00000007f4600000| Untracked 
|1956|0x00000007f4800000, 0x00000007f4a00000, 0x00000007f4a00000|100%| O|  |TAMS 0x00000007f4a00000| PB 0x00000007f4800000| Untracked 
|1957|0x00000007f4a00000, 0x00000007f4c00000, 0x00000007f4c00000|100%| O|  |TAMS 0x00000007f4c00000| PB 0x00000007f4a00000| Untracked 
|1958|0x00000007f4c00000, 0x00000007f4e00000, 0x00000007f4e00000|100%| O|  |TAMS 0x00000007f4e00000| PB 0x00000007f4c00000| Untracked 
|1959|0x00000007f4e00000, 0x00000007f5000000, 0x00000007f5000000|100%| O|  |TAMS 0x00000007f5000000| PB 0x00000007f4e00000| Untracked 
|1960|0x00000007f5000000, 0x00000007f5200000, 0x00000007f5200000|100%| O|  |TAMS 0x00000007f5200000| PB 0x00000007f5000000| Untracked 
|1961|0x00000007f5200000, 0x00000007f5400000, 0x00000007f5400000|100%| O|  |TAMS 0x00000007f5400000| PB 0x00000007f5200000| Untracked 
|1962|0x00000007f5400000, 0x00000007f5600000, 0x00000007f5600000|100%| O|  |TAMS 0x00000007f5600000| PB 0x00000007f5400000| Untracked 
|1963|0x00000007f5600000, 0x00000007f5800000, 0x00000007f5800000|100%| O|  |TAMS 0x00000007f5800000| PB 0x00000007f5600000| Untracked 
|1964|0x00000007f5800000, 0x00000007f5a00000, 0x00000007f5a00000|100%| O|  |TAMS 0x00000007f5a00000| PB 0x00000007f5800000| Untracked 
|1965|0x00000007f5a00000, 0x00000007f5c00000, 0x00000007f5c00000|100%| O|  |TAMS 0x00000007f5c00000| PB 0x00000007f5a00000| Untracked 
|1966|0x00000007f5c00000, 0x00000007f5e00000, 0x00000007f5e00000|100%| O|  |TAMS 0x00000007f5e00000| PB 0x00000007f5c00000| Untracked 
|1967|0x00000007f5e00000, 0x00000007f5e00000, 0x00000007f6000000|  0%| F|  |TAMS 0x00000007f5e00000| PB 0x00000007f5e00000| Untracked 
|1968|0x00000007f6000000, 0x00000007f6200000, 0x00000007f6200000|100%| O|  |TAMS 0x00000007f6200000| PB 0x00000007f6000000| Untracked 
|1969|0x00000007f6200000, 0x00000007f6400000, 0x00000007f6400000|100%| O|  |TAMS 0x00000007f6400000| PB 0x00000007f6200000| Untracked 
|1970|0x00000007f6400000, 0x00000007f6400000, 0x00000007f6600000|  0%| F|  |TAMS 0x00000007f6400000| PB 0x00000007f6400000| Untracked 
|1971|0x00000007f6600000, 0x00000007f6600000, 0x00000007f6800000|  0%| F|  |TAMS 0x00000007f6600000| PB 0x00000007f6600000| Untracked 
|1972|0x00000007f6800000, 0x00000007f6800000, 0x00000007f6a00000|  0%| F|  |TAMS 0x00000007f6800000| PB 0x00000007f6800000| Untracked 
|1973|0x00000007f6a00000, 0x00000007f6c00000, 0x00000007f6c00000|100%| O|  |TAMS 0x00000007f6c00000| PB 0x00000007f6a00000| Untracked 
|1974|0x00000007f6c00000, 0x00000007f6c00000, 0x00000007f6e00000|  0%| F|  |TAMS 0x00000007f6c00000| PB 0x00000007f6c00000| Untracked 
|1975|0x00000007f6e00000, 0x00000007f7000000, 0x00000007f7000000|100%| O|  |TAMS 0x00000007f7000000| PB 0x00000007f6e00000| Untracked 
|1976|0x00000007f7000000, 0x00000007f7200000, 0x00000007f7200000|100%| O|  |TAMS 0x00000007f7200000| PB 0x00000007f7000000| Untracked 
|1977|0x00000007f7200000, 0x00000007f7400000, 0x00000007f7400000|100%| O|  |TAMS 0x00000007f7400000| PB 0x00000007f7200000| Untracked 
|1978|0x00000007f7400000, 0x00000007f7400000, 0x00000007f7600000|  0%| F|  |TAMS 0x00000007f7400000| PB 0x00000007f7400000| Untracked 
|1979|0x00000007f7600000, 0x00000007f7800000, 0x00000007f7800000|100%| O|  |TAMS 0x00000007f7800000| PB 0x00000007f7600000| Untracked 
|1980|0x00000007f7800000, 0x00000007f7a00000, 0x00000007f7a00000|100%| O|  |TAMS 0x00000007f7a00000| PB 0x00000007f7800000| Untracked 
|1981|0x00000007f7a00000, 0x00000007f7c00000, 0x00000007f7c00000|100%| O|  |TAMS 0x00000007f7c00000| PB 0x00000007f7a00000| Untracked 
|1982|0x00000007f7c00000, 0x00000007f7e00000, 0x00000007f7e00000|100%| O|  |TAMS 0x00000007f7e00000| PB 0x00000007f7c00000| Untracked 
|1983|0x00000007f7e00000, 0x00000007f7e00000, 0x00000007f8000000|  0%| F|  |TAMS 0x00000007f7e00000| PB 0x00000007f7e00000| Untracked 
|1984|0x00000007f8000000, 0x00000007f8200000, 0x00000007f8200000|100%| O|  |TAMS 0x00000007f8200000| PB 0x00000007f8000000| Untracked 
|1985|0x00000007f8200000, 0x00000007f8400000, 0x00000007f8400000|100%| O|  |TAMS 0x00000007f8400000| PB 0x00000007f8200000| Untracked 
|1986|0x00000007f8400000, 0x00000007f8600000, 0x00000007f8600000|100%| O|  |TAMS 0x00000007f8600000| PB 0x00000007f8400000| Untracked 
|1987|0x00000007f8600000, 0x00000007f8800000, 0x00000007f8800000|100%| O|  |TAMS 0x00000007f8800000| PB 0x00000007f8600000| Untracked 
|1988|0x00000007f8800000, 0x00000007f8a00000, 0x00000007f8a00000|100%| O|  |TAMS 0x00000007f8a00000| PB 0x00000007f8800000| Untracked 
|1989|0x00000007f8a00000, 0x00000007f8c00000, 0x00000007f8c00000|100%| O|  |TAMS 0x00000007f8c00000| PB 0x00000007f8a00000| Untracked 
|1990|0x00000007f8c00000, 0x00000007f8e00000, 0x00000007f8e00000|100%| O|  |TAMS 0x00000007f8e00000| PB 0x00000007f8c00000| Untracked 
|1991|0x00000007f8e00000, 0x00000007f9000000, 0x00000007f9000000|100%| O|  |TAMS 0x00000007f9000000| PB 0x00000007f8e00000| Untracked 
|1992|0x00000007f9000000, 0x00000007f9200000, 0x00000007f9200000|100%| O|  |TAMS 0x00000007f9200000| PB 0x00000007f9000000| Untracked 
|1993|0x00000007f9200000, 0x00000007f9400000, 0x00000007f9400000|100%| O|  |TAMS 0x00000007f9400000| PB 0x00000007f9200000| Untracked 
|1994|0x00000007f9400000, 0x00000007f9600000, 0x00000007f9600000|100%| O|  |TAMS 0x00000007f9600000| PB 0x00000007f9400000| Untracked 
|1995|0x00000007f9600000, 0x00000007f9800000, 0x00000007f9800000|100%| O|  |TAMS 0x00000007f9800000| PB 0x00000007f9600000| Untracked 
|1996|0x00000007f9800000, 0x00000007f9a00000, 0x00000007f9a00000|100%| O|  |TAMS 0x00000007f9a00000| PB 0x00000007f9800000| Untracked 
|1997|0x00000007f9a00000, 0x00000007f9c00000, 0x00000007f9c00000|100%| O|  |TAMS 0x00000007f9c00000| PB 0x00000007f9a00000| Untracked 
|1998|0x00000007f9c00000, 0x00000007f9c00000, 0x00000007f9e00000|  0%| F|  |TAMS 0x00000007f9c00000| PB 0x00000007f9c00000| Untracked 
|1999|0x00000007f9e00000, 0x00000007f9e00000, 0x00000007fa000000|  0%| F|  |TAMS 0x00000007f9e00000| PB 0x00000007f9e00000| Untracked 
|2000|0x00000007fa000000, 0x00000007fa000000, 0x00000007fa200000|  0%| F|  |TAMS 0x00000007fa000000| PB 0x00000007fa000000| Untracked 
|2001|0x00000007fa200000, 0x00000007fa400000, 0x00000007fa400000|100%| O|  |TAMS 0x00000007fa400000| PB 0x00000007fa200000| Untracked 
|2002|0x00000007fa400000, 0x00000007fa400000, 0x00000007fa600000|  0%| F|  |TAMS 0x00000007fa400000| PB 0x00000007fa400000| Untracked 
|2003|0x00000007fa600000, 0x00000007fa600000, 0x00000007fa800000|  0%| F|  |TAMS 0x00000007fa600000| PB 0x00000007fa600000| Untracked 
|2004|0x00000007fa800000, 0x00000007fa800000, 0x00000007faa00000|  0%| F|  |TAMS 0x00000007fa800000| PB 0x00000007fa800000| Untracked 
|2005|0x00000007faa00000, 0x00000007faa00000, 0x00000007fac00000|  0%| F|  |TAMS 0x00000007faa00000| PB 0x00000007faa00000| Untracked 
|2006|0x00000007fac00000, 0x00000007fac00000, 0x00000007fae00000|  0%| F|  |TAMS 0x00000007fac00000| PB 0x00000007fac00000| Untracked 
|2007|0x00000007fae00000, 0x00000007fae00000, 0x00000007fb000000|  0%| F|  |TAMS 0x00000007fae00000| PB 0x00000007fae00000| Untracked 
|2008|0x00000007fb000000, 0x00000007fb000000, 0x00000007fb200000|  0%| F|  |TAMS 0x00000007fb000000| PB 0x00000007fb000000| Untracked 
|2009|0x00000007fb200000, 0x00000007fb200000, 0x00000007fb400000|  0%| F|  |TAMS 0x00000007fb200000| PB 0x00000007fb200000| Untracked 
|2010|0x00000007fb400000, 0x00000007fb400000, 0x00000007fb600000|  0%| F|  |TAMS 0x00000007fb400000| PB 0x00000007fb400000| Untracked 
|2011|0x00000007fb600000, 0x00000007fb600000, 0x00000007fb800000|  0%| F|  |TAMS 0x00000007fb600000| PB 0x00000007fb600000| Untracked 
|2012|0x00000007fb800000, 0x00000007fb800000, 0x00000007fba00000|  0%| F|  |TAMS 0x00000007fb800000| PB 0x00000007fb800000| Untracked 
|2013|0x00000007fba00000, 0x00000007fba00000, 0x00000007fbc00000|  0%| F|  |TAMS 0x00000007fba00000| PB 0x00000007fba00000| Untracked 
|2014|0x00000007fbc00000, 0x00000007fbc00000, 0x00000007fbe00000|  0%| F|  |TAMS 0x00000007fbc00000| PB 0x00000007fbc00000| Untracked 
|2015|0x00000007fbe00000, 0x00000007fbe00000, 0x00000007fc000000|  0%| F|  |TAMS 0x00000007fbe00000| PB 0x00000007fbe00000| Untracked 
|2016|0x00000007fc000000, 0x00000007fc040018, 0x00000007fc200000| 12%| S|CS|TAMS 0x00000007fc000000| PB 0x00000007fc000000| Complete 
|2017|0x00000007fc200000, 0x00000007fc400000, 0x00000007fc400000|100%| S|CS|TAMS 0x00000007fc200000| PB 0x00000007fc200000| Complete 
|2018|0x00000007fc400000, 0x00000007fc600000, 0x00000007fc600000|100%| S|CS|TAMS 0x00000007fc400000| PB 0x00000007fc400000| Complete 
|2019|0x00000007fc600000, 0x00000007fc800000, 0x00000007fc800000|100%| S|CS|TAMS 0x00000007fc600000| PB 0x00000007fc600000| Complete 
|2020|0x00000007fc800000, 0x00000007fca00000, 0x00000007fca00000|100%| S|CS|TAMS 0x00000007fc800000| PB 0x00000007fc800000| Complete 
|2021|0x00000007fca00000, 0x00000007fcc00000, 0x00000007fcc00000|100%| S|CS|TAMS 0x00000007fca00000| PB 0x00000007fca00000| Complete 
|2022|0x00000007fcc00000, 0x00000007fce00000, 0x00000007fce00000|100%| S|CS|TAMS 0x00000007fcc00000| PB 0x00000007fcc00000| Complete 
|2023|0x00000007fce00000, 0x00000007fd000000, 0x00000007fd000000|100%| S|CS|TAMS 0x00000007fce00000| PB 0x00000007fce00000| Complete 
|2024|0x00000007fd000000, 0x00000007fd200000, 0x00000007fd200000|100%| O|  |TAMS 0x00000007fd200000| PB 0x00000007fd000000| Untracked 
|2025|0x00000007fd200000, 0x00000007fd400000, 0x00000007fd400000|100%| O|  |TAMS 0x00000007fd400000| PB 0x00000007fd200000| Untracked 
|2026|0x00000007fd400000, 0x00000007fd600000, 0x00000007fd600000|100%| S|CS|TAMS 0x00000007fd400000| PB 0x00000007fd400000| Complete 
|2027|0x00000007fd600000, 0x00000007fd800000, 0x00000007fd800000|100%| O|  |TAMS 0x00000007fd800000| PB 0x00000007fd600000| Untracked 
|2028|0x00000007fd800000, 0x00000007fda00000, 0x00000007fda00000|100%| O|  |TAMS 0x00000007fda00000| PB 0x00000007fd800000| Untracked 
|2029|0x00000007fda00000, 0x00000007fdc00000, 0x00000007fdc00000|100%| O|  |TAMS 0x00000007fdc00000| PB 0x00000007fda00000| Untracked 
|2030|0x00000007fdc00000, 0x00000007fde00000, 0x00000007fde00000|100%| O|  |TAMS 0x00000007fde00000| PB 0x00000007fdc00000| Untracked 
|2031|0x00000007fde00000, 0x00000007fe000000, 0x00000007fe000000|100%| O|  |TAMS 0x00000007fe000000| PB 0x00000007fde00000| Untracked 
|2032|0x00000007fe000000, 0x00000007fe200000, 0x00000007fe200000|100%| O|  |TAMS 0x00000007fe200000| PB 0x00000007fe000000| Untracked 
|2033|0x00000007fe200000, 0x00000007fe400000, 0x00000007fe400000|100%| O|  |TAMS 0x00000007fe400000| PB 0x00000007fe200000| Untracked 
|2034|0x00000007fe400000, 0x00000007fe400000, 0x00000007fe600000|  0%| F|  |TAMS 0x00000007fe400000| PB 0x00000007fe400000| Untracked 
|2035|0x00000007fe600000, 0x00000007fe600000, 0x00000007fe800000|  0%| F|  |TAMS 0x00000007fe600000| PB 0x00000007fe600000| Untracked 
|2036|0x00000007fe800000, 0x00000007fe800000, 0x00000007fea00000|  0%| F|  |TAMS 0x00000007fe800000| PB 0x00000007fe800000| Untracked 
|2037|0x00000007fea00000, 0x00000007fea00000, 0x00000007fec00000|  0%| F|  |TAMS 0x00000007fea00000| PB 0x00000007fea00000| Untracked 
|2038|0x00000007fec00000, 0x00000007fee00000, 0x00000007fee00000|100%| O|  |TAMS 0x00000007fee00000| PB 0x00000007fec00000| Untracked 
|2039|0x00000007fee00000, 0x00000007ff000000, 0x00000007ff000000|100%| O|  |TAMS 0x00000007ff000000| PB 0x00000007fee00000| Untracked 
|2040|0x00000007ff000000, 0x00000007ff000000, 0x00000007ff200000|  0%| F|  |TAMS 0x00000007ff000000| PB 0x00000007ff000000| Untracked 
|2041|0x00000007ff200000, 0x00000007ff200000, 0x00000007ff400000|  0%| F|  |TAMS 0x00000007ff200000| PB 0x00000007ff200000| Untracked 
|2042|0x00000007ff400000, 0x00000007ff600000, 0x00000007ff600000|100%| O|  |TAMS 0x00000007ff600000| PB 0x00000007ff400000| Untracked 
|2043|0x00000007ff600000, 0x00000007ff600000, 0x00000007ff800000|  0%| F|  |TAMS 0x00000007ff600000| PB 0x00000007ff600000| Untracked 
|2044|0x00000007ff800000, 0x00000007ffa00000, 0x00000007ffa00000|100%| O|  |TAMS 0x00000007ffa00000| PB 0x00000007ff800000| Untracked 
|2045|0x00000007ffa00000, 0x00000007ffc00000, 0x00000007ffc00000|100%| O|  |TAMS 0x00000007ffc00000| PB 0x00000007ffa00000| Untracked 
|2046|0x00000007ffc00000, 0x00000007ffe00000, 0x00000007ffe00000|100%| O|  |TAMS 0x00000007ffe00000| PB 0x00000007ffc00000| Untracked 
|2047|0x00000007ffe00000, 0x0000000800000000, 0x0000000800000000|100%| O|  |TAMS 0x0000000800000000| PB 0x00000007ffe00000| Untracked 

Card table byte_map: [0x000001c673920000,0x000001c674120000] _byte_map_base: 0x000001c670120000

Marking Bits: (CMBitMap*) 0x000001c65b4f7c70
 Bits: [0x000001c674120000, 0x000001c678120000)

Polling page: 0x000001c6592c0000

Metaspace:

Usage:
  Non-class:    268.68 MB used.
      Class:     38.94 MB used.
       Both:    307.62 MB used.

Virtual space:
  Non-class space:      320.00 MB reserved,     270.88 MB ( 85%) committed,  5 nodes.
      Class space:        1.00 GB reserved,      41.19 MB (  4%) committed,  1 nodes.
             Both:        1.31 GB reserved,     312.06 MB ( 23%) committed. 

Chunk freelists:
   Non-Class:  892.00 KB
       Class:  6.70 MB
        Both:  7.57 MB

MaxMetaspaceSize: unlimited
CompressedClassSpaceSize: 1.00 GB
Initial GC threshold: 21.00 MB
Current GC threshold: 520.00 MB
CDS: on
 - commit_granule_bytes: 65536.
 - commit_granule_words: 8192.
 - virtual_space_node_default_size: 8388608.
 - enlarge_chunks_in_place: 1.
 - use_allocation_guard: 0.


Internal statistics:

num_allocs_failed_limit: 9.
num_arena_births: 8582.
num_arena_deaths: 68.
num_vsnodes_births: 6.
num_vsnodes_deaths: 0.
num_space_committed: 4989.
num_space_uncommitted: 0.
num_chunks_returned_to_freelist: 114.
num_chunks_taken_from_freelist: 23655.
num_chunk_merges: 17.
num_chunk_splits: 15418.
num_chunks_enlarged: 9676.
num_inconsistent_stats: 0.

CodeHeap 'non-profiled nmethods': size=120000Kb used=26054Kb max_used=47660Kb free=93945Kb
 bounds [0x000001c66b690000, 0x000001c66e5a0000, 0x000001c672bc0000]
CodeHeap 'profiled nmethods': size=120000Kb used=19047Kb max_used=89061Kb free=100952Kb
 bounds [0x000001c663bc0000, 0x000001c6692c0000, 0x000001c66b0f0000]
CodeHeap 'non-nmethods': size=5760Kb used=2636Kb max_used=2735Kb free=3123Kb
 bounds [0x000001c66b0f0000, 0x000001c66b3b0000, 0x000001c66b690000]
CodeCache: size=245760Kb, used=47737Kb, max_used=139456Kb, free=198020Kb
 total_blobs=14828, nmethods=13431, adapters=1298, full_count=0
Compilation: enabled, stopped_count=0, restarted_count=0

Compilation events (20 events):
Event: 1709.578 Thread 0x000001c67831e640 73358       1       com.android.tools.r8.internal.al0::o (4 bytes)
Event: 1709.579 Thread 0x000001c67831e640 nmethod 73358 0x000001c66b780510 code [0x000001c66b7806a0, 0x000001c66b780768]
Event: 1709.581 Thread 0x000001c67831e640 73359       1       com.android.tools.r8.internal.zm0::o (3 bytes)
Event: 1709.581 Thread 0x000001c67831e640 nmethod 73359 0x000001c66b78b990 code [0x000001c66b78bb20, 0x000001c66b78bbe8]
Event: 1709.595 Thread 0x000001c67831e640 73360       1       com.android.tools.r8.internal.yd0::o (3 bytes)
Event: 1709.595 Thread 0x000001c67831e640 nmethod 73360 0x000001c66b78f210 code [0x000001c66b78f3a0, 0x000001c66b78f468]
Event: 1709.613 Thread 0x000001c67831e640 73361       3       com.android.tools.r8.internal.ag0::a (17 bytes)
Event: 1709.613 Thread 0x000001c67831e640 nmethod 73361 0x000001c6658e4b90 code [0x000001c6658e4d40, 0x000001c6658e4f98]
Event: 1709.614 Thread 0x000001c67831e640 73362       3       com.android.tools.r8.internal.ug0::a (17 bytes)
Event: 1709.614 Thread 0x000001c67831e640 nmethod 73362 0x000001c665943e90 code [0x000001c665944040, 0x000001c665944298]
Event: 1709.614 Thread 0x000001c67831e640 73363       3       com.android.tools.r8.internal.yi0::a (17 bytes)
Event: 1709.615 Thread 0x000001c67831e640 nmethod 73363 0x000001c665b70f90 code [0x000001c665b71140, 0x000001c665b71398]
Event: 1709.615 Thread 0x000001c67831e640 73364       3       com.android.tools.r8.internal.zk0::a (17 bytes)
Event: 1709.615 Thread 0x000001c67831e640 nmethod 73364 0x000001c666028d10 code [0x000001c666028ec0, 0x000001c666029118]
Event: 1709.615 Thread 0x000001c67831e640 73365       1       com.android.tools.r8.internal.bg0::o (4 bytes)
Event: 1709.615 Thread 0x000001c67831e640 nmethod 73365 0x000001c66b794e10 code [0x000001c66b794fa0, 0x000001c66b795068]
Event: 1709.619 Thread 0x000001c67831e640 73366       3       com.android.tools.r8.internal.sn0::a (75 bytes)
Event: 1709.619 Thread 0x000001c67831e640 nmethod 73366 0x000001c663be5d10 code [0x000001c663be5f20, 0x000001c663be6488]
Event: 1709.620 Thread 0x000001c67831e640 73367       1       com.android.tools.r8.internal.un0::o (3 bytes)
Event: 1709.620 Thread 0x000001c67831e640 nmethod 73367 0x000001c66b797210 code [0x000001c66b7973a0, 0x000001c66b797468]

GC Heap History (20 events):
Event: 1699.287 GC heap after
{Heap after GC invocations=212 (full 0):
 garbage-first heap   total 1167360K, used 335210K [0x0000000700000000, 0x0000000800000000)
  region size 2048K, 5 young (10240K), 5 survivors (10240K)
 Metaspace       used 314743K, committed 319296K, reserved 1376256K
  class space    used 39870K, committed 42176K, reserved 1048576K
}
Event: 1702.118 GC heap before
{Heap before GC invocations=213 (full 0):
 garbage-first heap   total 1167360K, used 1164650K [0x0000000700000000, 0x0000000800000000)
  region size 2048K, 299 young (612352K), 5 survivors (10240K)
 Metaspace       used 314786K, committed 319296K, reserved 1376256K
  class space    used 39870K, committed 42176K, reserved 1048576K
}
Event: 1702.388 GC heap after
{Heap after GC invocations=214 (full 0):
 garbage-first heap   total 1429504K, used 722944K [0x0000000700000000, 0x0000000800000000)
  region size 2048K, 43 young (88064K), 43 survivors (88064K)
 Metaspace       used 314786K, committed 319296K, reserved 1376256K
  class space    used 39870K, committed 42176K, reserved 1048576K
}
Event: 1702.398 GC heap before
{Heap before GC invocations=214 (full 0):
 garbage-first heap   total 1429504K, used 724992K [0x0000000700000000, 0x0000000800000000)
  region size 2048K, 45 young (92160K), 43 survivors (88064K)
 Metaspace       used 314792K, committed 319296K, reserved 1376256K
  class space    used 39870K, committed 42176K, reserved 1048576K
}
Event: 1702.472 GC heap after
{Heap after GC invocations=215 (full 0):
 garbage-first heap   total 1429504K, used 733337K [0x0000000700000000, 0x0000000800000000)
  region size 2048K, 5 young (10240K), 5 survivors (10240K)
 Metaspace       used 314792K, committed 319296K, reserved 1376256K
  class space    used 39870K, committed 42176K, reserved 1048576K
}
Event: 1704.195 GC heap before
{Heap before GC invocations=215 (full 0):
 garbage-first heap   total 1429504K, used 1192089K [0x0000000700000000, 0x0000000800000000)
  region size 2048K, 225 young (460800K), 5 survivors (10240K)
 Metaspace       used 314956K, committed 319488K, reserved 1376256K
  class space    used 39875K, committed 42176K, reserved 1048576K
}
Event: 1704.269 GC heap after
{Heap after GC invocations=216 (full 0):
 garbage-first heap   total 1429504K, used 880128K [0x0000000700000000, 0x0000000800000000)
  region size 2048K, 29 young (59392K), 29 survivors (59392K)
 Metaspace       used 314956K, committed 319488K, reserved 1376256K
  class space    used 39875K, committed 42176K, reserved 1048576K
}
Event: 1704.697 GC heap before
{Heap before GC invocations=216 (full 0):
 garbage-first heap   total 1429504K, used 960000K [0x0000000700000000, 0x0000000800000000)
  region size 2048K, 69 young (141312K), 29 survivors (59392K)
 Metaspace       used 314959K, committed 319488K, reserved 1376256K
  class space    used 39875K, committed 42176K, reserved 1048576K
}
Event: 1704.733 GC heap after
{Heap after GC invocations=217 (full 0):
 garbage-first heap   total 1429504K, used 910336K [0x0000000700000000, 0x0000000800000000)
  region size 2048K, 12 young (24576K), 12 survivors (24576K)
 Metaspace       used 314959K, committed 319488K, reserved 1376256K
  class space    used 39875K, committed 42176K, reserved 1048576K
}
Event: 1705.765 GC heap before
{Heap before GC invocations=218 (full 0):
 garbage-first heap   total 1429504K, used 1141760K [0x0000000700000000, 0x0000000800000000)
  region size 2048K, 157 young (321536K), 12 survivors (24576K)
 Metaspace       used 314964K, committed 319488K, reserved 1376256K
  class space    used 39875K, committed 42176K, reserved 1048576K
}
Event: 1705.798 GC heap after
{Heap after GC invocations=219 (full 0):
 garbage-first heap   total 1429504K, used 866304K [0x0000000700000000, 0x0000000800000000)
  region size 2048K, 20 young (40960K), 20 survivors (40960K)
 Metaspace       used 314964K, committed 319488K, reserved 1376256K
  class space    used 39875K, committed 42176K, reserved 1048576K
}
Event: 1707.046 GC heap before
{Heap before GC invocations=219 (full 0):
 garbage-first heap   total 1429504K, used 1249280K [0x0000000700000000, 0x0000000800000000)
  region size 2048K, 188 young (385024K), 20 survivors (40960K)
 Metaspace       used 314997K, committed 319552K, reserved 1376256K
  class space    used 39878K, committed 42176K, reserved 1048576K
}
Event: 1707.082 GC heap after
{Heap after GC invocations=220 (full 0):
 garbage-first heap   total 1429504K, used 868191K [0x0000000700000000, 0x0000000800000000)
  region size 2048K, 15 young (30720K), 15 survivors (30720K)
 Metaspace       used 314997K, committed 319552K, reserved 1376256K
  class space    used 39878K, committed 42176K, reserved 1048576K
}
Event: 1707.180 GC heap before
{Heap before GC invocations=220 (full 0):
 garbage-first heap   total 1429504K, used 884575K [0x0000000700000000, 0x0000000800000000)
  region size 2048K, 24 young (49152K), 15 survivors (30720K)
 Metaspace       used 314997K, committed 319552K, reserved 1376256K
  class space    used 39878K, committed 42176K, reserved 1048576K
}
Event: 1707.207 GC heap after
{Heap after GC invocations=221 (full 0):
 garbage-first heap   total 1429504K, used 873409K [0x0000000700000000, 0x0000000800000000)
  region size 2048K, 9 young (18432K), 9 survivors (18432K)
 Metaspace       used 314997K, committed 319552K, reserved 1376256K
  class space    used 39878K, committed 42176K, reserved 1048576K
}
Event: 1709.061 GC heap before
{Heap before GC invocations=222 (full 0):
 garbage-first heap   total 1458176K, used 1203137K [0x0000000700000000, 0x0000000800000000)
  region size 2048K, 171 young (350208K), 9 survivors (18432K)
 Metaspace       used 314998K, committed 319552K, reserved 1376256K
  class space    used 39878K, committed 42176K, reserved 1048576K
}
Event: 1709.092 GC heap after
{Heap after GC invocations=223 (full 0):
 garbage-first heap   total 1458176K, used 899137K [0x0000000700000000, 0x0000000800000000)
  region size 2048K, 22 young (45056K), 22 survivors (45056K)
 Metaspace       used 314998K, committed 319552K, reserved 1376256K
  class space    used 39878K, committed 42176K, reserved 1048576K
}
Event: 1709.631 GC heap before
{Heap before GC invocations=223 (full 0):
 garbage-first heap   total 1458176K, used 1335361K [0x0000000700000000, 0x0000000800000000)
  region size 2048K, 195 young (399360K), 22 survivors (45056K)
 Metaspace       used 315002K, committed 319552K, reserved 1376256K
  class space    used 39878K, committed 42176K, reserved 1048576K
}
Event: 1709.667 GC heap after
{Heap after GC invocations=224 (full 0):
 garbage-first heap   total 1458176K, used 957758K [0x0000000700000000, 0x0000000800000000)
  region size 2048K, 9 young (18432K), 9 survivors (18432K)
 Metaspace       used 315002K, committed 319552K, reserved 1376256K
  class space    used 39878K, committed 42176K, reserved 1048576K
}
Event: 1709.676 GC heap before
{Heap before GC invocations=224 (full 0):
 garbage-first heap   total 1458176K, used 970046K [0x0000000700000000, 0x0000000800000000)
  region size 2048K, 16 young (32768K), 9 survivors (18432K)
 Metaspace       used 315002K, committed 319552K, reserved 1376256K
  class space    used 39878K, committed 42176K, reserved 1048576K
}

Dll operation events (16 events):
Event: 0.017 Loaded shared library D:\.gradle\jdks\amazon_com_inc_-21-amd64-windows.2\bin\java.dll
Event: 0.060 Loaded shared library D:\.gradle\jdks\amazon_com_inc_-21-amd64-windows.2\bin\jsvml.dll
Event: 0.102 Loaded shared library D:\.gradle\jdks\amazon_com_inc_-21-amd64-windows.2\bin\zip.dll
Event: 0.107 Loaded shared library D:\.gradle\jdks\amazon_com_inc_-21-amd64-windows.2\bin\instrument.dll
Event: 0.112 Loaded shared library D:\.gradle\jdks\amazon_com_inc_-21-amd64-windows.2\bin\net.dll
Event: 0.114 Loaded shared library D:\.gradle\jdks\amazon_com_inc_-21-amd64-windows.2\bin\nio.dll
Event: 0.117 Loaded shared library D:\.gradle\jdks\amazon_com_inc_-21-amd64-windows.2\bin\zip.dll
Event: 0.309 Loaded shared library D:\.gradle\jdks\amazon_com_inc_-21-amd64-windows.2\bin\jimage.dll
Event: 0.517 Loaded shared library D:\.gradle\jdks\amazon_com_inc_-21-amd64-windows.2\bin\verify.dll
Event: 0.566 Loaded shared library D:\.gradle\native\1def1411415f61bf3af743bc5b6707747c0891f09f0c88961ee8f79bc544acac\windows-amd64\native-platform.dll
Event: 0.577 Loaded shared library D:\.gradle\native\0.2.8\x86_64-windows-gnu\gradle-fileevents.dll
Event: 1.444 Loaded shared library D:\.gradle\jdks\amazon_com_inc_-21-amd64-windows.2\bin\management.dll
Event: 1.447 Loaded shared library D:\.gradle\jdks\amazon_com_inc_-21-amd64-windows.2\bin\management_ext.dll
Event: 1.699 Loaded shared library D:\.gradle\jdks\amazon_com_inc_-21-amd64-windows.2\bin\extnet.dll
Event: 1.934 Loaded shared library D:\.gradle\jdks\amazon_com_inc_-21-amd64-windows.2\bin\sunmscapi.dll
Event: 41.135 Loaded shared library D:\.gradle\jdks\amazon_com_inc_-21-amd64-windows.2\bin\rmi.dll

Deoptimization events (20 events):
Event: 1707.537 Thread 0x000001c68316a080 DEOPT PACKING pc=0x000001c6656266f8 sp=0x000000ba393fea40
Event: 1707.537 Thread 0x000001c68316a080 DEOPT UNPACKING pc=0x000001c66b144bc2 sp=0x000000ba393fdef0 mode 0
Event: 1707.559 Thread 0x000001c647dec890 DEOPT PACKING pc=0x000001c6656266f8 sp=0x000000ba397fef80
Event: 1707.559 Thread 0x000001c647dec890 DEOPT UNPACKING pc=0x000001c66b144bc2 sp=0x000000ba397fe430 mode 0
Event: 1707.578 Thread 0x000001c647dec890 DEOPT PACKING pc=0x000001c6656266f8 sp=0x000000ba397fef80
Event: 1707.578 Thread 0x000001c647dec890 DEOPT UNPACKING pc=0x000001c66b144bc2 sp=0x000000ba397fe430 mode 0
Event: 1707.602 Thread 0x000001c68316a080 DEOPT PACKING pc=0x000001c6656266f8 sp=0x000000ba393fea40
Event: 1707.602 Thread 0x000001c68316a080 DEOPT UNPACKING pc=0x000001c66b144bc2 sp=0x000000ba393fdef0 mode 0
Event: 1707.602 Thread 0x000001c68316a080 Uncommon trap: trap_request=0xffffffbe fr.pc=0x000001c66ca542a0 relative=0x00000000000002e0
Event: 1707.602 Thread 0x000001c68316a080 Uncommon trap: reason=profile_predicate action=maybe_recompile pc=0x000001c66ca542a0 method=java.util.LinkedList.toArray([Ljava/lang/Object;)[Ljava/lang/Object; @ 37 c2
Event: 1707.602 Thread 0x000001c68316a080 DEOPT PACKING pc=0x000001c66ca542a0 sp=0x000000ba393fea30
Event: 1707.602 Thread 0x000001c68316a080 DEOPT UNPACKING pc=0x000001c66b144422 sp=0x000000ba393fea00 mode 2
Event: 1709.105 Thread 0x000001c682f6a330 DEOPT PACKING pc=0x000001c6691f2d21 sp=0x000000ba392fe7f0
Event: 1709.105 Thread 0x000001c682f6a330 DEOPT UNPACKING pc=0x000001c66b144bc2 sp=0x000000ba392fdc88 mode 0
Event: 1709.273 Thread 0x000001c647dec890 DEOPT PACKING pc=0x000001c6643533ee sp=0x000000ba397fed10
Event: 1709.273 Thread 0x000001c647dec890 DEOPT UNPACKING pc=0x000001c66b144bc2 sp=0x000000ba397fe2c8 mode 0
Event: 1709.399 Thread 0x000001c647dec890 DEOPT PACKING pc=0x000001c665fb95f0 sp=0x000000ba397fe8c0
Event: 1709.399 Thread 0x000001c647dec890 DEOPT UNPACKING pc=0x000001c66b144bc2 sp=0x000000ba397fddf0 mode 0
Event: 1709.502 Thread 0x000001c68316a080 DEOPT PACKING pc=0x000001c6643d7c30 sp=0x000000ba393fe390
Event: 1709.502 Thread 0x000001c68316a080 DEOPT UNPACKING pc=0x000001c66b144bc2 sp=0x000000ba393fd9b8 mode 0

Classes loaded (20 events):
Event: 1517.699 Loading class sun/security/ssl/PreSharedKeyExtension$CHPreSharedKeySpec
Event: 1517.699 Loading class sun/security/ssl/PreSharedKeyExtension$CHPreSharedKeySpec done
Event: 1517.700 Loading class sun/security/ssl/PreSharedKeyExtension$PartialClientHelloMessage
Event: 1517.700 Loading class sun/security/ssl/PreSharedKeyExtension$PartialClientHelloMessage done
Event: 1517.700 Loading class sun/security/ssl/SSLEngineOutputRecord
Event: 1517.706 Loading class sun/security/ssl/SSLEngineOutputRecord done
Event: 1517.707 Loading class sun/security/ssl/SSLEngineOutputRecord$HandshakeFragment
Event: 1517.707 Loading class sun/security/ssl/SSLEngineOutputRecord$HandshakeFragment done
Event: 1517.708 Loading class sun/security/ssl/SSLEngineOutputRecord$HandshakeMemo
Event: 1517.708 Loading class sun/security/ssl/SSLEngineOutputRecord$RecordMemo
Event: 1517.708 Loading class sun/security/ssl/SSLEngineOutputRecord$RecordMemo done
Event: 1517.708 Loading class sun/security/ssl/SSLEngineOutputRecord$HandshakeMemo done
Event: 1517.815 Loading class sun/security/ssl/PreSharedKeyExtension$SHPreSharedKeySpec
Event: 1517.815 Loading class sun/security/ssl/PreSharedKeyExtension$SHPreSharedKeySpec done
Event: 1602.634 Loading class sun/security/ssl/Alert
Event: 1602.635 Loading class sun/security/ssl/Alert done
Event: 1602.636 Loading class sun/security/ssl/Alert$AlertConsumer
Event: 1602.636 Loading class sun/security/ssl/Alert$AlertConsumer done
Event: 1602.637 Loading class sun/security/ssl/Alert$Level
Event: 1602.637 Loading class sun/security/ssl/Alert$Level done

Classes unloaded (20 events):
Event: 35.856 Thread 0x000001c6782e19c0 Unloading class 0x000001c6023db800 'java/lang/invoke/LambdaForm$MH+0x000001c6023db800'
Event: 35.856 Thread 0x000001c6782e19c0 Unloading class 0x000001c6023db000 'java/lang/invoke/LambdaForm$MH+0x000001c6023db000'
Event: 35.856 Thread 0x000001c6782e19c0 Unloading class 0x000001c6023da800 'java/lang/invoke/LambdaForm$MH+0x000001c6023da800'
Event: 35.856 Thread 0x000001c6782e19c0 Unloading class 0x000001c6023da400 'java/lang/invoke/LambdaForm$MH+0x000001c6023da400'
Event: 35.856 Thread 0x000001c6782e19c0 Unloading class 0x000001c6023d9800 'java/lang/invoke/LambdaForm$MH+0x000001c6023d9800'
Event: 35.856 Thread 0x000001c6782e19c0 Unloading class 0x000001c6023d9000 'java/lang/invoke/LambdaForm$BMH+0x000001c6023d9000'
Event: 35.856 Thread 0x000001c6782e19c0 Unloading class 0x000001c6023d8c00 'java/lang/invoke/LambdaForm$DMH+0x000001c6023d8c00'
Event: 35.856 Thread 0x000001c6782e19c0 Unloading class 0x000001c6023d8400 'java/lang/invoke/LambdaForm$DMH+0x000001c6023d8400'
Event: 39.225 Thread 0x000001c6782e19c0 Unloading class 0x000001c602550c00 'java/lang/invoke/LambdaForm$DMH+0x000001c602550c00'
Event: 39.225 Thread 0x000001c6782e19c0 Unloading class 0x000001c602550800 'java/lang/invoke/LambdaForm$DMH+0x000001c602550800'
Event: 39.225 Thread 0x000001c6782e19c0 Unloading class 0x000001c602550400 'java/lang/invoke/LambdaForm$DMH+0x000001c602550400'
Event: 47.020 Thread 0x000001c6782e19c0 Unloading class 0x000001c6028c0800 'java/lang/invoke/LambdaForm$DMH+0x000001c6028c0800'
Event: 47.020 Thread 0x000001c6782e19c0 Unloading class 0x000001c602884400 'java/lang/invoke/LambdaForm$DMH+0x000001c602884400'
Event: 47.020 Thread 0x000001c6782e19c0 Unloading class 0x000001c6027ec400 'java/lang/invoke/LambdaForm$DMH+0x000001c6027ec400'
Event: 876.197 Thread 0x000001c6782e19c0 Unloading class 0x000001c603244c00 'java/lang/invoke/LambdaForm$DMH+0x000001c603244c00'
Event: 876.197 Thread 0x000001c6782e19c0 Unloading class 0x000001c603244400 'java/lang/invoke/LambdaForm$DMH+0x000001c603244400'
Event: 876.197 Thread 0x000001c6782e19c0 Unloading class 0x000001c603244800 'java/lang/invoke/LambdaForm$DMH+0x000001c603244800'
Event: 876.197 Thread 0x000001c6782e19c0 Unloading class 0x000001c603210400 'jdk/internal/reflect/GeneratedSerializationConstructorAccessor522'
Event: 952.283 Thread 0x000001c6782e19c0 Unloading class 0x000001c6032d4800 'java/lang/invoke/LambdaForm$DMH+0x000001c6032d4800'
Event: 952.283 Thread 0x000001c6782e19c0 Unloading class 0x000001c6032d4400 'java/lang/invoke/LambdaForm$DMH+0x000001c6032d4400'

Classes redefined (0 events):
No events

Internal exceptions (20 events):
Event: 1701.991 Thread 0x000001c6809f4d80 Exception <a 'sun/nio/fs/WindowsException'{0x00000007254c9b90}> (0x00000007254c9b90) 
thrown [s\src\hotspot\share\prims\jni.cpp, line 520]
Event: 1701.991 Thread 0x000001c6809f4d80 Exception <a 'sun/nio/fs/WindowsException'{0x00000007254cae50}> (0x00000007254cae50) 
thrown [s\src\hotspot\share\prims\jni.cpp, line 520]
Event: 1701.991 Thread 0x000001c6809f4d80 Exception <a 'sun/nio/fs/WindowsException'{0x00000007254cc4a8}> (0x00000007254cc4a8) 
thrown [s\src\hotspot\share\prims\jni.cpp, line 520]
Event: 1701.994 Thread 0x000001c6809f4d80 Exception <a 'sun/nio/fs/WindowsException'{0x00000007254cd8b8}> (0x00000007254cd8b8) 
thrown [s\src\hotspot\share\prims\jni.cpp, line 520]
Event: 1701.995 Thread 0x000001c6809f4d80 Exception <a 'sun/nio/fs/WindowsException'{0x00000007254cec48}> (0x00000007254cec48) 
thrown [s\src\hotspot\share\prims\jni.cpp, line 520]
Event: 1702.090 Thread 0x000001c647859850 Exception <a 'sun/nio/fs/WindowsException'{0x0000000720201080}> (0x0000000720201080) 
thrown [s\src\hotspot\share\prims\jni.cpp, line 520]
Event: 1702.092 Thread 0x000001c647859850 Exception <a 'sun/nio/fs/WindowsException'{0x00000007202f5270}> (0x00000007202f5270) 
thrown [s\src\hotspot\share\prims\jni.cpp, line 520]
Event: 1702.094 Thread 0x000001c647859850 Exception <a 'sun/nio/fs/WindowsException'{0x00000007203b0be0}> (0x00000007203b0be0) 
thrown [s\src\hotspot\share\prims\jni.cpp, line 520]
Event: 1702.488 Thread 0x000001c682f68260 Exception <a 'sun/nio/fs/WindowsException'{0x00000007fca5e4a8}> (0x00000007fca5e4a8) 
thrown [s\src\hotspot\share\prims\jni.cpp, line 520]
Event: 1702.522 Thread 0x000001c64d483ed0 Exception <a 'sun/nio/fs/WindowsException'{0x00000007fc090aa0}> (0x00000007fc090aa0) 
thrown [s\src\hotspot\share\prims\jni.cpp, line 520]
Event: 1702.541 Thread 0x000001c655544040 Exception <a 'sun/nio/fs/WindowsException'{0x00000007fb8f4b80}> (0x00000007fb8f4b80) 
thrown [s\src\hotspot\share\prims\jni.cpp, line 520]
Event: 1702.678 Thread 0x000001c65053e090 Exception <a 'sun/nio/fs/WindowsException'{0x0000000751b99f40}> (0x0000000751b99f40) 
thrown [s\src\hotspot\share\prims\jni.cpp, line 520]
Event: 1702.678 Thread 0x000001c65053e090 Exception <a 'sun/nio/fs/WindowsException'{0x0000000751bc30e8}> (0x0000000751bc30e8) 
thrown [s\src\hotspot\share\prims\jni.cpp, line 520]
Event: 1702.679 Thread 0x000001c65053e090 Exception <a 'sun/nio/fs/WindowsException'{0x0000000751bc5498}> (0x0000000751bc5498) 
thrown [s\src\hotspot\share\prims\jni.cpp, line 520]
Event: 1702.699 Thread 0x000001c65053e090 Exception <a 'sun/nio/fs/WindowsException'{0x00000007512b2768}> (0x00000007512b2768) 
thrown [s\src\hotspot\share\prims\jni.cpp, line 520]
Event: 1702.780 Thread 0x000001c655544040 Exception <a 'sun/nio/fs/WindowsException'{0x00000007434a39a0}> (0x00000007434a39a0) 
thrown [s\src\hotspot\share\prims\jni.cpp, line 520]
Event: 1702.781 Thread 0x000001c655544040 Exception <a 'sun/nio/fs/WindowsException'{0x0000000743545368}> (0x0000000743545368) 
thrown [s\src\hotspot\share\prims\jni.cpp, line 520]
Event: 1702.789 Thread 0x000001c64d483ed0 Exception <a 'sun/nio/fs/WindowsException'{0x0000000743199730}> (0x0000000743199730) 
thrown [s\src\hotspot\share\prims\jni.cpp, line 520]
Event: 1702.805 Thread 0x000001c6809f4060 Exception <a 'sun/nio/fs/WindowsException'{0x000000074296b780}> (0x000000074296b780) 
thrown [s\src\hotspot\share\prims\jni.cpp, line 520]
Event: 1709.485 Thread 0x000001c682f6a330 Exception <a 'sun/nio/fs/WindowsException'{0x000000073e662f60}> (0x000000073e662f60) 
thrown [s\src\hotspot\share\prims\jni.cpp, line 520]

ZGC Phase Switch (0 events):
No events

VM Operations (20 events):
Event: 1705.194 Executing safepoint VM operation: G1PauseRemark done
Event: 1705.594 Executing safepoint VM operation: G1PauseCleanup
Event: 1705.594 Executing safepoint VM operation: G1PauseCleanup done
Event: 1705.765 Executing safepoint VM operation: G1CollectForAllocation (G1 Evacuation Pause)
Event: 1705.798 Executing safepoint VM operation: G1CollectForAllocation (G1 Evacuation Pause) done
Event: 1706.799 Executing safepoint VM operation: Cleanup
Event: 1706.799 Executing safepoint VM operation: Cleanup done
Event: 1707.046 Executing safepoint VM operation: G1CollectForAllocation (G1 Evacuation Pause)
Event: 1707.082 Executing safepoint VM operation: G1CollectForAllocation (G1 Evacuation Pause) done
Event: 1707.180 Executing safepoint VM operation: G1TryInitiateConcMark (G1 Humongous Allocation)
Event: 1707.207 Executing safepoint VM operation: G1TryInitiateConcMark (G1 Humongous Allocation) done
Event: 1707.679 Executing safepoint VM operation: G1PauseRemark
Event: 1707.761 Executing safepoint VM operation: G1PauseRemark done
Event: 1708.142 Executing safepoint VM operation: G1PauseCleanup
Event: 1708.142 Executing safepoint VM operation: G1PauseCleanup done
Event: 1709.061 Executing safepoint VM operation: G1CollectForAllocation (G1 Evacuation Pause)
Event: 1709.092 Executing safepoint VM operation: G1CollectForAllocation (G1 Evacuation Pause) done
Event: 1709.631 Executing safepoint VM operation: G1CollectForAllocation (G1 Evacuation Pause)
Event: 1709.668 Executing safepoint VM operation: G1CollectForAllocation (G1 Evacuation Pause) done
Event: 1709.676 Executing safepoint VM operation: G1TryInitiateConcMark (G1 Humongous Allocation)

Memory protections (0 events):
No events

Nmethod flushes (20 events):
Event: 1707.746 Thread 0x000001c6782e19c0 flushing  nmethod 0x000001c668ec8310
Event: 1707.746 Thread 0x000001c6782e19c0 flushing  nmethod 0x000001c668ec8790
Event: 1707.746 Thread 0x000001c6782e19c0 flushing  nmethod 0x000001c668ec9310
Event: 1707.746 Thread 0x000001c6782e19c0 flushing  nmethod 0x000001c668ecbe90
Event: 1707.746 Thread 0x000001c6782e19c0 flushing  nmethod 0x000001c66903ae90
Event: 1707.746 Thread 0x000001c6782e19c0 flushing  nmethod 0x000001c669054990
Event: 1707.746 Thread 0x000001c6782e19c0 flushing  nmethod 0x000001c669057690
Event: 1707.746 Thread 0x000001c6782e19c0 flushing  nmethod 0x000001c669058090
Event: 1707.746 Thread 0x000001c6782e19c0 flushing  nmethod 0x000001c669058f90
Event: 1707.746 Thread 0x000001c6782e19c0 flushing  nmethod 0x000001c66905dc90
Event: 1707.746 Thread 0x000001c6782e19c0 flushing  nmethod 0x000001c669216b10
Event: 1707.746 Thread 0x000001c6782e19c0 flushing  nmethod 0x000001c669217090
Event: 1707.746 Thread 0x000001c6782e19c0 flushing  nmethod 0x000001c66925b510
Event: 1707.746 Thread 0x000001c6782e19c0 flushing  nmethod 0x000001c6692a4a10
Event: 1707.746 Thread 0x000001c6782e19c0 flushing  nmethod 0x000001c6692a5410
Event: 1707.746 Thread 0x000001c6782e19c0 flushing  nmethod 0x000001c6692a5790
Event: 1707.746 Thread 0x000001c6782e19c0 flushing  nmethod 0x000001c6692a5d90
Event: 1707.746 Thread 0x000001c6782e19c0 flushing  nmethod 0x000001c6692a8990
Event: 1707.746 Thread 0x000001c6782e19c0 flushing  nmethod 0x000001c6692ab010
Event: 1707.746 Thread 0x000001c6782e19c0 flushing  nmethod 0x000001c6692ab910

Events (20 events):
Event: 1702.509 Thread 0x000001c6501bde80 Thread added: 0x000001c657582870
Event: 1702.518 Thread 0x000001c647859850 Thread added: 0x000001c64e170ba0
Event: 1702.523 Thread 0x000001c64d483ed0 Thread added: 0x000001c657581b50
Event: 1702.683 Thread 0x000001c647859850 Thread added: 0x000001c6509cac50
Event: 1702.703 Thread 0x000001c65053e090 Thread added: 0x000001c6809f4060
Event: 1702.704 Thread 0x000001c65053e090 Thread added: 0x000001c6809f46f0
Event: 1702.707 Thread 0x000001c65053e090 Thread added: 0x000001c6809f6130
Event: 1704.272 Thread 0x000001c64d484bf0 Thread exited: 0x000001c64d484bf0
Event: 1704.791 Thread 0x000001c6809f46f0 Thread exited: 0x000001c6809f46f0
Event: 1704.791 Thread 0x000001c682f68260 Thread exited: 0x000001c682f68260
Event: 1704.791 Thread 0x000001c657581b50 Thread exited: 0x000001c657581b50
Event: 1704.839 Thread 0x000001c64e170ba0 Thread exited: 0x000001c64e170ba0
Event: 1707.083 Thread 0x000001c650378760 Thread exited: 0x000001c650378760
Event: 1707.105 Thread 0x000001c64d7ea7f0 Thread exited: 0x000001c64d7ea7f0
Event: 1707.295 Thread 0x000001c67830bd10 Thread added: 0x000001c680a28360
Event: 1707.299 Thread 0x000001c67831e640 Thread added: 0x000001c680a28a30
Event: 1707.793 Thread 0x000001c680a28a30 Thread exited: 0x000001c680a28a30
Event: 1707.793 Thread 0x000001c680a28360 Thread exited: 0x000001c680a28360
Event: 1709.127 Thread 0x000001c67830bd10 Thread added: 0x000001c680a26ef0
Event: 1709.127 Thread 0x000001c67830bd10 Thread added: 0x000001c680a25a80


Dynamic libraries:
0x00007ff74b6c0000 - 0x00007ff74b6ce000 	D:\.gradle\jdks\amazon_com_inc_-21-amd64-windows.2\bin\java.exe
0x00007ffd752c0000 - 0x00007ffd75526000 	C:\WINDOWS\SYSTEM32\ntdll.dll
0x00007ffd73880000 - 0x00007ffd73949000 	C:\WINDOWS\System32\KERNEL32.DLL
0x00007ffd729f0000 - 0x00007ffd72df0000 	C:\WINDOWS\System32\KERNELBASE.dll
0x00007ffd72e90000 - 0x00007ffd72fdc000 	C:\WINDOWS\System32\ucrtbase.dll
0x00007ffd38540000 - 0x00007ffd38558000 	D:\.gradle\jdks\amazon_com_inc_-21-amd64-windows.2\bin\jli.dll
0x00007ffd382a0000 - 0x00007ffd382be000 	D:\.gradle\jdks\amazon_com_inc_-21-amd64-windows.2\bin\VCRUNTIME140.dll
0x00007ffd73960000 - 0x00007ffd73b27000 	C:\WINDOWS\System32\USER32.dll
0x00007ffd725a0000 - 0x00007ffd725c7000 	C:\WINDOWS\System32\win32u.dll
0x00007ffd52790000 - 0x00007ffd52a22000 	C:\WINDOWS\WinSxS\amd64_microsoft.windows.common-controls_6595b64144ccf1df_6.0.26100.8737_none_3e092eaee333b772\COMCTL32.dll
0x00007ffd73c60000 - 0x00007ffd73d09000 	C:\WINDOWS\System32\msvcrt.dll
0x00007ffd73b30000 - 0x00007ffd73b5b000 	C:\WINDOWS\System32\GDI32.dll
0x00007ffd728c0000 - 0x00007ffd729e9000 	C:\WINDOWS\System32\gdi32full.dll
0x00007ffd72690000 - 0x00007ffd72733000 	C:\WINDOWS\System32\msvcp_win.dll
0x00007ffd74c50000 - 0x00007ffd74c82000 	C:\WINDOWS\System32\IMM32.DLL
0x00007ffd62390000 - 0x00007ffd6239c000 	D:\.gradle\jdks\amazon_com_inc_-21-amd64-windows.2\bin\vcruntime140_1.dll
0x00007ffd38210000 - 0x00007ffd38299000 	D:\.gradle\jdks\amazon_com_inc_-21-amd64-windows.2\bin\msvcp140.dll
0x00007ffc851a0000 - 0x00007ffc85f48000 	D:\.gradle\jdks\amazon_com_inc_-21-amd64-windows.2\bin\server\jvm.dll
0x00007ffd73460000 - 0x00007ffd73517000 	C:\WINDOWS\System32\ADVAPI32.dll
0x00007ffd731b0000 - 0x00007ffd7325a000 	C:\WINDOWS\System32\sechost.dll
0x00007ffd72ff0000 - 0x00007ffd73108000 	C:\WINDOWS\System32\RPCRT4.dll
0x00007ffd74d50000 - 0x00007ffd74dd0000 	C:\WINDOWS\System32\WS2_32.dll
0x00007ffd72360000 - 0x00007ffd723be000 	C:\WINDOWS\SYSTEM32\POWRPROF.dll
0x00007ffd6c600000 - 0x00007ffd6c636000 	C:\WINDOWS\SYSTEM32\WINMM.dll
0x00007ffd52b50000 - 0x00007ffd52b5b000 	C:\WINDOWS\SYSTEM32\VERSION.dll
0x00007ffd72340000 - 0x00007ffd72354000 	C:\WINDOWS\SYSTEM32\UMPDC.dll
0x00007ffd711c0000 - 0x00007ffd711db000 	C:\WINDOWS\SYSTEM32\kernel.appcore.dll
0x00007ffd3f6d0000 - 0x00007ffd3f6da000 	D:\.gradle\jdks\amazon_com_inc_-21-amd64-windows.2\bin\jimage.dll
0x00007ffd6f960000 - 0x00007ffd6fba2000 	C:\WINDOWS\SYSTEM32\DBGHELP.DLL
0x00007ffd74620000 - 0x00007ffd749a3000 	C:\WINDOWS\System32\combase.dll
0x00007ffd74540000 - 0x00007ffd74619000 	C:\WINDOWS\System32\OLEAUT32.dll
0x00007ffd4a5b0000 - 0x00007ffd4a5eb000 	C:\WINDOWS\SYSTEM32\dbgcore.DLL
0x00007ffd725d0000 - 0x00007ffd7267c000 	C:\WINDOWS\System32\bcryptPrimitives.dll
0x00007ffd39220000 - 0x00007ffd39230000 	D:\.gradle\jdks\amazon_com_inc_-21-amd64-windows.2\bin\instrument.dll
0x00007ffd381e0000 - 0x00007ffd38201000 	D:\.gradle\jdks\amazon_com_inc_-21-amd64-windows.2\bin\java.dll
0x00007ffd73da0000 - 0x00007ffd74532000 	C:\WINDOWS\System32\SHELL32.dll
0x00007ffd6fdf0000 - 0x00007ffd70682000 	C:\WINDOWS\SYSTEM32\windows.storage.dll
0x00007ffd73760000 - 0x00007ffd73857000 	C:\WINDOWS\System32\SHCORE.dll
0x00007ffd73580000 - 0x00007ffd735e7000 	C:\WINDOWS\System32\shlwapi.dll
0x00007ffd72400000 - 0x00007ffd72429000 	C:\WINDOWS\SYSTEM32\profapi.dll
0x00007ffd37c90000 - 0x00007ffd37d67000 	D:\.gradle\jdks\amazon_com_inc_-21-amd64-windows.2\bin\jsvml.dll
0x00007ffd381c0000 - 0x00007ffd381d8000 	D:\.gradle\jdks\amazon_com_inc_-21-amd64-windows.2\bin\zip.dll
0x00007ffd381a0000 - 0x00007ffd381b1000 	D:\.gradle\jdks\amazon_com_inc_-21-amd64-windows.2\bin\net.dll
0x00007ffd6ad00000 - 0x00007ffd6ae29000 	C:\WINDOWS\SYSTEM32\WINHTTP.dll
0x00007ffd71770000 - 0x00007ffd717dc000 	C:\WINDOWS\system32\mswsock.dll
0x00007ffd38180000 - 0x00007ffd38196000 	D:\.gradle\jdks\amazon_com_inc_-21-amd64-windows.2\bin\nio.dll
0x00007ffd383b0000 - 0x00007ffd383c0000 	D:\.gradle\jdks\amazon_com_inc_-21-amd64-windows.2\bin\verify.dll
0x00007ffd382c0000 - 0x00007ffd382e7000 	D:\.gradle\native\1def1411415f61bf3af743bc5b6707747c0891f09f0c88961ee8f79bc544acac\windows-amd64\native-platform.dll
0x00007ffd37c10000 - 0x00007ffd37c87000 	D:\.gradle\native\0.2.8\x86_64-windows-gnu\gradle-fileevents.dll
0x00007ffd380e0000 - 0x00007ffd380ea000 	D:\.gradle\jdks\amazon_com_inc_-21-amd64-windows.2\bin\management.dll
0x00007ffd380d0000 - 0x00007ffd380dc000 	D:\.gradle\jdks\amazon_com_inc_-21-amd64-windows.2\bin\management_ext.dll
0x00007ffd73400000 - 0x00007ffd73408000 	C:\WINDOWS\System32\PSAPI.DLL
0x00007ffd70b50000 - 0x00007ffd70b83000 	C:\WINDOWS\SYSTEM32\IPHLPAPI.DLL
0x00007ffd74de0000 - 0x00007ffd74dea000 	C:\WINDOWS\System32\NSI.dll
0x00007ffd37c00000 - 0x00007ffd37c09000 	D:\.gradle\jdks\amazon_com_inc_-21-amd64-windows.2\bin\extnet.dll
0x00007ffd71a90000 - 0x00007ffd71aab000 	C:\WINDOWS\SYSTEM32\CRYPTSP.dll
0x00007ffd71120000 - 0x00007ffd71159000 	C:\WINDOWS\system32\rsaenh.dll
0x00007ffd71830000 - 0x00007ffd71862000 	C:\WINDOWS\SYSTEM32\USERENV.dll
0x00007ffd723d0000 - 0x00007ffd723fa000 	C:\WINDOWS\SYSTEM32\bcrypt.dll
0x00007ffd71a70000 - 0x00007ffd71a7c000 	C:\WINDOWS\SYSTEM32\CRYPTBASE.dll
0x00007ffd39150000 - 0x00007ffd3915e000 	D:\.gradle\jdks\amazon_com_inc_-21-amd64-windows.2\bin\sunmscapi.dll
0x00007ffd72740000 - 0x00007ffd728b8000 	C:\WINDOWS\System32\CRYPT32.dll
0x00007ffd71cb0000 - 0x00007ffd71ce0000 	C:\WINDOWS\SYSTEM32\ncrypt.dll
0x00007ffd71c60000 - 0x00007ffd71c9f000 	C:\WINDOWS\SYSTEM32\NTASN1.dll
0x00007ffd2abd0000 - 0x00007ffd2abd8000 	C:\WINDOWS\system32\wshunix.dll
0x00007ffd373e0000 - 0x00007ffd373e7000 	D:\.gradle\jdks\amazon_com_inc_-21-amd64-windows.2\bin\rmi.dll
0x00007ffd712f0000 - 0x00007ffd71326000 	C:\WINDOWS\SYSTEM32\ntmarta.dll
0x00007ffd6ee80000 - 0x00007ffd6ef20000 	C:\WINDOWS\system32\apphelp.dll
0x00007ffd70be0000 - 0x00007ffd70d35000 	C:\WINDOWS\SYSTEM32\DNSAPI.dll
0x00007ffd71570000 - 0x00007ffd7157d000 	C:\WINDOWS\SYSTEM32\DSPARSE.dll
0x00007ffd6a350000 - 0x00007ffd6a35b000 	C:\Windows\System32\rasadhlp.dll
0x00007ffd6c320000 - 0x00007ffd6c3a6000 	C:\WINDOWS\System32\fwpuclnt.dll

JVMTI agents:
D:\.gradle\wrapper\dists\gradle-9.1.0-bin\9agqghryom9wkf8r80qlhnts3\gradle-9.1.0\lib\agents\gradle-instrumentation-agent-9.1.0.jar path:D:\.gradle\jdks\amazon_com_inc_-21-amd64-windows.2\bin\instrument.dll, loaded, initialized, instrumentlib options:none

dbghelp: loaded successfully - version: 4.0.5 - missing functions: none
symbol engine: initialized successfully - sym options: 0x614 - pdb path: .;D:\.gradle\jdks\amazon_com_inc_-21-amd64-windows.2\bin;C:\WINDOWS\SYSTEM32;C:\WINDOWS\WinSxS\amd64_microsoft.windows.common-controls_6595b64144ccf1df_6.0.26100.8737_none_3e092eaee333b772;D:\.gradle\jdks\amazon_com_inc_-21-amd64-windows.2\bin\server;D:\.gradle\native\1def1411415f61bf3af743bc5b6707747c0891f09f0c88961ee8f79bc544acac\windows-amd64;D:\.gradle\native\0.2.8\x86_64-windows-gnu

VM Arguments:
jvm_args: --add-opens=java.base/java.lang=ALL-UNNAMED --add-opens=java.base/java.lang.invoke=ALL-UNNAMED --add-opens=java.base/java.util=ALL-UNNAMED --add-opens=java.prefs/java.util.prefs=ALL-UNNAMED --add-exports=jdk.compiler/com.sun.tools.javac.api=ALL-UNNAMED --add-exports=jdk.compiler/com.sun.tools.javac.util=ALL-UNNAMED --add-opens=java.base/java.util=ALL-UNNAMED --add-opens=java.prefs/java.util.prefs=ALL-UNNAMED --add-opens=java.base/java.nio.charset=ALL-UNNAMED --add-opens=java.base/java.net=ALL-UNNAMED --add-opens=java.base/java.util.concurrent=ALL-UNNAMED --add-opens=java.base/java.util.concurrent.atomic=ALL-UNNAMED --add-opens=java.xml/javax.xml.namespace=ALL-UNNAMED --add-opens=java.base/java.time=ALL-UNNAMED -Xmx4096M -Dfile.encoding=UTF-8 -Duser.country=US -Duser.language=en -Duser.variant -javaagent:D:\.gradle\wrapper\dists\gradle-9.1.0-bin\9agqghryom9wkf8r80qlhnts3\gradle-9.1.0\lib\agents\gradle-instrumentation-agent-9.1.0.jar 
java_command: org.gradle.launcher.daemon.bootstrap.GradleDaemon 9.1.0
java_class_path (initial): D:\.gradle\wrapper\dists\gradle-9.1.0-bin\9agqghryom9wkf8r80qlhnts3\gradle-9.1.0\lib\gradle-daemon-main-9.1.0.jar
Launcher Type: SUN_STANDARD

[Global flags]
     intx CICompilerCount                          = 4                                         {product} {ergonomic}
     uint ConcGCThreads                            = 3                                         {product} {ergonomic}
     uint G1ConcRefinementThreads                  = 10                                        {product} {ergonomic}
   size_t G1HeapRegionSize                         = 2097152                                   {product} {ergonomic}
    uintx GCDrainStackTargetSize                   = 64                                        {product} {ergonomic}
   size_t InitialHeapSize                          = 264241152                                 {product} {ergonomic}
   size_t MarkStackSize                            = 4194304                                   {product} {ergonomic}
   size_t MaxHeapSize                              = 4294967296                                {product} {command line}
   size_t MaxNewSize                               = 2575302656                                {product} {ergonomic}
   size_t MinHeapDeltaBytes                        = 2097152                                   {product} {ergonomic}
   size_t MinHeapSize                              = 8388608                                   {product} {ergonomic}
    uintx NonNMethodCodeHeapSize                   = 5839372                                {pd product} {ergonomic}
    uintx NonProfiledCodeHeapSize                  = 122909434                              {pd product} {ergonomic}
    uintx ProfiledCodeHeapSize                     = 122909434                              {pd product} {ergonomic}
    uintx ReservedCodeCacheSize                    = 251658240                              {pd product} {ergonomic}
     bool SegmentedCodeCache                       = true                                      {product} {ergonomic}
   size_t SoftMaxHeapSize                          = 4294967296                             {manageable} {ergonomic}
     bool UseCompressedOops                        = true                           {product lp64_product} {ergonomic}
     bool UseG1GC                                  = true                                      {product} {ergonomic}
     bool UseLargePagesIndividualAllocation        = false                                  {pd product} {ergonomic}

Logging:
Log output configuration:
 #0: stdout all=warning uptime,level,tags foldmultilines=false
 #1: stderr all=off uptime,level,tags foldmultilines=false

Release file:
IMPLEMENTOR="Amazon.com Inc." 
IMPLEMENTOR_VERSION="Corretto-21.0.11.10.1" 
JAVA_RUNTIME_VERSION="21.0.11+10-LTS" 
JAVA_VERSION="21.0.11" 
JAVA_VERSION_DATE="2026-04-21" 
LIBC="default" 
MODULES="java.base java.compiler java.datatransfer java.xml java.prefs java.desktop java.instrument java.logging java.management java.security.sasl java.naming java.rmi java.management.rmi java.net.http java.scripting java.security.jgss java.transaction.xa java.sql java.sql.rowset java.xml.crypto java.se java.smartcardio jdk.accessibility jdk.internal.jvmstat jdk.attach jdk.charsets jdk.internal.opt jdk.zipfs jdk.compiler jdk.crypto.ec jdk.crypto.cryptoki jdk.crypto.mscapi jdk.dynalink jdk.internal.ed jdk.editpad jdk.hotspot.agent jdk.httpserver jdk.incubator.vector jdk.internal.le jdk.internal.vm.ci jdk.internal.vm.compiler jdk.internal.vm.compiler.management jdk.jartool jdk.javadoc jdk.jcmd jdk.management jdk.management.agent jdk.jconsole jdk.jdeps jdk.jdwp.agent jdk.jdi jdk.jfr jdk.jlink jdk.jpackage jdk.jshell jdk.jsobject jdk.jstatd jdk.localedata jdk.management.jfr jdk.naming.dns jdk.naming.rmi jdk.net jdk.nio.mapmode jdk.random jdk.sctp jdk.security.auth jdk.security.jgss jdk.unsupported jdk.unsupported.desktop jdk.xml.dom" 
OS_ARCH="x86_64" 
OS_NAME="Windows" 
SOURCE="" 

Environment Variables:
PATH=D:\JDK with Hotspot\bin;C:\WINDOWS\system32;C:\WINDOWS;C:\WINDOWS\System32\Wbem;C:\WINDOWS\System32\WindowsPowerShell\v1.0\;C:\WINDOWS\System32\OpenSSH\;C:\Program Files\dotnet\;D:\mongosh-2.5.0-win32-x64;D:\Program Files\Git\cmd;C:\Program Files\Docker\Docker\resources\bin;D:\Program Files\nodejs\;C:\ProgramData\chocolatey\bin;D:\php-8.4.13-src;C:\php-8.4.13-nts-Win32-vs17-x64;C:\composer;C:\Users\USER\AppData\Local\Microsoft\WindowsApps;D:\Microsoft VS Code\bin;C:\msys64\ucrt64\bin;C:\Users\USER\AppData\Local\Programs\Python\Python313\python.exe;C:\Users\USER\AppData\Local\Programs\Python\Python313\Scripts;C:\Users\USER\AppData\Roaming\npm;D:\tubes1-IF2211-game-engine-1.1.0\tubes1-IF2211-game-engine-1.1.0\scripts\copy-env.bat;C:\Users\USER\OneDrive\College\phpmyadmin;D:\php-8.4.13-src;C:\php-8.4.13-nts-Win32-vs17-x64;C:\Users\USER\AppData\Roaming\Composer\vendor\bin;D:\.android\emulator;D:\.android\platform-tools;C:\Users\USER\AppData\Local\Android\Sdk\platform-tools;C:\Users\USER\AppData\Local\Android\Sdk\emulator;
USERNAME=USER
OS=Windows_NT
PROCESSOR_IDENTIFIER=Intel64 Family 6 Model 186 Stepping 2, GenuineIntel
TMP=C:\Users\USER\AppData\Local\Temp
TEMP=C:\Users\USER\AppData\Local\Temp




Periodic native trim disabled

---------------  S Y S T E M  ---------------

OS:
 Windows 11 , 64 bit Build 26100 (10.0.26100.8737)
OS uptime: 0 days 2:22 hours
Hyper-V role detected

CPU: total 12 (initial active 12) (6 cores per cpu, 2 threads per core) family 6 model 186 stepping 2 microcode 0x4121, cx8, cmov, fxsr, ht, mmx, 3dnowpref, sse, sse2, sse3, ssse3, sse4.1, sse4.2, popcnt, lzcnt, tsc, tscinvbit, avx, avx2, aes, erms, clmul, bmi1, bmi2, adx, sha, fma, vzeroupper, clflush, clflushopt, clwb, hv, serialize, rdtscp, rdpid, fsrm, f16c, cet_ibt, cet_ss
Processor Information for processor 0
  Max Mhz: 2100, Current Mhz: 2100, Mhz Limit: 2100
Processor Information for processor 1
  Max Mhz: 2100, Current Mhz: 1453, Mhz Limit: 2100
Processor Information for processor 2
  Max Mhz: 2100, Current Mhz: 1453, Mhz Limit: 2100
Processor Information for processor 3
  Max Mhz: 2100, Current Mhz: 2100, Mhz Limit: 2100
Processor Information for processor 4
  Max Mhz: 2100, Current Mhz: 2100, Mhz Limit: 2100
Processor Information for processor 5
  Max Mhz: 2100, Current Mhz: 2100, Mhz Limit: 2100
Processor Information for processor 6
  Max Mhz: 2100, Current Mhz: 1453, Mhz Limit: 2100
Processor Information for processor 7
  Max Mhz: 2100, Current Mhz: 2100, Mhz Limit: 2100
Processor Information for processor 8
  Max Mhz: 2100, Current Mhz: 1500, Mhz Limit: 1491
Processor Information for processor 9
  Max Mhz: 2100, Current Mhz: 1500, Mhz Limit: 1491
Processor Information for processor 10
  Max Mhz: 2100, Current Mhz: 1500, Mhz Limit: 1491
Processor Information for processor 11
  Max Mhz: 2100, Current Mhz: 1500, Mhz Limit: 1491

Memory: 4k page, system-wide physical 16122M (942M free)
TotalPageFile size 23024M (AvailPageFile size 225M)
current process WorkingSet (physical memory assigned to process): 2026M, peak: 2927M
current process commit charge ("private bytes"): 2475M, peak: 3324M

vm_info: OpenJDK 64-Bit Server VM (21.0.11+10-LTS) for windows-amd64 JRE (21.0.11+10-LTS), built on 2026-04-18T07:30:30Z by "Administrator" with MS VC++ 17.14 (VS2022)

END.
