#
# There is insufficient memory for the Java Runtime Environment to continue.
# Native memory allocation (malloc) failed to allocate 2180656 bytes. Error detail: Chunk::new
# Possible reasons:
#   The system is out of physical RAM or swap space
#   This process is running with CompressedOops enabled, and the Java Heap may be blocking the growth of the native heap
# Possible solutions:
#   Reduce memory load on the system
#   Increase physical memory or swap space
#   Check if swap backing store is full
#   Decrease Java heap size (-Xmx/-Xms)
#   Decrease number of Java threads
#   Decrease Java thread stack sizes (-Xss)
#   Set larger code cache with -XX:ReservedCodeCacheSize=
#   JVM is running with Zero Based Compressed Oops mode in which the Java heap is
#     placed in the first 32GB address space. The Java Heap base address is the
#     maximum limit for the native heap growth. Please use -XX:HeapBaseMinAddress
#     to set the Java Heap base and to place the Java Heap above 32GB virtual address.
# This output file may be truncated or incomplete.
#
#  Out of Memory Error (arena.cpp:168), pid=8752, tid=18056
#
# JRE version: OpenJDK Runtime Environment Corretto-21.0.11.10.1 (21.0.11+10) (build 21.0.11+10-LTS)
# Java VM: OpenJDK 64-Bit Server VM Corretto-21.0.11.10.1 (21.0.11+10-LTS, mixed mode, sharing, tiered, compressed oops, compressed class ptrs, g1 gc, windows-amd64)
# No core dump will be written. Minidumps are not enabled by default on client versions of Windows
#

---------------  S U M M A R Y ------------

Command Line: --add-opens=java.base/java.lang=ALL-UNNAMED --add-opens=java.base/java.lang.invoke=ALL-UNNAMED --add-opens=java.base/java.util=ALL-UNNAMED --add-opens=java.prefs/java.util.prefs=ALL-UNNAMED --add-exports=jdk.compiler/com.sun.tools.javac.api=ALL-UNNAMED --add-exports=jdk.compiler/com.sun.tools.javac.util=ALL-UNNAMED --add-opens=java.base/java.util=ALL-UNNAMED --add-opens=java.prefs/java.util.prefs=ALL-UNNAMED --add-opens=java.base/java.nio.charset=ALL-UNNAMED --add-opens=java.base/java.net=ALL-UNNAMED --add-opens=java.base/java.util.concurrent=ALL-UNNAMED --add-opens=java.base/java.util.concurrent.atomic=ALL-UNNAMED --add-opens=java.xml/javax.xml.namespace=ALL-UNNAMED --add-opens=java.base/java.time=ALL-UNNAMED -Xmx4096M -Dfile.encoding=UTF-8 -Duser.country=US -Duser.language=en -Duser.variant -javaagent:D:\.gradle\wrapper\dists\gradle-9.4.1-bin\arn2x92ynaizyzdaamcbpbhtj\gradle-9.4.1\lib\agents\gradle-instrumentation-agent-9.4.1.jar org.gradle.launcher.daemon.bootstrap.GradleDaemon 9.4.1

Host: 13th Gen Intel(R) Core(TM) i5-13420H, 12 cores, 15G,  Windows 11 , 64 bit Build 26100 (10.0.26100.8737)
Time: Sun Jun 28 06:20:15 2026 SE Asia Standard Time elapsed time: 1297.167568 seconds (0d 0h 21m 37s)

---------------  T H R E A D  ---------------

Current thread (0x00000166a1c1bae0):  JavaThread "C2 CompilerThread2" daemon [_thread_in_native, id=18056, stack(0x00000049f4200000,0x00000049f4300000) (1024K)]


Current CompileTask:
C2:1297167 58834 %     4       com.android.tools.r8.internal.nv::a @ 3456 (4509 bytes)

Stack: [0x00000049f4200000,0x00000049f4300000]
Native frames: (J=compiled Java code, j=interpreted, Vv=VM code, C=native code)
V  [jvm.dll+0x6df899]
V  [jvm.dll+0x8bc52b]
V  [jvm.dll+0x8beaba]
V  [jvm.dll+0x8bf193]
V  [jvm.dll+0x28aa16]
V  [jvm.dll+0xc917d]
V  [jvm.dll+0xc96cc]
V  [jvm.dll+0x3c5aec]
V  [jvm.dll+0x392122]
V  [jvm.dll+0x39157a]
V  [jvm.dll+0x252700]
V  [jvm.dll+0x251d22]
V  [jvm.dll+0x1d1bce]
V  [jvm.dll+0x26198a]
V  [jvm.dll+0x25ff15]
V  [jvm.dll+0x3ff815]
V  [jvm.dll+0x8672bd]
V  [jvm.dll+0x6de09d]
C  [ucrtbase.dll+0x2cd30]
C  [KERNEL32.DLL+0x2e957]
C  [ntdll.dll+0xaad6c]


---------------  P R O C E S S  ---------------

Threads class SMR info:
_java_thread_list=0x00000166a1c475a0, length=109, elements={
0x00000166217ffb90, 0x00000166410f8530, 0x00000166410fbb10, 0x0000016641100620,
0x0000016641101510, 0x0000016641102ae0, 0x0000016641104850, 0x0000016641106280,
0x000001664110aaf0, 0x0000016641322c20, 0x0000016641370300, 0x000001668896e040,
0x0000016687896200, 0x0000016688851ae0, 0x0000016688a8cd80, 0x0000016688a8d410,
0x0000016688a8e7c0, 0x000001668a9eb780, 0x000001668a9eb0f0, 0x000001668a9ebe10,
0x000001668a9ec4a0, 0x000001668a9ecb30, 0x000001668a9e9d40, 0x000001668a9e96b0,
0x000001668a9effb0, 0x000001668a9ef290, 0x000001668a9ef920, 0x000001668a9f0640,
0x000001668a9ee570, 0x000001668a9ed850, 0x000001668a9ed1c0, 0x000001668a9f0cd0,
0x00000166a7beede0, 0x00000166aecdaac0, 0x00000166ad998880, 0x00000166a710ec40,
0x00000166a1bf1270, 0x00000166a17aad20, 0x00000166a17ac0d0, 0x00000166a17ac760,
0x00000166a17acdf0, 0x00000166a6d1cd90, 0x00000166a6d1e7d0, 0x00000166a17a9970,
0x00000166a2a3e710, 0x00000166a2a3e080, 0x00000166a2a3eda0, 0x00000166a2a3f430,
0x00000166a2a3fac0, 0x00000166a2a40150, 0x00000166a6d1dab0, 0x00000166a6d1ee60,
0x00000166ae47d550, 0x00000166ae47c1a0, 0x00000166ae47e900, 0x00000166ae47cec0,
0x00000166ae47c830, 0x00000166ae47dbe0, 0x00000166ae47f620, 0x00000166aea77c60,
0x00000166aea747e0, 0x00000166aea768b0, 0x000001668a3ea460, 0x000001668a3ed8e0,
0x00000166a881da80, 0x00000166a881b9b0, 0x00000166a881b320, 0x00000166a6f9aae0,
0x000001668a3ebea0, 0x000001668a3eb180, 0x00000166a1c176c0, 0x00000166a1c1bae0,
0x00000166ad78fdb0, 0x00000166aea75500, 0x00000166aea74e70, 0x00000166aea75b90,
0x00000166aea76220, 0x00000166ad790ad0, 0x00000166ad790440, 0x00000166a29d8f60,
0x00000166a29d95f0, 0x00000166a29da310, 0x000001668d1b1fd0, 0x00000166aeb554c0,
0x00000166aeb56870, 0x00000166a17ee670, 0x00000166a855c5a0, 0x00000166ad7917f0,
0x00000166a17ebf10, 0x00000166a6f98380, 0x00000166a6f9be90, 0x00000166a17ec5a0,
0x000001669b68e7e0, 0x00000166ad791e80, 0x00000166af29c980, 0x000001669b68dac0,
0x00000166a881e110, 0x00000166af29e3c0, 0x000001668d1af870, 0x000001668d1b1940,
0x00000166a1d60430, 0x000001668d1b0590, 0x000001668d1aff00, 0x00000166a17eb1f0,
0x00000166ae231520, 0x000001668a3ed250, 0x00000166a35dfce0, 0x00000166a2d2a280,
0x00000166a10f14d0
}

Java Threads: ( => current thread )
  0x00000166217ffb90 JavaThread "main"                              [_thread_blocked, id=25232, stack(0x00000049eeb00000,0x00000049eec00000) (1024K)]
  0x00000166410f8530 JavaThread "Reference Handler"          daemon [_thread_blocked, id=6772, stack(0x00000049ef300000,0x00000049ef400000) (1024K)]
  0x00000166410fbb10 JavaThread "Finalizer"                  daemon [_thread_blocked, id=22532, stack(0x00000049ef400000,0x00000049ef500000) (1024K)]
  0x0000016641100620 JavaThread "Signal Dispatcher"          daemon [_thread_blocked, id=10224, stack(0x00000049ef500000,0x00000049ef600000) (1024K)]
  0x0000016641101510 JavaThread "Attach Listener"            daemon [_thread_blocked, id=12932, stack(0x00000049ef600000,0x00000049ef700000) (1024K)]
  0x0000016641102ae0 JavaThread "Service Thread"             daemon [_thread_blocked, id=16500, stack(0x00000049ef700000,0x00000049ef800000) (1024K)]
  0x0000016641104850 JavaThread "Monitor Deflation Thread"   daemon [_thread_blocked, id=1244, stack(0x00000049ef800000,0x00000049ef900000) (1024K)]
  0x0000016641106280 JavaThread "C2 CompilerThread0"         daemon [_thread_in_native, id=2864, stack(0x00000049ef900000,0x00000049efa00000) (1024K)]
  0x000001664110aaf0 JavaThread "C1 CompilerThread0"         daemon [_thread_in_native, id=18888, stack(0x00000049efa00000,0x00000049efb00000) (1024K)]
  0x0000016641322c20 JavaThread "Common-Cleaner"             daemon [_thread_blocked, id=23284, stack(0x00000049efb00000,0x00000049efc00000) (1024K)]
  0x0000016641370300 JavaThread "Notification Thread"        daemon [_thread_blocked, id=22876, stack(0x00000049efc00000,0x00000049efd00000) (1024K)]
  0x000001668896e040 JavaThread "Daemon health stats"               [_thread_blocked, id=13808, stack(0x00000049f0400000,0x00000049f0500000) (1024K)]
  0x0000016687896200 JavaThread "Incoming local TCP Connector on port 53617"        [_thread_in_native, id=2720, stack(0x00000049f0300000,0x00000049f0400000) (1024K)]
  0x0000016688851ae0 JavaThread "Daemon periodic checks"            [_thread_blocked, id=13820, stack(0x00000049f0500000,0x00000049f0600000) (1024K)]
  0x0000016688a8cd80 JavaThread "Cache worker for journal cache (D:\.gradle\caches\journal-1)"        [_thread_blocked, id=23680, stack(0x00000049f0d00000,0x00000049f0e00000) (1024K)]
  0x0000016688a8d410 JavaThread "File lock request listener"        [_thread_in_native, id=13260, stack(0x00000049f0e00000,0x00000049f0f00000) (1024K)]
  0x0000016688a8e7c0 JavaThread "Cache worker for file hash cache (D:\.gradle\caches\9.4.1\fileHashes)"        [_thread_blocked, id=19064, stack(0x00000049f0f00000,0x00000049f1000000) (1024K)]
  0x000001668a9eb780 JavaThread "File watcher server"        daemon [_thread_in_native, id=19756, stack(0x00000049f1900000,0x00000049f1a00000) (1024K)]
  0x000001668a9eb0f0 JavaThread "File watcher consumer"      daemon [_thread_blocked, id=20984, stack(0x00000049f1a00000,0x00000049f1b00000) (1024K)]
  0x000001668a9ebe10 JavaThread "jar transforms"                    [_thread_blocked, id=21180, stack(0x00000049f1b00000,0x00000049f1c00000) (1024K)]
  0x000001668a9ec4a0 JavaThread "jar transforms Thread 2"           [_thread_blocked, id=21816, stack(0x00000049f1c00000,0x00000049f1d00000) (1024K)]
  0x000001668a9ecb30 JavaThread "jar transforms Thread 3"           [_thread_blocked, id=9432, stack(0x00000049f1d00000,0x00000049f1e00000) (1024K)]
  0x000001668a9e9d40 JavaThread "jar transforms Thread 4"           [_thread_blocked, id=21472, stack(0x00000049f1e00000,0x00000049f1f00000) (1024K)]
  0x000001668a9e96b0 JavaThread "jar transforms Thread 5"           [_thread_blocked, id=6252, stack(0x00000049f1f00000,0x00000049f2000000) (1024K)]
  0x000001668a9effb0 JavaThread "jar transforms Thread 6"           [_thread_blocked, id=17068, stack(0x00000049f2000000,0x00000049f2100000) (1024K)]
  0x000001668a9ef290 JavaThread "jar transforms Thread 7"           [_thread_blocked, id=20528, stack(0x00000049f2100000,0x00000049f2200000) (1024K)]
  0x000001668a9ef920 JavaThread "jar transforms Thread 8"           [_thread_blocked, id=24620, stack(0x00000049f2200000,0x00000049f2300000) (1024K)]
  0x000001668a9f0640 JavaThread "jar transforms Thread 9"           [_thread_blocked, id=1756, stack(0x00000049f2300000,0x00000049f2400000) (1024K)]
  0x000001668a9ee570 JavaThread "jar transforms Thread 10"          [_thread_blocked, id=10836, stack(0x00000049f2400000,0x00000049f2500000) (1024K)]
  0x000001668a9ed850 JavaThread "jar transforms Thread 11"          [_thread_blocked, id=23652, stack(0x00000049f2500000,0x00000049f2600000) (1024K)]
  0x000001668a9ed1c0 JavaThread "jar transforms Thread 12"          [_thread_blocked, id=11856, stack(0x00000049f2600000,0x00000049f2700000) (1024K)]
  0x000001668a9f0cd0 JavaThread "Cache worker for file content cache (D:\.gradle\caches\9.4.1\fileContent)"        [_thread_blocked, id=3024, stack(0x00000049f2700000,0x00000049f2800000) (1024K)]
  0x00000166a7beede0 JavaThread "Memory manager"                    [_thread_blocked, id=3820, stack(0x00000049f3800000,0x00000049f3900000) (1024K)]
  0x00000166aecdaac0 JavaThread "pool-4-thread-1"                   [_thread_blocked, id=10212, stack(0x00000049f3b00000,0x00000049f3c00000) (1024K)]
  0x00000166ad998880 JavaThread "pool-9-thread-1"                   [_thread_blocked, id=11736, stack(0x00000049f3600000,0x00000049f3700000) (1024K)]
  0x00000166a710ec40 JavaThread "pool-13-thread-1"                  [_thread_blocked, id=23484, stack(0x00000049f3e00000,0x00000049f3f00000) (1024K)]
  0x00000166a1bf1270 JavaThread "pool-16-thread-1"                  [_thread_blocked, id=21436, stack(0x00000049f3a00000,0x00000049f3b00000) (1024K)]
  0x00000166a17aad20 JavaThread "Daemon Thread 3"                   [_thread_blocked, id=21552, stack(0x00000049ee800000,0x00000049ee900000) (1024K)]
  0x00000166a17ac0d0 JavaThread "Handler for socket connection from /127.0.0.1:53617 to /127.0.0.1:63534"        [_thread_in_native, id=4016, stack(0x00000049ee900000,0x00000049eea00000) (1024K)]
  0x00000166a17ac760 JavaThread "Cancel handler"                    [_thread_blocked, id=15984, stack(0x00000049eea00000,0x00000049eeb00000) (1024K)]
  0x00000166a17acdf0 JavaThread "Daemon worker Thread 3"            [_thread_blocked, id=15920, stack(0x00000049efd00000,0x00000049efe00000) (1024K)]
  0x00000166a6d1cd90 JavaThread "Asynchronous log dispatcher for DefaultDaemonConnection: socket connection from /127.0.0.1:53617 to /127.0.0.1:63534"        [_thread_blocked, id=6132, stack(0x00000049f0600000,0x00000049f0700000) (1024K)]
  0x00000166a6d1e7d0 JavaThread "Stdin handler"                     [_thread_blocked, id=11508, stack(0x00000049f0700000,0x00000049f0800000) (1024K)]
  0x00000166a17a9970 JavaThread "Daemon client event forwarder"        [_thread_blocked, id=8704, stack(0x00000049f0800000,0x00000049f0900000) (1024K)]
  0x00000166a2a3e710 JavaThread "Cache worker for file hash cache (D:\Projects\tugas-pengembangan-aplikasi-mobile\tugas-minggu-9\.gradle\9.4.1\fileHashes)"        [_thread_blocked, id=7156, stack(0x00000049f0900000,0x00000049f0a00000) (1024K)]
  0x00000166a2a3e080 JavaThread "Cache worker for checksums cache (D:\Projects\tugas-pengembangan-aplikasi-mobile\tugas-minggu-9\.gradle\9.4.1\checksums)"        [_thread_blocked, id=17260, stack(0x00000049f0a00000,0x00000049f0b00000) (1024K)]
  0x00000166a2a3eda0 JavaThread "Cache worker for Build Output Cleanup Cache (D:\Projects\tugas-pengembangan-aplikasi-mobile\tugas-minggu-9\.gradle\buildOutputCleanup)"        [_thread_blocked, id=4620, stack(0x00000049f0b00000,0x00000049f0c00000) (1024K)]
  0x00000166a2a3f430 JavaThread "Cache worker for cache directory md-supplier (D:\.gradle\caches\9.4.1\md-supplier)"        [_thread_blocked, id=3192, stack(0x00000049f1000000,0x00000049f1100000) (1024K)]
  0x00000166a2a3fac0 JavaThread "Cache worker for cache directory md-rule (D:\.gradle\caches\9.4.1\md-rule)"        [_thread_blocked, id=3180, stack(0x00000049f1700000,0x00000049f1800000) (1024K)]
  0x00000166a2a40150 JavaThread "Build operations"                  [_thread_in_Java, id=9072, stack(0x00000049f1800000,0x00000049f1900000) (1024K)]
  0x00000166a6d1dab0 JavaThread "Build operations Thread 2"         [_thread_blocked, id=18032, stack(0x00000049f2800000,0x00000049f2900000) (1024K)]
  0x00000166a6d1ee60 JavaThread "Build operations Thread 3"         [_thread_in_vm, id=11240, stack(0x00000049f2900000,0x00000049f2a00000) (1024K)]
  0x00000166ae47d550 JavaThread "Build operations Thread 4"         [_thread_blocked, id=25400, stack(0x00000049f2a00000,0x00000049f2b00000) (1024K)]
  0x00000166ae47c1a0 JavaThread "Build operations Thread 5"         [_thread_blocked, id=16820, stack(0x00000049f2b00000,0x00000049f2c00000) (1024K)]
  0x00000166ae47e900 JavaThread "Build operations Thread 6"         [_thread_blocked, id=24580, stack(0x00000049f2c00000,0x00000049f2d00000) (1024K)]
  0x00000166ae47cec0 JavaThread "Build operations Thread 7"         [_thread_in_Java, id=11048, stack(0x00000049f2d00000,0x00000049f2e00000) (1024K)]
  0x00000166ae47c830 JavaThread "Build operations Thread 8"         [_thread_blocked, id=10948, stack(0x00000049f2e00000,0x00000049f2f00000) (1024K)]
  0x00000166ae47dbe0 JavaThread "Build operations Thread 9"         [_thread_blocked, id=7628, stack(0x00000049f2f00000,0x00000049f3000000) (1024K)]
  0x00000166ae47f620 JavaThread "Build operations Thread 10"        [_thread_in_Java, id=12792, stack(0x00000049f3000000,0x00000049f3100000) (1024K)]
  0x00000166aea77c60 JavaThread "Build operations Thread 11"        [_thread_in_Java, id=25460, stack(0x00000049f3100000,0x00000049f3200000) (1024K)]
  0x00000166aea747e0 JavaThread "Build operations Thread 12"        [_thread_in_Java, id=25220, stack(0x00000049f3200000,0x00000049f3300000) (1024K)]
  0x00000166aea768b0 JavaThread "Configuration cache report writer"        [_thread_blocked, id=11532, stack(0x00000049f3400000,0x00000049f3500000) (1024K)]
  0x000001668a3ea460 JavaThread "build event listener"              [_thread_blocked, id=15032, stack(0x00000049f3700000,0x00000049f3800000) (1024K)]
  0x000001668a3ed8e0 JavaThread "build event listener"              [_thread_blocked, id=17788, stack(0x00000049f3900000,0x00000049f3a00000) (1024K)]
  0x00000166a881da80 JavaThread "Problems report writer"            [_thread_blocked, id=21956, stack(0x00000049f3c00000,0x00000049f3d00000) (1024K)]
  0x00000166a881b9b0 JavaThread "pool-19-thread-1"                  [_thread_blocked, id=18264, stack(0x00000049f3d00000,0x00000049f3e00000) (1024K)]
  0x00000166a881b320 JavaThread "build event listener"              [_thread_blocked, id=20956, stack(0x00000049f3f00000,0x00000049f4000000) (1024K)]
  0x00000166a6f9aae0 JavaThread "Exec process"                      [_thread_blocked, id=20440, stack(0x00000049f4000000,0x00000049f4100000) (1024K)]
  0x000001668a3ebea0 JavaThread "Exec process Thread 2"             [_thread_blocked, id=13716, stack(0x00000049f0c00000,0x00000049f0d00000) (1024K)]
  0x000001668a3eb180 JavaThread "Exec process Thread 3"             [_thread_blocked, id=13952, stack(0x00000049f3500000,0x00000049f3600000) (1024K)]
  0x00000166a1c176c0 JavaThread "C2 CompilerThread1"         daemon [_thread_in_native, id=23016, stack(0x00000049f4100000,0x00000049f4200000) (1024K)]
=>0x00000166a1c1bae0 JavaThread "C2 CompilerThread2"         daemon [_thread_in_native, id=18056, stack(0x00000049f4200000,0x00000049f4300000) (1024K)]
  0x00000166ad78fdb0 JavaThread "included builds"                   [_thread_blocked, id=21292, stack(0x00000049f4300000,0x00000049f4400000) (1024K)]
  0x00000166aea75500 JavaThread "Execution worker"                  [_thread_blocked, id=15640, stack(0x00000049f4400000,0x00000049f4500000) (1024K)]
  0x00000166aea74e70 JavaThread "Execution worker Thread 2"         [_thread_blocked, id=3880, stack(0x00000049f4500000,0x00000049f4600000) (1024K)]
  0x00000166aea75b90 JavaThread "Execution worker Thread 3"         [_thread_blocked, id=21188, stack(0x00000049f4600000,0x00000049f4700000) (1024K)]
  0x00000166aea76220 JavaThread "Execution worker Thread 4"         [_thread_blocked, id=25288, stack(0x00000049f4700000,0x00000049f4800000) (1024K)]
  0x00000166ad790ad0 JavaThread "Execution worker Thread 5"         [_thread_in_Java, id=9704, stack(0x00000049f4800000,0x00000049f4900000) (1024K)]
  0x00000166ad790440 JavaThread "Execution worker Thread 6"         [_thread_blocked, id=19984, stack(0x00000049f4900000,0x00000049f4a00000) (1024K)]
  0x00000166a29d8f60 JavaThread "Execution worker Thread 7"         [_thread_blocked, id=7456, stack(0x00000049f4a00000,0x00000049f4b00000) (1024K)]
  0x00000166a29d95f0 JavaThread "Execution worker Thread 8"         [_thread_blocked, id=12316, stack(0x00000049f4b00000,0x00000049f4c00000) (1024K)]
  0x00000166a29da310 JavaThread "Execution worker Thread 9"         [_thread_blocked, id=6036, stack(0x00000049f4c00000,0x00000049f4d00000) (1024K)]
  0x000001668d1b1fd0 JavaThread "Cache worker for execution history cache (D:\Projects\tugas-pengembangan-aplikasi-mobile\tugas-minggu-9\.gradle\9.4.1\executionHistory)"        [_thread_blocked, id=24036, stack(0x00000049f4d00000,0x00000049f4e00000) (1024K)]
  0x00000166aeb554c0 JavaThread "Execution worker Thread 10"        [_thread_blocked, id=21976, stack(0x00000049f4e00000,0x00000049f4f00000) (1024K)]
  0x00000166aeb56870 JavaThread "Execution worker Thread 11"        [_thread_blocked, id=16356, stack(0x00000049f4f00000,0x00000049f5000000) (1024K)]
  0x00000166a17ee670 JavaThread "WorkerExecutor Queue"              [_thread_blocked, id=20288, stack(0x00000049f5000000,0x00000049f5100000) (1024K)]
  0x00000166a855c5a0 JavaThread "WorkerExecutor Queue Thread 2"        [_thread_blocked, id=22708, stack(0x00000049f5100000,0x00000049f5200000) (1024K)]
  0x00000166ad7917f0 JavaThread "WorkerExecutor Queue Thread 3"        [_thread_blocked, id=11412, stack(0x00000049f5200000,0x00000049f5300000) (1024K)]
  0x00000166a17ebf10 JavaThread "WorkerExecutor Queue Thread 4"        [_thread_in_vm, id=3036, stack(0x00000049f5300000,0x00000049f5400000) (1024K)]
  0x00000166a6f98380 JavaThread "ForkJoinPool-3-worker-1"    daemon [_thread_in_vm, id=23316, stack(0x00000049f5400000,0x00000049f5500000) (1024K)]
  0x00000166a6f9be90 JavaThread "ForkJoinPool-3-worker-2"    daemon [_thread_in_vm, id=12292, stack(0x00000049f5500000,0x00000049f5600000) (1024K)]
  0x00000166a17ec5a0 JavaThread "ForkJoinPool-3-worker-3"    daemon [_thread_in_vm, id=20832, stack(0x00000049f5600000,0x00000049f5700000) (1024K)]
  0x000001669b68e7e0 JavaThread "ForkJoinPool-3-worker-4"    daemon [_thread_in_vm, id=13272, stack(0x00000049f5700000,0x00000049f5800000) (1024K)]
  0x00000166ad791e80 JavaThread "ForkJoinPool-3-worker-5"    daemon [_thread_in_vm, id=1880, stack(0x00000049f5800000,0x00000049f5900000) (1024K)]
  0x00000166af29c980 JavaThread "ForkJoinPool-3-worker-6"    daemon [_thread_in_vm, id=15424, stack(0x00000049f5900000,0x00000049f5a00000) (1024K)]
  0x000001669b68dac0 JavaThread "ForkJoinPool-3-worker-7"    daemon [_thread_in_vm, id=19980, stack(0x00000049f5a00000,0x00000049f5b00000) (1024K)]
  0x00000166a881e110 JavaThread "ForkJoinPool-3-worker-8"    daemon [_thread_in_vm, id=16312, stack(0x00000049f5b00000,0x00000049f5c00000) (1024K)]
  0x00000166af29e3c0 JavaThread "ForkJoinPool-3-worker-9"    daemon [_thread_in_vm, id=21764, stack(0x00000049f5c00000,0x00000049f5d00000) (1024K)]
  0x000001668d1af870 JavaThread "ForkJoinPool-3-worker-10"   daemon [_thread_in_vm, id=18844, stack(0x00000049f5d00000,0x00000049f5e00000) (1024K)]
  0x000001668d1b1940 JavaThread "ForkJoinPool-3-worker-12"   daemon [_thread_in_vm, id=21596, stack(0x00000049f5e00000,0x00000049f5f00000) (1024K)]
  0x00000166a1d60430 JavaThread "ForkJoinPool-3-worker-11"   daemon [_thread_in_vm, id=3088, stack(0x00000049f5f00000,0x00000049f6000000) (1024K)]
  0x000001668d1b0590 JavaThread "WorkerExecutor Queue Thread 5"        [_thread_blocked, id=7304, stack(0x00000049f6000000,0x00000049f6100000) (1024K)]
  0x000001668d1aff00 JavaThread "WorkerExecutor Queue Thread 6"        [_thread_blocked, id=7748, stack(0x00000049f6100000,0x00000049f6200000) (1024K)]
  0x00000166a17eb1f0 JavaThread "WorkerExecutor Queue Thread 7"        [_thread_in_native, id=6412, stack(0x00000049f6200000,0x00000049f6300000) (1024K)]
  0x00000166ae231520 JavaThread "WorkerExecutor Queue Thread 8"        [_thread_blocked, id=19444, stack(0x00000049f6400000,0x00000049f6500000) (1024K)]
  0x000001668a3ed250 JavaThread "WorkerExecutor Queue Thread 9"        [_thread_blocked, id=25016, stack(0x00000049f6500000,0x00000049f6600000) (1024K)]
  0x00000166a35dfce0 JavaThread "WorkerExecutor Queue Thread 10"        [_thread_blocked, id=25492, stack(0x00000049f6600000,0x00000049f6700000) (1024K)]
  0x00000166a2d2a280 JavaThread "WorkerExecutor Queue Thread 11"        [_thread_blocked, id=21440, stack(0x00000049f6700000,0x00000049f6800000) (1024K)]
  0x00000166a10f14d0 JavaThread "WorkerExecutor Queue Thread 12"        [_thread_blocked, id=18472, stack(0x00000049f6800000,0x00000049f6900000) (1024K)]
Total: 109

Other Threads:
  0x00000166410d6230 VMThread "VM Thread"                           [id=15340, stack(0x00000049ef200000,0x00000049ef300000) (1024K)]
  0x00000166410c2dd0 WatcherThread "VM Periodic Task Thread"        [id=7864, stack(0x00000049ef100000,0x00000049ef200000) (1024K)]
  0x00000166218672b0 WorkerThread "GC Thread#0"                     [id=18936, stack(0x00000049eec00000,0x00000049eed00000) (1024K)]
  0x00000166416d5370 WorkerThread "GC Thread#1"                     [id=20052, stack(0x00000049efe00000,0x00000049eff00000) (1024K)]
  0x00000166416d5720 WorkerThread "GC Thread#2"                     [id=19040, stack(0x00000049eff00000,0x00000049f0000000) (1024K)]
  0x00000166870bf440 WorkerThread "GC Thread#3"                     [id=18240, stack(0x00000049f0000000,0x00000049f0100000) (1024K)]
  0x00000166870bf7f0 WorkerThread "GC Thread#4"                     [id=6216, stack(0x00000049f0100000,0x00000049f0200000) (1024K)]
  0x00000166415b2e20 WorkerThread "GC Thread#5"                     [id=24860, stack(0x00000049f0200000,0x00000049f0300000) (1024K)]
  0x0000016687caa460 WorkerThread "GC Thread#6"                     [id=13148, stack(0x00000049f1100000,0x00000049f1200000) (1024K)]
  0x0000016687caa810 WorkerThread "GC Thread#7"                     [id=21424, stack(0x00000049f1200000,0x00000049f1300000) (1024K)]
  0x000001668998f040 WorkerThread "GC Thread#8"                     [id=18908, stack(0x00000049f1300000,0x00000049f1400000) (1024K)]
  0x00000166899923e0 WorkerThread "GC Thread#9"                     [id=23372, stack(0x00000049f1400000,0x00000049f1500000) (1024K)]
  0x00000166218791c0 ConcurrentGCThread "G1 Main Marker"            [id=20568, stack(0x00000049eed00000,0x00000049eee00000) (1024K)]
  0x0000016621879be0 WorkerThread "G1 Conc#0"                       [id=22436, stack(0x00000049eee00000,0x00000049eef00000) (1024K)]
  0x000001668998f3f0 WorkerThread "G1 Conc#1"                       [id=22600, stack(0x00000049f1500000,0x00000049f1600000) (1024K)]
  0x00000166899902b0 WorkerThread "G1 Conc#2"                       [id=9560, stack(0x00000049f1600000,0x00000049f1700000) (1024K)]
  0x00000166218beb70 ConcurrentGCThread "G1 Refine#0"               [id=19052, stack(0x00000049eef00000,0x00000049ef000000) (1024K)]
  0x0000016640f93840 ConcurrentGCThread "G1 Service"                [id=18764, stack(0x00000049ef000000,0x00000049ef100000) (1024K)]
Total: 18

Threads with active compile tasks:
C2 CompilerThread0  1297225 58935 %     4       com.android.tools.r8.internal.nv::a @ 2586 (6696 bytes)
C1 CompilerThread0  1297226 61675       3       com.intellij.psi.impl.source.tree.RecursiveTreeElementWalkingVisitor$ASTTreeGuide::getNextSibling (9 bytes)
C2 CompilerThread1  1297227 61684 %     4       java.util.TimSort::mergeLo @ 153 (659 bytes)
C2 CompilerThread2  1297228 58834 %     4       com.android.tools.r8.internal.nv::a @ 3456 (4509 bytes)
Total: 4

VM state: not at safepoint (normal execution)

VM Mutex/Monitor currently owned by a thread: None

Heap address: 0x0000000700000000, size: 4096 MB, Compressed Oops mode: Zero based, Oop shift amount: 3

CDS archive(s) mapped at: [0x0000016642000000-0x0000016642c80000-0x0000016642c80000), size 13107200, SharedBaseAddress: 0x0000016642000000, ArchiveRelocationMode: 1.
Compressed class space mapped at: 0x0000016643000000-0x0000016683000000, reserved size: 1073741824
Narrow klass base: 0x0000016642000000, Narrow klass shift: 0, Narrow klass range: 0x100000000

GC Precious Log:
 CardTable entry size: 512
 Card Set container configuration: InlinePtr #cards 4 size 8 Array Of Cards #cards 16 size 48 Howl #buckets 8 coarsen threshold 3686 Howl Bitmap #cards 512 size 80 coarsen threshold 460 Card regions per heap region 1 cards per card region 4096
 CPUs: 12 total, 12 available
 Memory: 16122M
 Large Page Support: Disabled
 NUMA Support: Disabled
 Compressed Oops: Enabled (Zero based)
 Heap Region Size: 2M
 Heap Min Capacity: 8M
 Heap Initial Capacity: 252M
 Heap Max Capacity: 4G
 Pre-touch: Disabled
 Parallel Workers: 10
 Concurrent Workers: 3
 Concurrent Refinement Workers: 10
 Periodic GC: Disabled

Heap:
 garbage-first heap   total 1046528K, used 820186K [0x0000000700000000, 0x0000000800000000)
  region size 2048K, 135 young (276480K), 12 survivors (24576K)
 Metaspace       used 373495K, committed 377600K, reserved 1441792K
  class space    used 47125K, committed 49216K, reserved 1048576K

Heap Regions: E=young(eden), S=young(survivor), O=old, HS=humongous(starts), HC=humongous(continues), CS=collection set, F=free, TAMS=top-at-mark-start, PB=parsable bottom
|   0|0x0000000700000000, 0x0000000700200000, 0x0000000700200000|100%|HS|  |TAMS 0x0000000700000000| PB 0x0000000700000000| Complete 
|   1|0x0000000700200000, 0x0000000700400000, 0x0000000700400000|100%|HC|  |TAMS 0x0000000700200000| PB 0x0000000700200000| Complete 
|   2|0x0000000700400000, 0x0000000700600000, 0x0000000700600000|100%| O|  |TAMS 0x0000000700400000| PB 0x0000000700400000| Untracked 
|   3|0x0000000700600000, 0x0000000700800000, 0x0000000700800000|100%| O|  |TAMS 0x0000000700600000| PB 0x0000000700600000| Untracked 
|   4|0x0000000700800000, 0x0000000700a00000, 0x0000000700a00000|100%| O|  |TAMS 0x0000000700800000| PB 0x0000000700800000| Untracked 
|   5|0x0000000700a00000, 0x0000000700c00000, 0x0000000700c00000|100%| O|  |TAMS 0x0000000700a00000| PB 0x0000000700a00000| Untracked 
|   6|0x0000000700c00000, 0x0000000700e00000, 0x0000000700e00000|100%| O|  |TAMS 0x0000000700c00000| PB 0x0000000700c00000| Untracked 
|   7|0x0000000700e00000, 0x0000000701000000, 0x0000000701000000|100%| O|  |TAMS 0x0000000700e00000| PB 0x0000000700e00000| Untracked 
|   8|0x0000000701000000, 0x0000000701200000, 0x0000000701200000|100%| O|  |TAMS 0x0000000701000000| PB 0x0000000701000000| Untracked 
|   9|0x0000000701200000, 0x0000000701400000, 0x0000000701400000|100%| O|  |TAMS 0x0000000701200000| PB 0x0000000701200000| Untracked 
|  10|0x0000000701400000, 0x0000000701600000, 0x0000000701600000|100%| O|  |TAMS 0x0000000701400000| PB 0x0000000701400000| Untracked 
|  11|0x0000000701600000, 0x0000000701800000, 0x0000000701800000|100%|HS|  |TAMS 0x0000000701600000| PB 0x0000000701600000| Complete 
|  12|0x0000000701800000, 0x0000000701a00000, 0x0000000701a00000|100%|HC|  |TAMS 0x0000000701800000| PB 0x0000000701800000| Complete 
|  13|0x0000000701a00000, 0x0000000701c00000, 0x0000000701c00000|100%|HC|  |TAMS 0x0000000701a00000| PB 0x0000000701a00000| Complete 
|  14|0x0000000701c00000, 0x0000000701e00000, 0x0000000701e00000|100%| O|  |TAMS 0x0000000701c00000| PB 0x0000000701c00000| Untracked 
|  15|0x0000000701e00000, 0x0000000702000000, 0x0000000702000000|100%| O|  |TAMS 0x0000000701e00000| PB 0x0000000701e00000| Untracked 
|  16|0x0000000702000000, 0x0000000702200000, 0x0000000702200000|100%| O|  |TAMS 0x0000000702000000| PB 0x0000000702000000| Untracked 
|  17|0x0000000702200000, 0x0000000702400000, 0x0000000702400000|100%| O|  |TAMS 0x0000000702200000| PB 0x0000000702200000| Untracked 
|  18|0x0000000702400000, 0x0000000702600000, 0x0000000702600000|100%| O|  |TAMS 0x0000000702400000| PB 0x0000000702400000| Untracked 
|  19|0x0000000702600000, 0x0000000702800000, 0x0000000702800000|100%| O|  |TAMS 0x0000000702600000| PB 0x0000000702600000| Untracked 
|  20|0x0000000702800000, 0x0000000702a00000, 0x0000000702a00000|100%| O|  |TAMS 0x0000000702800000| PB 0x0000000702800000| Untracked 
|  21|0x0000000702a00000, 0x0000000702c00000, 0x0000000702c00000|100%| O|  |TAMS 0x0000000702a00000| PB 0x0000000702a00000| Untracked 
|  22|0x0000000702c00000, 0x0000000702e00000, 0x0000000702e00000|100%| O|  |TAMS 0x0000000702c00000| PB 0x0000000702c00000| Untracked 
|  23|0x0000000702e00000, 0x0000000703000000, 0x0000000703000000|100%| O|  |TAMS 0x0000000702e00000| PB 0x0000000702e00000| Untracked 
|  24|0x0000000703000000, 0x0000000703200000, 0x0000000703200000|100%| O|  |TAMS 0x0000000703000000| PB 0x0000000703000000| Untracked 
|  25|0x0000000703200000, 0x0000000703400000, 0x0000000703400000|100%| O|  |TAMS 0x0000000703200000| PB 0x0000000703200000| Untracked 
|  26|0x0000000703400000, 0x0000000703600000, 0x0000000703600000|100%| O|  |TAMS 0x0000000703400000| PB 0x0000000703400000| Untracked 
|  27|0x0000000703600000, 0x0000000703800000, 0x0000000703800000|100%| O|  |TAMS 0x0000000703600000| PB 0x0000000703600000| Untracked 
|  28|0x0000000703800000, 0x0000000703a00000, 0x0000000703a00000|100%| O|  |TAMS 0x0000000703800000| PB 0x0000000703800000| Untracked 
|  29|0x0000000703a00000, 0x0000000703c00000, 0x0000000703c00000|100%| O|  |TAMS 0x0000000703a00000| PB 0x0000000703a00000| Untracked 
|  30|0x0000000703c00000, 0x0000000703e00000, 0x0000000703e00000|100%| O|  |TAMS 0x0000000703c00000| PB 0x0000000703c00000| Untracked 
|  31|0x0000000703e00000, 0x0000000704000000, 0x0000000704000000|100%| O|  |TAMS 0x0000000703e00000| PB 0x0000000703e00000| Untracked 
|  32|0x0000000704000000, 0x0000000704200000, 0x0000000704200000|100%| O|  |TAMS 0x0000000704000000| PB 0x0000000704000000| Untracked 
|  33|0x0000000704200000, 0x0000000704400000, 0x0000000704400000|100%| O|  |TAMS 0x0000000704200000| PB 0x0000000704200000| Untracked 
|  34|0x0000000704400000, 0x0000000704600000, 0x0000000704600000|100%| O|  |TAMS 0x0000000704400000| PB 0x0000000704400000| Untracked 
|  35|0x0000000704600000, 0x0000000704800000, 0x0000000704800000|100%| O|  |TAMS 0x0000000704600000| PB 0x0000000704600000| Untracked 
|  36|0x0000000704800000, 0x0000000704a00000, 0x0000000704a00000|100%| O|  |TAMS 0x0000000704800000| PB 0x0000000704800000| Untracked 
|  37|0x0000000704a00000, 0x0000000704c00000, 0x0000000704c00000|100%|HS|  |TAMS 0x0000000704a00000| PB 0x0000000704a00000| Complete 
|  38|0x0000000704c00000, 0x0000000704e00000, 0x0000000704e00000|100%|HS|  |TAMS 0x0000000704c00000| PB 0x0000000704c00000| Complete 
|  39|0x0000000704e00000, 0x0000000705000000, 0x0000000705000000|100%|HC|  |TAMS 0x0000000704e00000| PB 0x0000000704e00000| Complete 
|  40|0x0000000705000000, 0x0000000705200000, 0x0000000705200000|100%|HC|  |TAMS 0x0000000705000000| PB 0x0000000705000000| Complete 
|  41|0x0000000705200000, 0x0000000705400000, 0x0000000705400000|100%|HS|  |TAMS 0x0000000705200000| PB 0x0000000705200000| Complete 
|  42|0x0000000705400000, 0x0000000705600000, 0x0000000705600000|100%| O|  |TAMS 0x0000000705400000| PB 0x0000000705400000| Untracked 
|  43|0x0000000705600000, 0x0000000705800000, 0x0000000705800000|100%| O|  |TAMS 0x0000000705600000| PB 0x0000000705600000| Untracked 
|  44|0x0000000705800000, 0x0000000705a00000, 0x0000000705a00000|100%| O|  |TAMS 0x0000000705800000| PB 0x0000000705800000| Untracked 
|  45|0x0000000705a00000, 0x0000000705c00000, 0x0000000705c00000|100%| O|  |TAMS 0x0000000705a00000| PB 0x0000000705a00000| Untracked 
|  46|0x0000000705c00000, 0x0000000705e00000, 0x0000000705e00000|100%| O|  |TAMS 0x0000000705c00000| PB 0x0000000705c00000| Untracked 
|  47|0x0000000705e00000, 0x0000000706000000, 0x0000000706000000|100%| O|  |TAMS 0x0000000705e00000| PB 0x0000000705e00000| Untracked 
|  48|0x0000000706000000, 0x0000000706200000, 0x0000000706200000|100%| O|  |TAMS 0x0000000706000000| PB 0x0000000706000000| Untracked 
|  49|0x0000000706200000, 0x0000000706400000, 0x0000000706400000|100%| O|  |TAMS 0x0000000706200000| PB 0x0000000706200000| Untracked 
|  50|0x0000000706400000, 0x0000000706600000, 0x0000000706600000|100%| O|  |TAMS 0x0000000706400000| PB 0x0000000706400000| Untracked 
|  51|0x0000000706600000, 0x0000000706800000, 0x0000000706800000|100%| O|  |TAMS 0x0000000706600000| PB 0x0000000706600000| Untracked 
|  52|0x0000000706800000, 0x0000000706a00000, 0x0000000706a00000|100%| O|  |TAMS 0x0000000706800000| PB 0x0000000706800000| Untracked 
|  53|0x0000000706a00000, 0x0000000706c00000, 0x0000000706c00000|100%| O|  |TAMS 0x0000000706a00000| PB 0x0000000706a00000| Untracked 
|  54|0x0000000706c00000, 0x0000000706e00000, 0x0000000706e00000|100%| O|  |TAMS 0x0000000706c00000| PB 0x0000000706c00000| Untracked 
|  55|0x0000000706e00000, 0x0000000707000000, 0x0000000707000000|100%| O|  |TAMS 0x0000000706e00000| PB 0x0000000706e00000| Untracked 
|  56|0x0000000707000000, 0x0000000707200000, 0x0000000707200000|100%| O|  |TAMS 0x0000000707000000| PB 0x0000000707000000| Untracked 
|  57|0x0000000707200000, 0x0000000707400000, 0x0000000707400000|100%| O|  |TAMS 0x0000000707200000| PB 0x0000000707200000| Untracked 
|  58|0x0000000707400000, 0x0000000707600000, 0x0000000707600000|100%| O|  |TAMS 0x0000000707400000| PB 0x0000000707400000| Untracked 
|  59|0x0000000707600000, 0x0000000707800000, 0x0000000707800000|100%| O|  |TAMS 0x0000000707600000| PB 0x0000000707600000| Untracked 
|  60|0x0000000707800000, 0x0000000707a00000, 0x0000000707a00000|100%| O|  |TAMS 0x0000000707800000| PB 0x0000000707800000| Untracked 
|  61|0x0000000707a00000, 0x0000000707c00000, 0x0000000707c00000|100%| O|  |TAMS 0x0000000707a00000| PB 0x0000000707a00000| Untracked 
|  62|0x0000000707c00000, 0x0000000707e00000, 0x0000000707e00000|100%| O|  |TAMS 0x0000000707c00000| PB 0x0000000707c00000| Untracked 
|  63|0x0000000707e00000, 0x0000000708000000, 0x0000000708000000|100%| O|  |TAMS 0x0000000707e00000| PB 0x0000000707e00000| Untracked 
|  64|0x0000000708000000, 0x0000000708200000, 0x0000000708200000|100%| O|  |TAMS 0x0000000708000000| PB 0x0000000708000000| Untracked 
|  65|0x0000000708200000, 0x0000000708400000, 0x0000000708400000|100%| O|  |TAMS 0x0000000708200000| PB 0x0000000708200000| Untracked 
|  66|0x0000000708400000, 0x0000000708600000, 0x0000000708600000|100%| O|  |TAMS 0x0000000708400000| PB 0x0000000708400000| Untracked 
|  67|0x0000000708600000, 0x0000000708800000, 0x0000000708800000|100%|HS|  |TAMS 0x0000000708600000| PB 0x0000000708600000| Complete 
|  68|0x0000000708800000, 0x0000000708a00000, 0x0000000708a00000|100%| O|  |TAMS 0x0000000708800000| PB 0x0000000708800000| Untracked 
|  69|0x0000000708a00000, 0x0000000708c00000, 0x0000000708c00000|100%| O|  |TAMS 0x0000000708a00000| PB 0x0000000708a00000| Untracked 
|  70|0x0000000708c00000, 0x0000000708e00000, 0x0000000708e00000|100%| O|  |TAMS 0x0000000708c00000| PB 0x0000000708c00000| Untracked 
|  71|0x0000000708e00000, 0x0000000709000000, 0x0000000709000000|100%| O|  |TAMS 0x0000000708e00000| PB 0x0000000708e00000| Untracked 
|  72|0x0000000709000000, 0x0000000709200000, 0x0000000709200000|100%| O|  |TAMS 0x0000000709000000| PB 0x0000000709000000| Untracked 
|  73|0x0000000709200000, 0x0000000709400000, 0x0000000709400000|100%| O|  |TAMS 0x0000000709200000| PB 0x0000000709200000| Untracked 
|  74|0x0000000709400000, 0x0000000709600000, 0x0000000709600000|100%| O|  |TAMS 0x0000000709400000| PB 0x0000000709400000| Untracked 
|  75|0x0000000709600000, 0x0000000709800000, 0x0000000709800000|100%| O|  |TAMS 0x0000000709600000| PB 0x0000000709600000| Untracked 
|  76|0x0000000709800000, 0x0000000709a00000, 0x0000000709a00000|100%| O|  |TAMS 0x0000000709800000| PB 0x0000000709800000| Untracked 
|  77|0x0000000709a00000, 0x0000000709c00000, 0x0000000709c00000|100%| O|  |TAMS 0x0000000709a00000| PB 0x0000000709a00000| Untracked 
|  78|0x0000000709c00000, 0x0000000709e00000, 0x0000000709e00000|100%| O|  |TAMS 0x0000000709c00000| PB 0x0000000709c00000| Untracked 
|  79|0x0000000709e00000, 0x000000070a000000, 0x000000070a000000|100%| O|  |TAMS 0x0000000709e00000| PB 0x0000000709e00000| Untracked 
|  80|0x000000070a000000, 0x000000070a200000, 0x000000070a200000|100%| O|  |TAMS 0x000000070a000000| PB 0x000000070a000000| Untracked 
|  81|0x000000070a200000, 0x000000070a400000, 0x000000070a400000|100%| O|  |TAMS 0x000000070a200000| PB 0x000000070a200000| Untracked 
|  82|0x000000070a400000, 0x000000070a600000, 0x000000070a600000|100%| O|  |TAMS 0x000000070a400000| PB 0x000000070a400000| Untracked 
|  83|0x000000070a600000, 0x000000070a800000, 0x000000070a800000|100%| O|  |TAMS 0x000000070a600000| PB 0x000000070a600000| Untracked 
|  84|0x000000070a800000, 0x000000070aa00000, 0x000000070aa00000|100%| O|  |TAMS 0x000000070a800000| PB 0x000000070a800000| Untracked 
|  85|0x000000070aa00000, 0x000000070ac00000, 0x000000070ac00000|100%| O|  |TAMS 0x000000070aa00000| PB 0x000000070aa00000| Untracked 
|  86|0x000000070ac00000, 0x000000070ae00000, 0x000000070ae00000|100%| O|  |TAMS 0x000000070ac00000| PB 0x000000070ac00000| Untracked 
|  87|0x000000070ae00000, 0x000000070b000000, 0x000000070b000000|100%| O|  |TAMS 0x000000070ae00000| PB 0x000000070ae00000| Untracked 
|  88|0x000000070b000000, 0x000000070b200000, 0x000000070b200000|100%| O|  |TAMS 0x000000070b000000| PB 0x000000070b000000| Untracked 
|  89|0x000000070b200000, 0x000000070b400000, 0x000000070b400000|100%| O|  |TAMS 0x000000070b200000| PB 0x000000070b200000| Untracked 
|  90|0x000000070b400000, 0x000000070b600000, 0x000000070b600000|100%| O|  |TAMS 0x000000070b400000| PB 0x000000070b400000| Untracked 
|  91|0x000000070b600000, 0x000000070b800000, 0x000000070b800000|100%| O|  |TAMS 0x000000070b600000| PB 0x000000070b600000| Untracked 
|  92|0x000000070b800000, 0x000000070ba00000, 0x000000070ba00000|100%| O|  |TAMS 0x000000070b800000| PB 0x000000070b800000| Untracked 
|  93|0x000000070ba00000, 0x000000070bc00000, 0x000000070bc00000|100%| O|  |TAMS 0x000000070ba00000| PB 0x000000070ba00000| Untracked 
|  94|0x000000070bc00000, 0x000000070be00000, 0x000000070be00000|100%| O|  |TAMS 0x000000070bc00000| PB 0x000000070bc00000| Untracked 
|  95|0x000000070be00000, 0x000000070c000000, 0x000000070c000000|100%| O|  |TAMS 0x000000070be00000| PB 0x000000070be00000| Untracked 
|  96|0x000000070c000000, 0x000000070c200000, 0x000000070c200000|100%| O|  |TAMS 0x000000070c000000| PB 0x000000070c000000| Untracked 
|  97|0x000000070c200000, 0x000000070c400000, 0x000000070c400000|100%| O|  |TAMS 0x000000070c200000| PB 0x000000070c200000| Untracked 
|  98|0x000000070c400000, 0x000000070c600000, 0x000000070c600000|100%| O|  |TAMS 0x000000070c400000| PB 0x000000070c400000| Untracked 
|  99|0x000000070c600000, 0x000000070c800000, 0x000000070c800000|100%| O|  |TAMS 0x000000070c600000| PB 0x000000070c600000| Untracked 
| 100|0x000000070c800000, 0x000000070ca00000, 0x000000070ca00000|100%| O|  |TAMS 0x000000070c800000| PB 0x000000070c800000| Untracked 
| 101|0x000000070ca00000, 0x000000070cc00000, 0x000000070cc00000|100%| O|  |TAMS 0x000000070ca00000| PB 0x000000070ca00000| Untracked 
| 102|0x000000070cc00000, 0x000000070ce00000, 0x000000070ce00000|100%| O|  |TAMS 0x000000070cc00000| PB 0x000000070cc00000| Untracked 
| 103|0x000000070ce00000, 0x000000070d000000, 0x000000070d000000|100%| O|  |TAMS 0x000000070ce00000| PB 0x000000070ce00000| Untracked 
| 104|0x000000070d000000, 0x000000070d200000, 0x000000070d200000|100%| O|  |TAMS 0x000000070d000000| PB 0x000000070d000000| Untracked 
| 105|0x000000070d200000, 0x000000070d400000, 0x000000070d400000|100%| O|  |TAMS 0x000000070d200000| PB 0x000000070d200000| Untracked 
| 106|0x000000070d400000, 0x000000070d600000, 0x000000070d600000|100%| O|  |TAMS 0x000000070d400000| PB 0x000000070d400000| Untracked 
| 107|0x000000070d600000, 0x000000070d800000, 0x000000070d800000|100%| O|  |TAMS 0x000000070d600000| PB 0x000000070d600000| Untracked 
| 108|0x000000070d800000, 0x000000070da00000, 0x000000070da00000|100%| O|  |TAMS 0x000000070d800000| PB 0x000000070d800000| Untracked 
| 109|0x000000070da00000, 0x000000070dc00000, 0x000000070dc00000|100%| O|  |TAMS 0x000000070da00000| PB 0x000000070da00000| Untracked 
| 110|0x000000070dc00000, 0x000000070de00000, 0x000000070de00000|100%| O|Cm|TAMS 0x000000070dc00000| PB 0x000000070dc00000| Complete 
| 111|0x000000070de00000, 0x000000070e000000, 0x000000070e000000|100%| O|Cm|TAMS 0x000000070de00000| PB 0x000000070de00000| Complete 
| 112|0x000000070e000000, 0x000000070e200000, 0x000000070e200000|100%| O|Cm|TAMS 0x000000070e000000| PB 0x000000070e000000| Complete 
| 113|0x000000070e200000, 0x000000070e400000, 0x000000070e400000|100%| O|  |TAMS 0x000000070e200000| PB 0x000000070e200000| Untracked 
| 114|0x000000070e400000, 0x000000070e600000, 0x000000070e600000|100%| O|  |TAMS 0x000000070e400000| PB 0x000000070e400000| Untracked 
| 115|0x000000070e600000, 0x000000070e800000, 0x000000070e800000|100%| O|  |TAMS 0x000000070e600000| PB 0x000000070e600000| Untracked 
| 116|0x000000070e800000, 0x000000070ea00000, 0x000000070ea00000|100%|HS|  |TAMS 0x000000070e800000| PB 0x000000070e800000| Complete 
| 117|0x000000070ea00000, 0x000000070ec00000, 0x000000070ec00000|100%|HC|  |TAMS 0x000000070ea00000| PB 0x000000070ea00000| Complete 
| 118|0x000000070ec00000, 0x000000070ee00000, 0x000000070ee00000|100%| O|  |TAMS 0x000000070ec00000| PB 0x000000070ec00000| Untracked 
| 119|0x000000070ee00000, 0x000000070f000000, 0x000000070f000000|100%| O|  |TAMS 0x000000070ee00000| PB 0x000000070ee00000| Untracked 
| 120|0x000000070f000000, 0x000000070f200000, 0x000000070f200000|100%| O|  |TAMS 0x000000070f000000| PB 0x000000070f000000| Untracked 
| 121|0x000000070f200000, 0x000000070f400000, 0x000000070f400000|100%| O|  |TAMS 0x000000070f200000| PB 0x000000070f200000| Untracked 
| 122|0x000000070f400000, 0x000000070f600000, 0x000000070f600000|100%| O|  |TAMS 0x000000070f400000| PB 0x000000070f400000| Untracked 
| 123|0x000000070f600000, 0x000000070f800000, 0x000000070f800000|100%| O|  |TAMS 0x000000070f600000| PB 0x000000070f600000| Untracked 
| 124|0x000000070f800000, 0x000000070fa00000, 0x000000070fa00000|100%| O|  |TAMS 0x000000070f800000| PB 0x000000070f800000| Untracked 
| 125|0x000000070fa00000, 0x000000070fc00000, 0x000000070fc00000|100%| O|  |TAMS 0x000000070fa00000| PB 0x000000070fa00000| Untracked 
| 126|0x000000070fc00000, 0x000000070fe00000, 0x000000070fe00000|100%| O|  |TAMS 0x000000070fc00000| PB 0x000000070fc00000| Untracked 
| 127|0x000000070fe00000, 0x0000000710000000, 0x0000000710000000|100%| O|  |TAMS 0x000000070fe00000| PB 0x000000070fe00000| Untracked 
| 128|0x0000000710000000, 0x0000000710200000, 0x0000000710200000|100%| O|  |TAMS 0x0000000710000000| PB 0x0000000710000000| Untracked 
| 129|0x0000000710200000, 0x0000000710400000, 0x0000000710400000|100%| O|  |TAMS 0x0000000710200000| PB 0x0000000710200000| Untracked 
| 130|0x0000000710400000, 0x0000000710600000, 0x0000000710600000|100%| O|  |TAMS 0x0000000710400000| PB 0x0000000710400000| Untracked 
| 131|0x0000000710600000, 0x0000000710800000, 0x0000000710800000|100%| O|  |TAMS 0x0000000710600000| PB 0x0000000710600000| Untracked 
| 132|0x0000000710800000, 0x0000000710a00000, 0x0000000710a00000|100%| O|  |TAMS 0x0000000710800000| PB 0x0000000710800000| Untracked 
| 133|0x0000000710a00000, 0x0000000710c00000, 0x0000000710c00000|100%| O|  |TAMS 0x0000000710a00000| PB 0x0000000710a00000| Untracked 
| 134|0x0000000710c00000, 0x0000000710e00000, 0x0000000710e00000|100%| O|  |TAMS 0x0000000710c00000| PB 0x0000000710c00000| Untracked 
| 135|0x0000000710e00000, 0x0000000711000000, 0x0000000711000000|100%| O|  |TAMS 0x0000000710e00000| PB 0x0000000710e00000| Untracked 
| 136|0x0000000711000000, 0x0000000711200000, 0x0000000711200000|100%| O|  |TAMS 0x0000000711000000| PB 0x0000000711000000| Untracked 
| 137|0x0000000711200000, 0x0000000711400000, 0x0000000711400000|100%| O|  |TAMS 0x0000000711200000| PB 0x0000000711200000| Untracked 
| 138|0x0000000711400000, 0x0000000711600000, 0x0000000711600000|100%| O|  |TAMS 0x0000000711400000| PB 0x0000000711400000| Untracked 
| 139|0x0000000711600000, 0x0000000711800000, 0x0000000711800000|100%| O|  |TAMS 0x0000000711600000| PB 0x0000000711600000| Untracked 
| 140|0x0000000711800000, 0x0000000711a00000, 0x0000000711a00000|100%| O|  |TAMS 0x0000000711800000| PB 0x0000000711800000| Untracked 
| 141|0x0000000711a00000, 0x0000000711c00000, 0x0000000711c00000|100%| O|  |TAMS 0x0000000711a00000| PB 0x0000000711a00000| Untracked 
| 142|0x0000000711c00000, 0x0000000711e00000, 0x0000000711e00000|100%| O|  |TAMS 0x0000000711c00000| PB 0x0000000711c00000| Untracked 
| 143|0x0000000711e00000, 0x0000000712000000, 0x0000000712000000|100%| O|  |TAMS 0x0000000711e00000| PB 0x0000000711e00000| Untracked 
| 144|0x0000000712000000, 0x0000000712200000, 0x0000000712200000|100%| O|  |TAMS 0x0000000712000000| PB 0x0000000712000000| Untracked 
| 145|0x0000000712200000, 0x0000000712400000, 0x0000000712400000|100%| O|Cm|TAMS 0x0000000712200000| PB 0x0000000712200000| Complete 
| 146|0x0000000712400000, 0x0000000712600000, 0x0000000712600000|100%| O|  |TAMS 0x0000000712400000| PB 0x0000000712400000| Untracked 
| 147|0x0000000712600000, 0x0000000712800000, 0x0000000712800000|100%| O|  |TAMS 0x0000000712600000| PB 0x0000000712600000| Untracked 
| 148|0x0000000712800000, 0x0000000712a00000, 0x0000000712a00000|100%| O|  |TAMS 0x0000000712800000| PB 0x0000000712800000| Untracked 
| 149|0x0000000712a00000, 0x0000000712c00000, 0x0000000712c00000|100%| O|  |TAMS 0x0000000712a00000| PB 0x0000000712a00000| Untracked 
| 150|0x0000000712c00000, 0x0000000712e00000, 0x0000000712e00000|100%| O|  |TAMS 0x0000000712c00000| PB 0x0000000712c00000| Untracked 
| 151|0x0000000712e00000, 0x0000000713000000, 0x0000000713000000|100%| O|  |TAMS 0x0000000712e00000| PB 0x0000000712e00000| Untracked 
| 152|0x0000000713000000, 0x0000000713200000, 0x0000000713200000|100%| O|  |TAMS 0x0000000713000000| PB 0x0000000713000000| Untracked 
| 153|0x0000000713200000, 0x0000000713400000, 0x0000000713400000|100%| O|  |TAMS 0x0000000713200000| PB 0x0000000713200000| Untracked 
| 154|0x0000000713400000, 0x0000000713600000, 0x0000000713600000|100%| O|  |TAMS 0x0000000713400000| PB 0x0000000713400000| Untracked 
| 155|0x0000000713600000, 0x0000000713800000, 0x0000000713800000|100%| O|  |TAMS 0x0000000713600000| PB 0x0000000713600000| Untracked 
| 156|0x0000000713800000, 0x0000000713a00000, 0x0000000713a00000|100%| O|Cm|TAMS 0x0000000713800000| PB 0x0000000713800000| Complete 
| 157|0x0000000713a00000, 0x0000000713c00000, 0x0000000713c00000|100%| O|Cm|TAMS 0x0000000713a00000| PB 0x0000000713a00000| Complete 
| 158|0x0000000713c00000, 0x0000000713e00000, 0x0000000713e00000|100%| O|  |TAMS 0x0000000713c00000| PB 0x0000000713c00000| Untracked 
| 159|0x0000000713e00000, 0x0000000714000000, 0x0000000714000000|100%| O|  |TAMS 0x0000000713e00000| PB 0x0000000713e00000| Untracked 
| 160|0x0000000714000000, 0x0000000714200000, 0x0000000714200000|100%| O|  |TAMS 0x0000000714000000| PB 0x0000000714000000| Untracked 
| 161|0x0000000714200000, 0x0000000714400000, 0x0000000714400000|100%| O|  |TAMS 0x0000000714200000| PB 0x0000000714200000| Untracked 
| 162|0x0000000714400000, 0x0000000714600000, 0x0000000714600000|100%| O|  |TAMS 0x0000000714400000| PB 0x0000000714400000| Untracked 
| 163|0x0000000714600000, 0x0000000714800000, 0x0000000714800000|100%| O|  |TAMS 0x0000000714600000| PB 0x0000000714600000| Untracked 
| 164|0x0000000714800000, 0x0000000714a00000, 0x0000000714a00000|100%| O|  |TAMS 0x0000000714800000| PB 0x0000000714800000| Untracked 
| 165|0x0000000714a00000, 0x0000000714c00000, 0x0000000714c00000|100%| O|  |TAMS 0x0000000714a00000| PB 0x0000000714a00000| Untracked 
| 166|0x0000000714c00000, 0x0000000714e00000, 0x0000000714e00000|100%| O|  |TAMS 0x0000000714c00000| PB 0x0000000714c00000| Untracked 
| 167|0x0000000714e00000, 0x0000000715000000, 0x0000000715000000|100%| O|  |TAMS 0x0000000714e00000| PB 0x0000000714e00000| Untracked 
| 168|0x0000000715000000, 0x0000000715200000, 0x0000000715200000|100%| O|  |TAMS 0x0000000715000000| PB 0x0000000715000000| Untracked 
| 169|0x0000000715200000, 0x0000000715400000, 0x0000000715400000|100%| O|  |TAMS 0x0000000715200000| PB 0x0000000715200000| Untracked 
| 170|0x0000000715400000, 0x0000000715600000, 0x0000000715600000|100%| O|  |TAMS 0x0000000715400000| PB 0x0000000715400000| Untracked 
| 171|0x0000000715600000, 0x0000000715800000, 0x0000000715800000|100%| O|  |TAMS 0x0000000715600000| PB 0x0000000715600000| Untracked 
| 172|0x0000000715800000, 0x0000000715a00000, 0x0000000715a00000|100%| O|Cm|TAMS 0x0000000715800000| PB 0x0000000715800000| Complete 
| 173|0x0000000715a00000, 0x0000000715c00000, 0x0000000715c00000|100%| O|  |TAMS 0x0000000715a00000| PB 0x0000000715a00000| Untracked 
| 174|0x0000000715c00000, 0x0000000715e00000, 0x0000000715e00000|100%| O|  |TAMS 0x0000000715c00000| PB 0x0000000715c00000| Untracked 
| 175|0x0000000715e00000, 0x0000000716000000, 0x0000000716000000|100%| O|  |TAMS 0x0000000715e00000| PB 0x0000000715e00000| Untracked 
| 176|0x0000000716000000, 0x0000000716200000, 0x0000000716200000|100%| O|  |TAMS 0x0000000716000000| PB 0x0000000716000000| Untracked 
| 177|0x0000000716200000, 0x0000000716400000, 0x0000000716400000|100%| O|  |TAMS 0x0000000716200000| PB 0x0000000716200000| Untracked 
| 178|0x0000000716400000, 0x0000000716600000, 0x0000000716600000|100%| O|  |TAMS 0x0000000716400000| PB 0x0000000716400000| Untracked 
| 179|0x0000000716600000, 0x0000000716800000, 0x0000000716800000|100%| O|  |TAMS 0x0000000716600000| PB 0x0000000716600000| Untracked 
| 180|0x0000000716800000, 0x0000000716a00000, 0x0000000716a00000|100%| O|  |TAMS 0x0000000716800000| PB 0x0000000716800000| Untracked 
| 181|0x0000000716a00000, 0x0000000716c00000, 0x0000000716c00000|100%| O|  |TAMS 0x0000000716a00000| PB 0x0000000716a00000| Untracked 
| 182|0x0000000716c00000, 0x0000000716e00000, 0x0000000716e00000|100%| O|  |TAMS 0x0000000716c00000| PB 0x0000000716c00000| Untracked 
| 183|0x0000000716e00000, 0x0000000717000000, 0x0000000717000000|100%| O|Cm|TAMS 0x0000000716e00000| PB 0x0000000716e00000| Complete 
| 184|0x0000000717000000, 0x0000000717200000, 0x0000000717200000|100%| O|Cm|TAMS 0x0000000717000000| PB 0x0000000717000000| Complete 
| 185|0x0000000717200000, 0x0000000717400000, 0x0000000717400000|100%| O|  |TAMS 0x0000000717200000| PB 0x0000000717200000| Untracked 
| 186|0x0000000717400000, 0x0000000717600000, 0x0000000717600000|100%| O|  |TAMS 0x0000000717400000| PB 0x0000000717400000| Untracked 
| 187|0x0000000717600000, 0x0000000717800000, 0x0000000717800000|100%| O|  |TAMS 0x0000000717600000| PB 0x0000000717600000| Untracked 
| 188|0x0000000717800000, 0x0000000717a00000, 0x0000000717a00000|100%| O|  |TAMS 0x0000000717800000| PB 0x0000000717800000| Untracked 
| 189|0x0000000717a00000, 0x0000000717c00000, 0x0000000717c00000|100%| O|  |TAMS 0x0000000717a00000| PB 0x0000000717a00000| Untracked 
| 190|0x0000000717c00000, 0x0000000717e00000, 0x0000000717e00000|100%| O|  |TAMS 0x0000000717c00000| PB 0x0000000717c00000| Untracked 
| 191|0x0000000717e00000, 0x0000000718000000, 0x0000000718000000|100%| O|  |TAMS 0x0000000717e00000| PB 0x0000000717e00000| Untracked 
| 192|0x0000000718000000, 0x0000000718200000, 0x0000000718200000|100%| O|  |TAMS 0x0000000718000000| PB 0x0000000718000000| Untracked 
| 193|0x0000000718200000, 0x0000000718400000, 0x0000000718400000|100%| O|  |TAMS 0x0000000718200000| PB 0x0000000718200000| Untracked 
| 194|0x0000000718400000, 0x0000000718600000, 0x0000000718600000|100%| O|  |TAMS 0x0000000718400000| PB 0x0000000718400000| Untracked 
| 195|0x0000000718600000, 0x0000000718700000, 0x0000000718800000| 50%| O|  |TAMS 0x0000000718600000| PB 0x0000000718600000| Untracked 
| 196|0x0000000718800000, 0x0000000718800000, 0x0000000718a00000|  0%| F|  |TAMS 0x0000000718800000| PB 0x0000000718800000| Untracked 
| 197|0x0000000718a00000, 0x0000000718c00000, 0x0000000718c00000|100%| O|  |TAMS 0x0000000718a00000| PB 0x0000000718a00000| Untracked 
| 198|0x0000000718c00000, 0x0000000718c00000, 0x0000000718e00000|  0%| F|  |TAMS 0x0000000718c00000| PB 0x0000000718c00000| Untracked 
| 199|0x0000000718e00000, 0x0000000719000000, 0x0000000719000000|100%| O|  |TAMS 0x0000000718e00000| PB 0x0000000718e00000| Untracked 
| 200|0x0000000719000000, 0x0000000719200000, 0x0000000719200000|100%| O|  |TAMS 0x0000000719000000| PB 0x0000000719000000| Untracked 
| 201|0x0000000719200000, 0x0000000719200000, 0x0000000719400000|  0%| F|  |TAMS 0x0000000719200000| PB 0x0000000719200000| Untracked 
| 202|0x0000000719400000, 0x0000000719400000, 0x0000000719600000|  0%| F|  |TAMS 0x0000000719400000| PB 0x0000000719400000| Untracked 
| 203|0x0000000719600000, 0x0000000719800000, 0x0000000719800000|100%| O|  |TAMS 0x0000000719600000| PB 0x0000000719600000| Untracked 
| 204|0x0000000719800000, 0x0000000719a00000, 0x0000000719a00000|100%| O|  |TAMS 0x0000000719800000| PB 0x0000000719800000| Untracked 
| 205|0x0000000719a00000, 0x0000000719c00000, 0x0000000719c00000|100%| O|  |TAMS 0x0000000719a00000| PB 0x0000000719a00000| Untracked 
| 206|0x0000000719c00000, 0x0000000719e00000, 0x0000000719e00000|100%| O|  |TAMS 0x0000000719c00000| PB 0x0000000719c00000| Untracked 
| 207|0x0000000719e00000, 0x000000071a000000, 0x000000071a000000|100%| O|  |TAMS 0x0000000719e00000| PB 0x0000000719e00000| Untracked 
| 208|0x000000071a000000, 0x000000071a200000, 0x000000071a200000|100%| O|  |TAMS 0x000000071a000000| PB 0x000000071a000000| Untracked 
| 209|0x000000071a200000, 0x000000071a400000, 0x000000071a400000|100%| O|  |TAMS 0x000000071a200000| PB 0x000000071a200000| Untracked 
| 210|0x000000071a400000, 0x000000071a600000, 0x000000071a600000|100%| O|  |TAMS 0x000000071a400000| PB 0x000000071a400000| Untracked 
| 211|0x000000071a600000, 0x000000071a800000, 0x000000071a800000|100%| O|  |TAMS 0x000000071a600000| PB 0x000000071a600000| Untracked 
| 212|0x000000071a800000, 0x000000071aa00000, 0x000000071aa00000|100%| O|  |TAMS 0x000000071a800000| PB 0x000000071a800000| Untracked 
| 213|0x000000071aa00000, 0x000000071ac00000, 0x000000071ac00000|100%| O|  |TAMS 0x000000071aa00000| PB 0x000000071aa00000| Untracked 
| 214|0x000000071ac00000, 0x000000071ac00000, 0x000000071ae00000|  0%| F|  |TAMS 0x000000071ac00000| PB 0x000000071ac00000| Untracked 
| 215|0x000000071ae00000, 0x000000071ae00000, 0x000000071b000000|  0%| F|  |TAMS 0x000000071ae00000| PB 0x000000071ae00000| Untracked 
| 216|0x000000071b000000, 0x000000071b200000, 0x000000071b200000|100%| O|  |TAMS 0x000000071b000000| PB 0x000000071b000000| Untracked 
| 217|0x000000071b200000, 0x000000071b400000, 0x000000071b400000|100%| O|  |TAMS 0x000000071b200000| PB 0x000000071b200000| Untracked 
| 218|0x000000071b400000, 0x000000071b600000, 0x000000071b600000|100%| O|  |TAMS 0x000000071b400000| PB 0x000000071b400000| Untracked 
| 219|0x000000071b600000, 0x000000071b600000, 0x000000071b800000|  0%| F|  |TAMS 0x000000071b600000| PB 0x000000071b600000| Untracked 
| 220|0x000000071b800000, 0x000000071b800000, 0x000000071ba00000|  0%| F|  |TAMS 0x000000071b800000| PB 0x000000071b800000| Untracked 
| 221|0x000000071ba00000, 0x000000071ba00000, 0x000000071bc00000|  0%| F|  |TAMS 0x000000071ba00000| PB 0x000000071ba00000| Untracked 
| 222|0x000000071bc00000, 0x000000071bc00000, 0x000000071be00000|  0%| F|  |TAMS 0x000000071bc00000| PB 0x000000071bc00000| Untracked 
| 223|0x000000071be00000, 0x000000071be00000, 0x000000071c000000|  0%| F|  |TAMS 0x000000071be00000| PB 0x000000071be00000| Untracked 
| 224|0x000000071c000000, 0x000000071c200000, 0x000000071c200000|100%| O|  |TAMS 0x000000071c000000| PB 0x000000071c000000| Untracked 
| 225|0x000000071c200000, 0x000000071c200000, 0x000000071c400000|  0%| F|  |TAMS 0x000000071c200000| PB 0x000000071c200000| Untracked 
| 226|0x000000071c400000, 0x000000071c600000, 0x000000071c600000|100%| O|  |TAMS 0x000000071c400000| PB 0x000000071c400000| Untracked 
| 227|0x000000071c600000, 0x000000071c800000, 0x000000071c800000|100%| O|  |TAMS 0x000000071c600000| PB 0x000000071c600000| Untracked 
| 228|0x000000071c800000, 0x000000071ca00000, 0x000000071ca00000|100%| O|  |TAMS 0x000000071c800000| PB 0x000000071c800000| Untracked 
| 229|0x000000071ca00000, 0x000000071cc00000, 0x000000071cc00000|100%| O|  |TAMS 0x000000071ca00000| PB 0x000000071ca00000| Untracked 
| 230|0x000000071cc00000, 0x000000071ce00000, 0x000000071ce00000|100%| O|  |TAMS 0x000000071cc00000| PB 0x000000071cc00000| Untracked 
| 231|0x000000071ce00000, 0x000000071d000000, 0x000000071d000000|100%| O|  |TAMS 0x000000071ce00000| PB 0x000000071ce00000| Untracked 
| 232|0x000000071d000000, 0x000000071d200000, 0x000000071d200000|100%| O|  |TAMS 0x000000071d000000| PB 0x000000071d000000| Untracked 
| 233|0x000000071d200000, 0x000000071d400000, 0x000000071d400000|100%| O|  |TAMS 0x000000071d200000| PB 0x000000071d200000| Untracked 
| 234|0x000000071d400000, 0x000000071d600000, 0x000000071d600000|100%| O|  |TAMS 0x000000071d400000| PB 0x000000071d400000| Untracked 
| 235|0x000000071d600000, 0x000000071d800000, 0x000000071d800000|100%| O|  |TAMS 0x000000071d600000| PB 0x000000071d600000| Untracked 
| 236|0x000000071d800000, 0x000000071da00000, 0x000000071da00000|100%| O|  |TAMS 0x000000071d800000| PB 0x000000071d800000| Untracked 
| 237|0x000000071da00000, 0x000000071dc00000, 0x000000071dc00000|100%| O|  |TAMS 0x000000071da00000| PB 0x000000071da00000| Untracked 
| 238|0x000000071dc00000, 0x000000071de00000, 0x000000071de00000|100%| O|  |TAMS 0x000000071dc00000| PB 0x000000071dc00000| Untracked 
| 239|0x000000071de00000, 0x000000071e000000, 0x000000071e000000|100%| O|  |TAMS 0x000000071de00000| PB 0x000000071de00000| Untracked 
| 240|0x000000071e000000, 0x000000071e200000, 0x000000071e200000|100%| O|  |TAMS 0x000000071e000000| PB 0x000000071e000000| Untracked 
| 241|0x000000071e200000, 0x000000071e400000, 0x000000071e400000|100%| O|  |TAMS 0x000000071e200000| PB 0x000000071e200000| Untracked 
| 242|0x000000071e400000, 0x000000071e600000, 0x000000071e600000|100%|HS|  |TAMS 0x000000071e400000| PB 0x000000071e400000| Complete 
| 243|0x000000071e600000, 0x000000071e800000, 0x000000071e800000|100%|HC|  |TAMS 0x000000071e600000| PB 0x000000071e600000| Complete 
| 244|0x000000071e800000, 0x000000071ea00000, 0x000000071ea00000|100%|HC|  |TAMS 0x000000071e800000| PB 0x000000071e800000| Complete 
| 245|0x000000071ea00000, 0x000000071ec00000, 0x000000071ec00000|100%|HC|  |TAMS 0x000000071ea00000| PB 0x000000071ea00000| Complete 
| 246|0x000000071ec00000, 0x000000071ec00000, 0x000000071ee00000|  0%| F|  |TAMS 0x000000071ec00000| PB 0x000000071ec00000| Untracked 
| 247|0x000000071ee00000, 0x000000071ee00000, 0x000000071f000000|  0%| F|  |TAMS 0x000000071ee00000| PB 0x000000071ee00000| Untracked 
| 248|0x000000071f000000, 0x000000071f000000, 0x000000071f200000|  0%| F|  |TAMS 0x000000071f000000| PB 0x000000071f000000| Untracked 
| 249|0x000000071f200000, 0x000000071f200000, 0x000000071f400000|  0%| F|  |TAMS 0x000000071f200000| PB 0x000000071f200000| Untracked 
| 250|0x000000071f400000, 0x000000071f400000, 0x000000071f600000|  0%| F|  |TAMS 0x000000071f400000| PB 0x000000071f400000| Untracked 
| 251|0x000000071f600000, 0x000000071f600000, 0x000000071f800000|  0%| F|  |TAMS 0x000000071f600000| PB 0x000000071f600000| Untracked 
| 252|0x000000071f800000, 0x000000071f800000, 0x000000071fa00000|  0%| F|  |TAMS 0x000000071f800000| PB 0x000000071f800000| Untracked 
| 253|0x000000071fa00000, 0x000000071fa00000, 0x000000071fc00000|  0%| F|  |TAMS 0x000000071fa00000| PB 0x000000071fa00000| Untracked 
| 254|0x000000071fc00000, 0x000000071fc00000, 0x000000071fe00000|  0%| F|  |TAMS 0x000000071fc00000| PB 0x000000071fc00000| Untracked 
| 255|0x000000071fe00000, 0x000000071fe00000, 0x0000000720000000|  0%| F|  |TAMS 0x000000071fe00000| PB 0x000000071fe00000| Untracked 
| 256|0x0000000720000000, 0x0000000720000000, 0x0000000720200000|  0%| F|  |TAMS 0x0000000720000000| PB 0x0000000720000000| Untracked 
| 257|0x0000000720200000, 0x0000000720400000, 0x0000000720400000|100%| O|  |TAMS 0x0000000720200000| PB 0x0000000720200000| Untracked 
| 258|0x0000000720400000, 0x0000000720600000, 0x0000000720600000|100%| O|  |TAMS 0x0000000720400000| PB 0x0000000720400000| Untracked 
| 259|0x0000000720600000, 0x0000000720800000, 0x0000000720800000|100%| O|  |TAMS 0x0000000720600000| PB 0x0000000720600000| Untracked 
| 260|0x0000000720800000, 0x0000000720a00000, 0x0000000720a00000|100%| O|  |TAMS 0x0000000720800000| PB 0x0000000720800000| Untracked 
| 261|0x0000000720a00000, 0x0000000720c00000, 0x0000000720c00000|100%| O|  |TAMS 0x0000000720a00000| PB 0x0000000720a00000| Untracked 
| 262|0x0000000720c00000, 0x0000000720e00000, 0x0000000720e00000|100%| O|  |TAMS 0x0000000720c00000| PB 0x0000000720c00000| Untracked 
| 263|0x0000000720e00000, 0x0000000721000000, 0x0000000721000000|100%| O|  |TAMS 0x0000000720e00000| PB 0x0000000720e00000| Untracked 
| 264|0x0000000721000000, 0x0000000721000000, 0x0000000721200000|  0%| F|  |TAMS 0x0000000721000000| PB 0x0000000721000000| Untracked 
| 265|0x0000000721200000, 0x0000000721400000, 0x0000000721400000|100%| O|  |TAMS 0x0000000721200000| PB 0x0000000721200000| Untracked 
| 266|0x0000000721400000, 0x0000000721600000, 0x0000000721600000|100%| O|  |TAMS 0x0000000721400000| PB 0x0000000721400000| Untracked 
| 267|0x0000000721600000, 0x0000000721800000, 0x0000000721800000|100%| O|  |TAMS 0x0000000721600000| PB 0x0000000721600000| Untracked 
| 268|0x0000000721800000, 0x0000000721a00000, 0x0000000721a00000|100%| O|  |TAMS 0x0000000721800000| PB 0x0000000721800000| Untracked 
| 269|0x0000000721a00000, 0x0000000721c00000, 0x0000000721c00000|100%| O|  |TAMS 0x0000000721a00000| PB 0x0000000721a00000| Untracked 
| 270|0x0000000721c00000, 0x0000000721e00000, 0x0000000721e00000|100%| O|Cm|TAMS 0x0000000721c00000| PB 0x0000000721c00000| Complete 
| 271|0x0000000721e00000, 0x0000000721e00000, 0x0000000722000000|  0%| F|  |TAMS 0x0000000721e00000| PB 0x0000000721e00000| Untracked 
| 272|0x0000000722000000, 0x0000000722000000, 0x0000000722200000|  0%| F|  |TAMS 0x0000000722000000| PB 0x0000000722000000| Untracked 
| 273|0x0000000722200000, 0x0000000722200000, 0x0000000722400000|  0%| F|  |TAMS 0x0000000722200000| PB 0x0000000722200000| Untracked 
| 274|0x0000000722400000, 0x0000000722400000, 0x0000000722600000|  0%| F|  |TAMS 0x0000000722400000| PB 0x0000000722400000| Untracked 
| 275|0x0000000722600000, 0x0000000722600000, 0x0000000722800000|  0%| F|  |TAMS 0x0000000722600000| PB 0x0000000722600000| Untracked 
| 276|0x0000000722800000, 0x0000000722800000, 0x0000000722a00000|  0%| F|  |TAMS 0x0000000722800000| PB 0x0000000722800000| Untracked 
| 277|0x0000000722a00000, 0x0000000722a00000, 0x0000000722c00000|  0%| F|  |TAMS 0x0000000722a00000| PB 0x0000000722a00000| Untracked 
| 278|0x0000000722c00000, 0x0000000722c00000, 0x0000000722e00000|  0%| F|  |TAMS 0x0000000722c00000| PB 0x0000000722c00000| Untracked 
| 279|0x0000000722e00000, 0x0000000722e00000, 0x0000000723000000|  0%| F|  |TAMS 0x0000000722e00000| PB 0x0000000722e00000| Untracked 
| 280|0x0000000723000000, 0x0000000723000000, 0x0000000723200000|  0%| F|  |TAMS 0x0000000723000000| PB 0x0000000723000000| Untracked 
| 281|0x0000000723200000, 0x0000000723200000, 0x0000000723400000|  0%| F|  |TAMS 0x0000000723200000| PB 0x0000000723200000| Untracked 
| 282|0x0000000723400000, 0x0000000723400000, 0x0000000723600000|  0%| F|  |TAMS 0x0000000723400000| PB 0x0000000723400000| Untracked 
| 283|0x0000000723600000, 0x0000000723800000, 0x0000000723800000|100%| O|  |TAMS 0x0000000723600000| PB 0x0000000723600000| Untracked 
| 284|0x0000000723800000, 0x0000000723a00000, 0x0000000723a00000|100%| O|  |TAMS 0x0000000723800000| PB 0x0000000723800000| Untracked 
| 285|0x0000000723a00000, 0x0000000723c00000, 0x0000000723c00000|100%| O|  |TAMS 0x0000000723a00000| PB 0x0000000723a00000| Untracked 
| 286|0x0000000723c00000, 0x0000000723e00000, 0x0000000723e00000|100%| O|  |TAMS 0x0000000723c00000| PB 0x0000000723c00000| Untracked 
| 287|0x0000000723e00000, 0x0000000724000000, 0x0000000724000000|100%| O|  |TAMS 0x0000000723e00000| PB 0x0000000723e00000| Untracked 
| 288|0x0000000724000000, 0x0000000724200000, 0x0000000724200000|100%| O|  |TAMS 0x0000000724000000| PB 0x0000000724000000| Untracked 
| 289|0x0000000724200000, 0x0000000724400000, 0x0000000724400000|100%| O|  |TAMS 0x0000000724200000| PB 0x0000000724200000| Untracked 
| 290|0x0000000724400000, 0x0000000724600000, 0x0000000724600000|100%| O|  |TAMS 0x0000000724400000| PB 0x0000000724400000| Untracked 
| 291|0x0000000724600000, 0x0000000724800000, 0x0000000724800000|100%| O|  |TAMS 0x0000000724600000| PB 0x0000000724600000| Untracked 
| 292|0x0000000724800000, 0x0000000724a00000, 0x0000000724a00000|100%| O|Cm|TAMS 0x0000000724800000| PB 0x0000000724800000| Complete 
| 293|0x0000000724a00000, 0x0000000724c00000, 0x0000000724c00000|100%| O|  |TAMS 0x0000000724a00000| PB 0x0000000724a00000| Untracked 
| 294|0x0000000724c00000, 0x0000000724e00000, 0x0000000724e00000|100%| O|  |TAMS 0x0000000724c00000| PB 0x0000000724c00000| Untracked 
| 295|0x0000000724e00000, 0x0000000725000000, 0x0000000725000000|100%| O|Cm|TAMS 0x0000000724e00000| PB 0x0000000724e00000| Complete 
| 296|0x0000000725000000, 0x0000000725000000, 0x0000000725200000|  0%| F|  |TAMS 0x0000000725000000| PB 0x0000000725000000| Untracked 
| 297|0x0000000725200000, 0x0000000725200000, 0x0000000725400000|  0%| F|  |TAMS 0x0000000725200000| PB 0x0000000725200000| Untracked 
| 298|0x0000000725400000, 0x0000000725400000, 0x0000000725600000|  0%| F|  |TAMS 0x0000000725400000| PB 0x0000000725400000| Untracked 
| 299|0x0000000725600000, 0x0000000725600000, 0x0000000725800000|  0%| F|  |TAMS 0x0000000725600000| PB 0x0000000725600000| Untracked 
| 300|0x0000000725800000, 0x0000000725800000, 0x0000000725a00000|  0%| F|  |TAMS 0x0000000725800000| PB 0x0000000725800000| Untracked 
| 301|0x0000000725a00000, 0x0000000725a00000, 0x0000000725c00000|  0%| F|  |TAMS 0x0000000725a00000| PB 0x0000000725a00000| Untracked 
| 302|0x0000000725c00000, 0x0000000725c00000, 0x0000000725e00000|  0%| F|  |TAMS 0x0000000725c00000| PB 0x0000000725c00000| Untracked 
| 303|0x0000000725e00000, 0x0000000725e00000, 0x0000000726000000|  0%| F|  |TAMS 0x0000000725e00000| PB 0x0000000725e00000| Untracked 
| 304|0x0000000726000000, 0x0000000726000000, 0x0000000726200000|  0%| F|  |TAMS 0x0000000726000000| PB 0x0000000726000000| Untracked 
| 305|0x0000000726200000, 0x0000000726200000, 0x0000000726400000|  0%| F|  |TAMS 0x0000000726200000| PB 0x0000000726200000| Untracked 
| 306|0x0000000726400000, 0x0000000726400000, 0x0000000726600000|  0%| F|  |TAMS 0x0000000726400000| PB 0x0000000726400000| Untracked 
| 307|0x0000000726600000, 0x0000000726600000, 0x0000000726800000|  0%| F|  |TAMS 0x0000000726600000| PB 0x0000000726600000| Untracked 
| 308|0x0000000726800000, 0x00000007269f6a40, 0x0000000726a00000| 98%| S|CS|TAMS 0x0000000726800000| PB 0x0000000726800000| Complete 
| 309|0x0000000726a00000, 0x0000000726c00000, 0x0000000726c00000|100%| S|CS|TAMS 0x0000000726a00000| PB 0x0000000726a00000| Complete 
| 310|0x0000000726c00000, 0x0000000726e00000, 0x0000000726e00000|100%| S|CS|TAMS 0x0000000726c00000| PB 0x0000000726c00000| Complete 
| 311|0x0000000726e00000, 0x0000000727000000, 0x0000000727000000|100%| S|CS|TAMS 0x0000000726e00000| PB 0x0000000726e00000| Complete 
| 312|0x0000000727000000, 0x0000000727200000, 0x0000000727200000|100%| S|CS|TAMS 0x0000000727000000| PB 0x0000000727000000| Complete 
| 313|0x0000000727200000, 0x0000000727400000, 0x0000000727400000|100%| S|CS|TAMS 0x0000000727200000| PB 0x0000000727200000| Complete 
| 314|0x0000000727400000, 0x0000000727600000, 0x0000000727600000|100%| S|CS|TAMS 0x0000000727400000| PB 0x0000000727400000| Complete 
| 315|0x0000000727600000, 0x0000000727800000, 0x0000000727800000|100%| S|CS|TAMS 0x0000000727600000| PB 0x0000000727600000| Complete 
| 316|0x0000000727800000, 0x0000000727a00000, 0x0000000727a00000|100%| S|CS|TAMS 0x0000000727800000| PB 0x0000000727800000| Complete 
| 317|0x0000000727a00000, 0x0000000727c00000, 0x0000000727c00000|100%| S|CS|TAMS 0x0000000727a00000| PB 0x0000000727a00000| Complete 
| 318|0x0000000727c00000, 0x0000000727e00000, 0x0000000727e00000|100%| S|CS|TAMS 0x0000000727c00000| PB 0x0000000727c00000| Complete 
| 319|0x0000000727e00000, 0x0000000728000000, 0x0000000728000000|100%| S|CS|TAMS 0x0000000727e00000| PB 0x0000000727e00000| Complete 
| 320|0x0000000728000000, 0x0000000728000000, 0x0000000728200000|  0%| F|  |TAMS 0x0000000728000000| PB 0x0000000728000000| Untracked 
| 321|0x0000000728200000, 0x0000000728200000, 0x0000000728400000|  0%| F|  |TAMS 0x0000000728200000| PB 0x0000000728200000| Untracked 
| 322|0x0000000728400000, 0x0000000728400000, 0x0000000728600000|  0%| F|  |TAMS 0x0000000728400000| PB 0x0000000728400000| Untracked 
| 323|0x0000000728600000, 0x0000000728600000, 0x0000000728800000|  0%| F|  |TAMS 0x0000000728600000| PB 0x0000000728600000| Untracked 
| 324|0x0000000728800000, 0x0000000728800000, 0x0000000728a00000|  0%| F|  |TAMS 0x0000000728800000| PB 0x0000000728800000| Untracked 
| 325|0x0000000728a00000, 0x0000000728a00000, 0x0000000728c00000|  0%| F|  |TAMS 0x0000000728a00000| PB 0x0000000728a00000| Untracked 
| 326|0x0000000728c00000, 0x0000000728c00000, 0x0000000728e00000|  0%| F|  |TAMS 0x0000000728c00000| PB 0x0000000728c00000| Untracked 
| 327|0x0000000728e00000, 0x0000000728e00000, 0x0000000729000000|  0%| F|  |TAMS 0x0000000728e00000| PB 0x0000000728e00000| Untracked 
| 328|0x0000000729000000, 0x0000000729000000, 0x0000000729200000|  0%| F|  |TAMS 0x0000000729000000| PB 0x0000000729000000| Untracked 
| 329|0x0000000729200000, 0x0000000729200000, 0x0000000729400000|  0%| F|  |TAMS 0x0000000729200000| PB 0x0000000729200000| Untracked 
| 330|0x0000000729400000, 0x0000000729400000, 0x0000000729600000|  0%| F|  |TAMS 0x0000000729400000| PB 0x0000000729400000| Untracked 
| 331|0x0000000729600000, 0x0000000729600000, 0x0000000729800000|  0%| F|  |TAMS 0x0000000729600000| PB 0x0000000729600000| Untracked 
| 332|0x0000000729800000, 0x0000000729800000, 0x0000000729a00000|  0%| F|  |TAMS 0x0000000729800000| PB 0x0000000729800000| Untracked 
| 333|0x0000000729a00000, 0x0000000729a00000, 0x0000000729c00000|  0%| F|  |TAMS 0x0000000729a00000| PB 0x0000000729a00000| Untracked 
| 334|0x0000000729c00000, 0x0000000729c00000, 0x0000000729e00000|  0%| F|  |TAMS 0x0000000729c00000| PB 0x0000000729c00000| Untracked 
| 335|0x0000000729e00000, 0x0000000729e00000, 0x000000072a000000|  0%| F|  |TAMS 0x0000000729e00000| PB 0x0000000729e00000| Untracked 
| 336|0x000000072a000000, 0x000000072a000000, 0x000000072a200000|  0%| F|  |TAMS 0x000000072a000000| PB 0x000000072a000000| Untracked 
| 337|0x000000072a200000, 0x000000072a200000, 0x000000072a400000|  0%| F|  |TAMS 0x000000072a200000| PB 0x000000072a200000| Untracked 
| 338|0x000000072a400000, 0x000000072a400000, 0x000000072a600000|  0%| F|  |TAMS 0x000000072a400000| PB 0x000000072a400000| Untracked 
| 339|0x000000072a600000, 0x000000072a600000, 0x000000072a800000|  0%| F|  |TAMS 0x000000072a600000| PB 0x000000072a600000| Untracked 
| 340|0x000000072a800000, 0x000000072a800000, 0x000000072aa00000|  0%| F|  |TAMS 0x000000072a800000| PB 0x000000072a800000| Untracked 
| 341|0x000000072aa00000, 0x000000072aa00000, 0x000000072ac00000|  0%| F|  |TAMS 0x000000072aa00000| PB 0x000000072aa00000| Untracked 
| 342|0x000000072ac00000, 0x000000072ac00000, 0x000000072ae00000|  0%| F|  |TAMS 0x000000072ac00000| PB 0x000000072ac00000| Untracked 
| 343|0x000000072ae00000, 0x000000072ae00000, 0x000000072b000000|  0%| F|  |TAMS 0x000000072ae00000| PB 0x000000072ae00000| Untracked 
| 344|0x000000072b000000, 0x000000072b000000, 0x000000072b200000|  0%| F|  |TAMS 0x000000072b000000| PB 0x000000072b000000| Untracked 
| 345|0x000000072b200000, 0x000000072b200000, 0x000000072b400000|  0%| F|  |TAMS 0x000000072b200000| PB 0x000000072b200000| Untracked 
| 346|0x000000072b400000, 0x000000072b400000, 0x000000072b600000|  0%| F|  |TAMS 0x000000072b400000| PB 0x000000072b400000| Untracked 
| 347|0x000000072b600000, 0x000000072b600000, 0x000000072b800000|  0%| F|  |TAMS 0x000000072b600000| PB 0x000000072b600000| Untracked 
| 348|0x000000072b800000, 0x000000072b800000, 0x000000072ba00000|  0%| F|  |TAMS 0x000000072b800000| PB 0x000000072b800000| Untracked 
| 349|0x000000072ba00000, 0x000000072ba00000, 0x000000072bc00000|  0%| F|  |TAMS 0x000000072ba00000| PB 0x000000072ba00000| Untracked 
| 350|0x000000072bc00000, 0x000000072bc00000, 0x000000072be00000|  0%| F|  |TAMS 0x000000072bc00000| PB 0x000000072bc00000| Untracked 
| 351|0x000000072be00000, 0x000000072be00000, 0x000000072c000000|  0%| F|  |TAMS 0x000000072be00000| PB 0x000000072be00000| Untracked 
| 352|0x000000072c000000, 0x000000072c000000, 0x000000072c200000|  0%| F|  |TAMS 0x000000072c000000| PB 0x000000072c000000| Untracked 
| 353|0x000000072c200000, 0x000000072c200000, 0x000000072c400000|  0%| F|  |TAMS 0x000000072c200000| PB 0x000000072c200000| Untracked 
| 354|0x000000072c400000, 0x000000072c400000, 0x000000072c600000|  0%| F|  |TAMS 0x000000072c400000| PB 0x000000072c400000| Untracked 
| 355|0x000000072c600000, 0x000000072c600000, 0x000000072c800000|  0%| F|  |TAMS 0x000000072c600000| PB 0x000000072c600000| Untracked 
| 356|0x000000072c800000, 0x000000072c800000, 0x000000072ca00000|  0%| F|  |TAMS 0x000000072c800000| PB 0x000000072c800000| Untracked 
| 357|0x000000072ca00000, 0x000000072ca00000, 0x000000072cc00000|  0%| F|  |TAMS 0x000000072ca00000| PB 0x000000072ca00000| Untracked 
| 358|0x000000072cc00000, 0x000000072cc00000, 0x000000072ce00000|  0%| F|  |TAMS 0x000000072cc00000| PB 0x000000072cc00000| Untracked 
| 359|0x000000072ce00000, 0x000000072ce00000, 0x000000072d000000|  0%| F|  |TAMS 0x000000072ce00000| PB 0x000000072ce00000| Untracked 
| 360|0x000000072d000000, 0x000000072d000000, 0x000000072d200000|  0%| F|  |TAMS 0x000000072d000000| PB 0x000000072d000000| Untracked 
| 361|0x000000072d200000, 0x000000072d200000, 0x000000072d400000|  0%| F|  |TAMS 0x000000072d200000| PB 0x000000072d200000| Untracked 
| 362|0x000000072d400000, 0x000000072d400000, 0x000000072d600000|  0%| F|  |TAMS 0x000000072d400000| PB 0x000000072d400000| Untracked 
| 363|0x000000072d600000, 0x000000072d600000, 0x000000072d800000|  0%| F|  |TAMS 0x000000072d600000| PB 0x000000072d600000| Untracked 
| 364|0x000000072d800000, 0x000000072d800000, 0x000000072da00000|  0%| F|  |TAMS 0x000000072d800000| PB 0x000000072d800000| Untracked 
| 365|0x000000072da00000, 0x000000072da00000, 0x000000072dc00000|  0%| F|  |TAMS 0x000000072da00000| PB 0x000000072da00000| Untracked 
| 366|0x000000072dc00000, 0x000000072dc00000, 0x000000072de00000|  0%| F|  |TAMS 0x000000072dc00000| PB 0x000000072dc00000| Untracked 
| 367|0x000000072de00000, 0x000000072de00000, 0x000000072e000000|  0%| F|  |TAMS 0x000000072de00000| PB 0x000000072de00000| Untracked 
| 368|0x000000072e000000, 0x000000072e000000, 0x000000072e200000|  0%| F|  |TAMS 0x000000072e000000| PB 0x000000072e000000| Untracked 
| 369|0x000000072e200000, 0x000000072e200000, 0x000000072e400000|  0%| F|  |TAMS 0x000000072e200000| PB 0x000000072e200000| Untracked 
| 370|0x000000072e400000, 0x000000072e400000, 0x000000072e600000|  0%| F|  |TAMS 0x000000072e400000| PB 0x000000072e400000| Untracked 
| 371|0x000000072e600000, 0x000000072e600000, 0x000000072e800000|  0%| F|  |TAMS 0x000000072e600000| PB 0x000000072e600000| Untracked 
| 372|0x000000072e800000, 0x000000072e800000, 0x000000072ea00000|  0%| F|  |TAMS 0x000000072e800000| PB 0x000000072e800000| Untracked 
| 373|0x000000072ea00000, 0x000000072ea00000, 0x000000072ec00000|  0%| F|  |TAMS 0x000000072ea00000| PB 0x000000072ea00000| Untracked 
| 374|0x000000072ec00000, 0x000000072ec00000, 0x000000072ee00000|  0%| F|  |TAMS 0x000000072ec00000| PB 0x000000072ec00000| Untracked 
| 375|0x000000072ee00000, 0x000000072ee00000, 0x000000072f000000|  0%| F|  |TAMS 0x000000072ee00000| PB 0x000000072ee00000| Untracked 
| 376|0x000000072f000000, 0x000000072f000000, 0x000000072f200000|  0%| F|  |TAMS 0x000000072f000000| PB 0x000000072f000000| Untracked 
| 377|0x000000072f200000, 0x000000072f200000, 0x000000072f400000|  0%| F|  |TAMS 0x000000072f200000| PB 0x000000072f200000| Untracked 
| 378|0x000000072f400000, 0x000000072f55fc58, 0x000000072f600000| 68%| E|  |TAMS 0x000000072f400000| PB 0x000000072f400000| Complete 
| 379|0x000000072f600000, 0x000000072f800000, 0x000000072f800000|100%| E|CS|TAMS 0x000000072f600000| PB 0x000000072f600000| Complete 
| 380|0x000000072f800000, 0x000000072fa00000, 0x000000072fa00000|100%| E|CS|TAMS 0x000000072f800000| PB 0x000000072f800000| Complete 
| 381|0x000000072fa00000, 0x000000072fc00000, 0x000000072fc00000|100%| E|CS|TAMS 0x000000072fa00000| PB 0x000000072fa00000| Complete 
| 382|0x000000072fc00000, 0x000000072fe00000, 0x000000072fe00000|100%| E|CS|TAMS 0x000000072fc00000| PB 0x000000072fc00000| Complete 
| 383|0x000000072fe00000, 0x0000000730000000, 0x0000000730000000|100%| E|CS|TAMS 0x000000072fe00000| PB 0x000000072fe00000| Complete 
| 384|0x0000000730000000, 0x0000000730200000, 0x0000000730200000|100%| E|CS|TAMS 0x0000000730000000| PB 0x0000000730000000| Complete 
| 385|0x0000000730200000, 0x0000000730400000, 0x0000000730400000|100%| E|CS|TAMS 0x0000000730200000| PB 0x0000000730200000| Complete 
| 386|0x0000000730400000, 0x0000000730600000, 0x0000000730600000|100%| E|CS|TAMS 0x0000000730400000| PB 0x0000000730400000| Complete 
| 387|0x0000000730600000, 0x0000000730800000, 0x0000000730800000|100%| E|CS|TAMS 0x0000000730600000| PB 0x0000000730600000| Complete 
| 388|0x0000000730800000, 0x0000000730a00000, 0x0000000730a00000|100%| E|CS|TAMS 0x0000000730800000| PB 0x0000000730800000| Complete 
| 389|0x0000000730a00000, 0x0000000730c00000, 0x0000000730c00000|100%| E|CS|TAMS 0x0000000730a00000| PB 0x0000000730a00000| Complete 
| 390|0x0000000730c00000, 0x0000000730e00000, 0x0000000730e00000|100%| E|CS|TAMS 0x0000000730c00000| PB 0x0000000730c00000| Complete 
| 391|0x0000000730e00000, 0x0000000731000000, 0x0000000731000000|100%| E|CS|TAMS 0x0000000730e00000| PB 0x0000000730e00000| Complete 
| 392|0x0000000731000000, 0x0000000731200000, 0x0000000731200000|100%| E|CS|TAMS 0x0000000731000000| PB 0x0000000731000000| Complete 
| 393|0x0000000731200000, 0x0000000731400000, 0x0000000731400000|100%| E|CS|TAMS 0x0000000731200000| PB 0x0000000731200000| Complete 
| 394|0x0000000731400000, 0x0000000731600000, 0x0000000731600000|100%| E|CS|TAMS 0x0000000731400000| PB 0x0000000731400000| Complete 
| 395|0x0000000731600000, 0x0000000731800000, 0x0000000731800000|100%| E|CS|TAMS 0x0000000731600000| PB 0x0000000731600000| Complete 
| 396|0x0000000731800000, 0x0000000731a00000, 0x0000000731a00000|100%| E|CS|TAMS 0x0000000731800000| PB 0x0000000731800000| Complete 
| 397|0x0000000731a00000, 0x0000000731c00000, 0x0000000731c00000|100%| E|CS|TAMS 0x0000000731a00000| PB 0x0000000731a00000| Complete 
| 398|0x0000000731c00000, 0x0000000731e00000, 0x0000000731e00000|100%| E|CS|TAMS 0x0000000731c00000| PB 0x0000000731c00000| Complete 
| 399|0x0000000731e00000, 0x0000000732000000, 0x0000000732000000|100%| E|CS|TAMS 0x0000000731e00000| PB 0x0000000731e00000| Complete 
| 400|0x0000000732000000, 0x0000000732200000, 0x0000000732200000|100%| E|CS|TAMS 0x0000000732000000| PB 0x0000000732000000| Complete 
| 401|0x0000000732200000, 0x0000000732400000, 0x0000000732400000|100%| E|CS|TAMS 0x0000000732200000| PB 0x0000000732200000| Complete 
| 402|0x0000000732400000, 0x0000000732600000, 0x0000000732600000|100%| E|CS|TAMS 0x0000000732400000| PB 0x0000000732400000| Complete 
| 403|0x0000000732600000, 0x0000000732800000, 0x0000000732800000|100%| E|CS|TAMS 0x0000000732600000| PB 0x0000000732600000| Complete 
| 404|0x0000000732800000, 0x0000000732a00000, 0x0000000732a00000|100%| E|CS|TAMS 0x0000000732800000| PB 0x0000000732800000| Complete 
| 405|0x0000000732a00000, 0x0000000732c00000, 0x0000000732c00000|100%| E|CS|TAMS 0x0000000732a00000| PB 0x0000000732a00000| Complete 
| 406|0x0000000732c00000, 0x0000000732e00000, 0x0000000732e00000|100%| E|CS|TAMS 0x0000000732c00000| PB 0x0000000732c00000| Complete 
| 407|0x0000000732e00000, 0x0000000733000000, 0x0000000733000000|100%| E|CS|TAMS 0x0000000732e00000| PB 0x0000000732e00000| Complete 
| 408|0x0000000733000000, 0x0000000733200000, 0x0000000733200000|100%| E|CS|TAMS 0x0000000733000000| PB 0x0000000733000000| Complete 
| 409|0x0000000733200000, 0x0000000733400000, 0x0000000733400000|100%| E|CS|TAMS 0x0000000733200000| PB 0x0000000733200000| Complete 
| 410|0x0000000733400000, 0x0000000733600000, 0x0000000733600000|100%| E|CS|TAMS 0x0000000733400000| PB 0x0000000733400000| Complete 
| 411|0x0000000733600000, 0x0000000733800000, 0x0000000733800000|100%| E|CS|TAMS 0x0000000733600000| PB 0x0000000733600000| Complete 
| 412|0x0000000733800000, 0x0000000733a00000, 0x0000000733a00000|100%| E|CS|TAMS 0x0000000733800000| PB 0x0000000733800000| Complete 
| 413|0x0000000733a00000, 0x0000000733c00000, 0x0000000733c00000|100%| E|CS|TAMS 0x0000000733a00000| PB 0x0000000733a00000| Complete 
| 414|0x0000000733c00000, 0x0000000733e00000, 0x0000000733e00000|100%| E|CS|TAMS 0x0000000733c00000| PB 0x0000000733c00000| Complete 
| 415|0x0000000733e00000, 0x0000000734000000, 0x0000000734000000|100%| E|CS|TAMS 0x0000000733e00000| PB 0x0000000733e00000| Complete 
| 416|0x0000000734000000, 0x0000000734200000, 0x0000000734200000|100%| E|CS|TAMS 0x0000000734000000| PB 0x0000000734000000| Complete 
| 417|0x0000000734200000, 0x0000000734400000, 0x0000000734400000|100%| E|CS|TAMS 0x0000000734200000| PB 0x0000000734200000| Complete 
| 418|0x0000000734400000, 0x0000000734600000, 0x0000000734600000|100%| E|CS|TAMS 0x0000000734400000| PB 0x0000000734400000| Complete 
| 419|0x0000000734600000, 0x0000000734800000, 0x0000000734800000|100%| E|CS|TAMS 0x0000000734600000| PB 0x0000000734600000| Complete 
| 420|0x0000000734800000, 0x0000000734a00000, 0x0000000734a00000|100%| E|CS|TAMS 0x0000000734800000| PB 0x0000000734800000| Complete 
| 421|0x0000000734a00000, 0x0000000734c00000, 0x0000000734c00000|100%| E|CS|TAMS 0x0000000734a00000| PB 0x0000000734a00000| Complete 
| 422|0x0000000734c00000, 0x0000000734e00000, 0x0000000734e00000|100%| E|CS|TAMS 0x0000000734c00000| PB 0x0000000734c00000| Complete 
| 423|0x0000000734e00000, 0x0000000735000000, 0x0000000735000000|100%| E|CS|TAMS 0x0000000734e00000| PB 0x0000000734e00000| Complete 
| 424|0x0000000735000000, 0x0000000735200000, 0x0000000735200000|100%| E|CS|TAMS 0x0000000735000000| PB 0x0000000735000000| Complete 
| 425|0x0000000735200000, 0x0000000735400000, 0x0000000735400000|100%| E|CS|TAMS 0x0000000735200000| PB 0x0000000735200000| Complete 
| 426|0x0000000735400000, 0x0000000735600000, 0x0000000735600000|100%| E|CS|TAMS 0x0000000735400000| PB 0x0000000735400000| Complete 
| 427|0x0000000735600000, 0x0000000735800000, 0x0000000735800000|100%| E|CS|TAMS 0x0000000735600000| PB 0x0000000735600000| Complete 
| 428|0x0000000735800000, 0x0000000735a00000, 0x0000000735a00000|100%| E|CS|TAMS 0x0000000735800000| PB 0x0000000735800000| Complete 
| 429|0x0000000735a00000, 0x0000000735c00000, 0x0000000735c00000|100%| E|CS|TAMS 0x0000000735a00000| PB 0x0000000735a00000| Complete 
| 430|0x0000000735c00000, 0x0000000735e00000, 0x0000000735e00000|100%| E|CS|TAMS 0x0000000735c00000| PB 0x0000000735c00000| Complete 
| 431|0x0000000735e00000, 0x0000000736000000, 0x0000000736000000|100%| E|CS|TAMS 0x0000000735e00000| PB 0x0000000735e00000| Complete 
| 432|0x0000000736000000, 0x0000000736200000, 0x0000000736200000|100%| E|CS|TAMS 0x0000000736000000| PB 0x0000000736000000| Complete 
| 433|0x0000000736200000, 0x0000000736400000, 0x0000000736400000|100%| E|CS|TAMS 0x0000000736200000| PB 0x0000000736200000| Complete 
| 434|0x0000000736400000, 0x0000000736600000, 0x0000000736600000|100%| E|CS|TAMS 0x0000000736400000| PB 0x0000000736400000| Complete 
| 435|0x0000000736600000, 0x0000000736800000, 0x0000000736800000|100%| E|CS|TAMS 0x0000000736600000| PB 0x0000000736600000| Complete 
| 436|0x0000000736800000, 0x0000000736a00000, 0x0000000736a00000|100%| E|CS|TAMS 0x0000000736800000| PB 0x0000000736800000| Complete 
| 437|0x0000000736a00000, 0x0000000736c00000, 0x0000000736c00000|100%| E|CS|TAMS 0x0000000736a00000| PB 0x0000000736a00000| Complete 
| 438|0x0000000736c00000, 0x0000000736e00000, 0x0000000736e00000|100%| E|CS|TAMS 0x0000000736c00000| PB 0x0000000736c00000| Complete 
| 439|0x0000000736e00000, 0x0000000737000000, 0x0000000737000000|100%| E|CS|TAMS 0x0000000736e00000| PB 0x0000000736e00000| Complete 
| 440|0x0000000737000000, 0x0000000737200000, 0x0000000737200000|100%| E|CS|TAMS 0x0000000737000000| PB 0x0000000737000000| Complete 
| 441|0x0000000737200000, 0x0000000737400000, 0x0000000737400000|100%| E|CS|TAMS 0x0000000737200000| PB 0x0000000737200000| Complete 
| 442|0x0000000737400000, 0x0000000737600000, 0x0000000737600000|100%| E|CS|TAMS 0x0000000737400000| PB 0x0000000737400000| Complete 
| 443|0x0000000737600000, 0x0000000737800000, 0x0000000737800000|100%| E|CS|TAMS 0x0000000737600000| PB 0x0000000737600000| Complete 
| 444|0x0000000737800000, 0x0000000737a00000, 0x0000000737a00000|100%| E|CS|TAMS 0x0000000737800000| PB 0x0000000737800000| Complete 
| 445|0x0000000737a00000, 0x0000000737c00000, 0x0000000737c00000|100%| E|CS|TAMS 0x0000000737a00000| PB 0x0000000737a00000| Complete 
| 446|0x0000000737c00000, 0x0000000737e00000, 0x0000000737e00000|100%| E|CS|TAMS 0x0000000737c00000| PB 0x0000000737c00000| Complete 
| 447|0x0000000737e00000, 0x0000000738000000, 0x0000000738000000|100%| E|CS|TAMS 0x0000000737e00000| PB 0x0000000737e00000| Complete 
| 448|0x0000000738000000, 0x0000000738200000, 0x0000000738200000|100%| E|CS|TAMS 0x0000000738000000| PB 0x0000000738000000| Complete 
| 449|0x0000000738200000, 0x0000000738400000, 0x0000000738400000|100%| E|CS|TAMS 0x0000000738200000| PB 0x0000000738200000| Complete 
| 450|0x0000000738400000, 0x0000000738600000, 0x0000000738600000|100%| E|CS|TAMS 0x0000000738400000| PB 0x0000000738400000| Complete 
| 451|0x0000000738600000, 0x0000000738800000, 0x0000000738800000|100%| E|CS|TAMS 0x0000000738600000| PB 0x0000000738600000| Complete 
| 452|0x0000000738800000, 0x0000000738a00000, 0x0000000738a00000|100%| E|CS|TAMS 0x0000000738800000| PB 0x0000000738800000| Complete 
| 453|0x0000000738a00000, 0x0000000738c00000, 0x0000000738c00000|100%| E|CS|TAMS 0x0000000738a00000| PB 0x0000000738a00000| Complete 
| 454|0x0000000738c00000, 0x0000000738e00000, 0x0000000738e00000|100%| E|CS|TAMS 0x0000000738c00000| PB 0x0000000738c00000| Complete 
| 455|0x0000000738e00000, 0x0000000739000000, 0x0000000739000000|100%| E|CS|TAMS 0x0000000738e00000| PB 0x0000000738e00000| Complete 
| 456|0x0000000739000000, 0x0000000739200000, 0x0000000739200000|100%| E|CS|TAMS 0x0000000739000000| PB 0x0000000739000000| Complete 
| 457|0x0000000739200000, 0x0000000739400000, 0x0000000739400000|100%| E|CS|TAMS 0x0000000739200000| PB 0x0000000739200000| Complete 
| 458|0x0000000739400000, 0x0000000739600000, 0x0000000739600000|100%| E|CS|TAMS 0x0000000739400000| PB 0x0000000739400000| Complete 
| 459|0x0000000739600000, 0x0000000739800000, 0x0000000739800000|100%| E|CS|TAMS 0x0000000739600000| PB 0x0000000739600000| Complete 
| 460|0x0000000739800000, 0x0000000739a00000, 0x0000000739a00000|100%| E|CS|TAMS 0x0000000739800000| PB 0x0000000739800000| Complete 
|1998|0x00000007f9c00000, 0x00000007f9e00000, 0x00000007f9e00000|100%| O|Cm|TAMS 0x00000007f9c00000| PB 0x00000007f9c00000| Complete 
|1999|0x00000007f9e00000, 0x00000007fa000000, 0x00000007fa000000|100%| O|  |TAMS 0x00000007f9e00000| PB 0x00000007f9e00000| Untracked 
|2000|0x00000007fa000000, 0x00000007fa200000, 0x00000007fa200000|100%| O|  |TAMS 0x00000007fa000000| PB 0x00000007fa000000| Untracked 
|2001|0x00000007fa200000, 0x00000007fa400000, 0x00000007fa400000|100%| E|CS|TAMS 0x00000007fa200000| PB 0x00000007fa200000| Complete 
|2002|0x00000007fa400000, 0x00000007fa600000, 0x00000007fa600000|100%| E|CS|TAMS 0x00000007fa400000| PB 0x00000007fa400000| Complete 
|2003|0x00000007fa600000, 0x00000007fa800000, 0x00000007fa800000|100%| E|CS|TAMS 0x00000007fa600000| PB 0x00000007fa600000| Complete 
|2004|0x00000007fa800000, 0x00000007faa00000, 0x00000007faa00000|100%| E|CS|TAMS 0x00000007fa800000| PB 0x00000007fa800000| Complete 
|2005|0x00000007faa00000, 0x00000007fac00000, 0x00000007fac00000|100%| E|CS|TAMS 0x00000007faa00000| PB 0x00000007faa00000| Complete 
|2006|0x00000007fac00000, 0x00000007fae00000, 0x00000007fae00000|100%| E|CS|TAMS 0x00000007fac00000| PB 0x00000007fac00000| Complete 
|2007|0x00000007fae00000, 0x00000007fb000000, 0x00000007fb000000|100%| E|CS|TAMS 0x00000007fae00000| PB 0x00000007fae00000| Complete 
|2008|0x00000007fb000000, 0x00000007fb200000, 0x00000007fb200000|100%| E|CS|TAMS 0x00000007fb000000| PB 0x00000007fb000000| Complete 
|2009|0x00000007fb200000, 0x00000007fb400000, 0x00000007fb400000|100%| E|CS|TAMS 0x00000007fb200000| PB 0x00000007fb200000| Complete 
|2010|0x00000007fb400000, 0x00000007fb600000, 0x00000007fb600000|100%| E|CS|TAMS 0x00000007fb400000| PB 0x00000007fb400000| Complete 
|2011|0x00000007fb600000, 0x00000007fb800000, 0x00000007fb800000|100%| O|  |TAMS 0x00000007fb600000| PB 0x00000007fb600000| Untracked 
|2012|0x00000007fb800000, 0x00000007fba00000, 0x00000007fba00000|100%| E|CS|TAMS 0x00000007fb800000| PB 0x00000007fb800000| Complete 
|2013|0x00000007fba00000, 0x00000007fbc00000, 0x00000007fbc00000|100%| E|CS|TAMS 0x00000007fba00000| PB 0x00000007fba00000| Complete 
|2014|0x00000007fbc00000, 0x00000007fbe00000, 0x00000007fbe00000|100%| E|CS|TAMS 0x00000007fbc00000| PB 0x00000007fbc00000| Complete 
|2015|0x00000007fbe00000, 0x00000007fc000000, 0x00000007fc000000|100%| E|CS|TAMS 0x00000007fbe00000| PB 0x00000007fbe00000| Complete 
|2016|0x00000007fc000000, 0x00000007fc200000, 0x00000007fc200000|100%| E|CS|TAMS 0x00000007fc000000| PB 0x00000007fc000000| Complete 
|2017|0x00000007fc200000, 0x00000007fc400000, 0x00000007fc400000|100%| E|CS|TAMS 0x00000007fc200000| PB 0x00000007fc200000| Complete 
|2018|0x00000007fc400000, 0x00000007fc600000, 0x00000007fc600000|100%| E|CS|TAMS 0x00000007fc400000| PB 0x00000007fc400000| Complete 
|2019|0x00000007fc600000, 0x00000007fc800000, 0x00000007fc800000|100%| E|CS|TAMS 0x00000007fc600000| PB 0x00000007fc600000| Complete 
|2020|0x00000007fc800000, 0x00000007fca00000, 0x00000007fca00000|100%| E|CS|TAMS 0x00000007fc800000| PB 0x00000007fc800000| Complete 
|2021|0x00000007fca00000, 0x00000007fcc00000, 0x00000007fcc00000|100%| E|CS|TAMS 0x00000007fca00000| PB 0x00000007fca00000| Complete 
|2022|0x00000007fcc00000, 0x00000007fce00000, 0x00000007fce00000|100%| E|CS|TAMS 0x00000007fcc00000| PB 0x00000007fcc00000| Complete 
|2023|0x00000007fce00000, 0x00000007fd000000, 0x00000007fd000000|100%| E|CS|TAMS 0x00000007fce00000| PB 0x00000007fce00000| Complete 
|2024|0x00000007fd000000, 0x00000007fd200000, 0x00000007fd200000|100%| E|CS|TAMS 0x00000007fd000000| PB 0x00000007fd000000| Complete 
|2025|0x00000007fd200000, 0x00000007fd400000, 0x00000007fd400000|100%| E|CS|TAMS 0x00000007fd200000| PB 0x00000007fd200000| Complete 
|2026|0x00000007fd400000, 0x00000007fd600000, 0x00000007fd600000|100%| E|CS|TAMS 0x00000007fd400000| PB 0x00000007fd400000| Complete 
|2027|0x00000007fd600000, 0x00000007fd800000, 0x00000007fd800000|100%| E|CS|TAMS 0x00000007fd600000| PB 0x00000007fd600000| Complete 
|2028|0x00000007fd800000, 0x00000007fda00000, 0x00000007fda00000|100%| E|CS|TAMS 0x00000007fd800000| PB 0x00000007fd800000| Complete 
|2029|0x00000007fda00000, 0x00000007fdc00000, 0x00000007fdc00000|100%| E|CS|TAMS 0x00000007fda00000| PB 0x00000007fda00000| Complete 
|2030|0x00000007fdc00000, 0x00000007fde00000, 0x00000007fde00000|100%| E|CS|TAMS 0x00000007fdc00000| PB 0x00000007fdc00000| Complete 
|2031|0x00000007fde00000, 0x00000007fe000000, 0x00000007fe000000|100%| E|CS|TAMS 0x00000007fde00000| PB 0x00000007fde00000| Complete 
|2032|0x00000007fe000000, 0x00000007fe200000, 0x00000007fe200000|100%| E|CS|TAMS 0x00000007fe000000| PB 0x00000007fe000000| Complete 
|2033|0x00000007fe200000, 0x00000007fe400000, 0x00000007fe400000|100%| E|CS|TAMS 0x00000007fe200000| PB 0x00000007fe200000| Complete 
|2034|0x00000007fe400000, 0x00000007fe600000, 0x00000007fe600000|100%| E|CS|TAMS 0x00000007fe400000| PB 0x00000007fe400000| Complete 
|2035|0x00000007fe600000, 0x00000007fe800000, 0x00000007fe800000|100%| E|CS|TAMS 0x00000007fe600000| PB 0x00000007fe600000| Complete 
|2036|0x00000007fe800000, 0x00000007fea00000, 0x00000007fea00000|100%| E|CS|TAMS 0x00000007fe800000| PB 0x00000007fe800000| Complete 
|2037|0x00000007fea00000, 0x00000007fec00000, 0x00000007fec00000|100%| E|CS|TAMS 0x00000007fea00000| PB 0x00000007fea00000| Complete 
|2038|0x00000007fec00000, 0x00000007fee00000, 0x00000007fee00000|100%| E|CS|TAMS 0x00000007fec00000| PB 0x00000007fec00000| Complete 
|2039|0x00000007fee00000, 0x00000007ff000000, 0x00000007ff000000|100%| E|CS|TAMS 0x00000007fee00000| PB 0x00000007fee00000| Complete 
|2040|0x00000007ff000000, 0x00000007ff200000, 0x00000007ff200000|100%| E|CS|TAMS 0x00000007ff000000| PB 0x00000007ff000000| Complete 
|2041|0x00000007ff200000, 0x00000007ff400000, 0x00000007ff400000|100%| E|CS|TAMS 0x00000007ff200000| PB 0x00000007ff200000| Complete 
|2042|0x00000007ff400000, 0x00000007ff600000, 0x00000007ff600000|100%| E|CS|TAMS 0x00000007ff400000| PB 0x00000007ff400000| Complete 
|2043|0x00000007ff600000, 0x00000007ff800000, 0x00000007ff800000|100%| E|CS|TAMS 0x00000007ff600000| PB 0x00000007ff600000| Complete 
|2044|0x00000007ff800000, 0x00000007ffa00000, 0x00000007ffa00000|100%| E|CS|TAMS 0x00000007ff800000| PB 0x00000007ff800000| Complete 
|2045|0x00000007ffa00000, 0x00000007ffc00000, 0x00000007ffc00000|100%| O|  |TAMS 0x00000007ffa00000| PB 0x00000007ffa00000| Untracked 
|2046|0x00000007ffc00000, 0x00000007ffe00000, 0x00000007ffe00000|100%| O|  |TAMS 0x00000007ffc00000| PB 0x00000007ffc00000| Untracked 
|2047|0x00000007ffe00000, 0x0000000800000000, 0x0000000800000000|100%| O|  |TAMS 0x00000007ffe00000| PB 0x00000007ffe00000| Untracked 

Card table byte_map: [0x0000016639c80000,0x000001663a480000] _byte_map_base: 0x0000016636480000

Marking Bits: (CMBitMap*) 0x00000166218688e0
 Bits: [0x000001663a480000, 0x000001663e480000)

Polling page: 0x0000016620fc0000

Metaspace:

Usage:
  Non-class:    318.81 MB used.
      Class:     46.04 MB used.
       Both:    364.84 MB used.

Virtual space:
  Non-class space:      384.00 MB reserved,     320.81 MB ( 84%) committed,  6 nodes.
      Class space:        1.00 GB reserved,      48.06 MB (  5%) committed,  1 nodes.
             Both:        1.38 GB reserved,     368.88 MB ( 26%) committed. 

Chunk freelists:
   Non-Class:  14.98 MB
       Class:  15.88 MB
        Both:  30.86 MB

MaxMetaspaceSize: unlimited
CompressedClassSpaceSize: 1.00 GB
Initial GC threshold: 21.00 MB
Current GC threshold: 600.00 MB
CDS: on
 - commit_granule_bytes: 65536.
 - commit_granule_words: 8192.
 - virtual_space_node_default_size: 8388608.
 - enlarge_chunks_in_place: 1.
 - use_allocation_guard: 0.


Internal statistics:

num_allocs_failed_limit: 6.
num_arena_births: 7718.
num_arena_deaths: 84.
num_vsnodes_births: 7.
num_vsnodes_deaths: 0.
num_space_committed: 5894.
num_space_uncommitted: 0.
num_chunks_returned_to_freelist: 124.
num_chunks_taken_from_freelist: 24399.
num_chunk_merges: 29.
num_chunk_splits: 16567.
num_chunks_enlarged: 11296.
num_inconsistent_stats: 0.

CodeHeap 'non-profiled nmethods': size=120000Kb used=21334Kb max_used=28899Kb free=98665Kb
 bounds [0x0000016631a00000, 0x0000016633640000, 0x0000016638f30000]
CodeHeap 'profiled nmethods': size=120000Kb used=42723Kb max_used=77306Kb free=77276Kb
 bounds [0x0000016629f30000, 0x000001662eac0000, 0x0000016631460000]
CodeHeap 'non-nmethods': size=5760Kb used=2612Kb max_used=2668Kb free=3147Kb
 bounds [0x0000016631460000, 0x0000016631710000, 0x0000016631a00000]
CodeCache: size=245760Kb, used=66669Kb, max_used=108873Kb, free=179088Kb
 total_blobs=22851, nmethods=21474, adapters=1276, full_count=0
Compilation: enabled, stopped_count=0, restarted_count=0

Compilation events (20 events):
Event: 1297.147 Thread 0x000001664110aaf0 nmethod 61596 0x000001662b027a90 code [0x000001662b027ca0, 0x000001662b028448]
Event: 1297.147 Thread 0x00000166a1c176c0 61506       4       com.android.tools.r8.internal.a82::c (99 bytes)
Event: 1297.147 Thread 0x000001664110aaf0 61597       3       com.android.tools.r8.internal.l44::a (291 bytes)
Event: 1297.147 Thread 0x000001664110aaf0 nmethod 61597 0x000001662b869a90 code [0x000001662b869c60, 0x000001662b86a098]
Event: 1297.147 Thread 0x000001664110aaf0 61594       3       java.util.Collections$EmptySet::clear (1 bytes)
Event: 1297.147 Thread 0x000001664110aaf0 nmethod 61594 0x000001662a275110 code [0x000001662a2752a0, 0x000001662a2753a8]
Event: 1297.147 Thread 0x000001664110aaf0 61429       1       com.android.tools.r8.internal.tm1::M1 (2 bytes)
Event: 1297.148 Thread 0x000001664110aaf0 nmethod 61429 0x00000166325ab910 code [0x00000166325abaa0, 0x00000166325abb68]
Event: 1297.148 Thread 0x000001664110aaf0 61446       3       com.android.tools.r8.internal.dc1::<init> (69 bytes)
Event: 1297.148 Thread 0x000001664110aaf0 nmethod 61446 0x000001662c0b5910 code [0x000001662c0b5b40, 0x000001662c0b6248]
Event: 1297.148 Thread 0x000001664110aaf0 61447       3       com.android.tools.r8.internal.o0::<init> (5 bytes)
Event: 1297.148 Thread 0x000001664110aaf0 nmethod 61447 0x000001662d0bdb90 code [0x000001662d0bdd40, 0x000001662d0bdea8]
Event: 1297.148 Thread 0x000001664110aaf0 61593       1       com.android.tools.r8.graph.i3::F0 (5 bytes)
Event: 1297.148 Thread 0x000001664110aaf0 nmethod 61593 0x0000016632601690 code [0x0000016632601820, 0x00000166326018f0]
Event: 1297.148 Thread 0x000001664110aaf0 61394       3       com.android.tools.r8.internal.mi3::<init> (108 bytes)
Event: 1297.149 Thread 0x000001664110aaf0 nmethod 61394 0x000001662a29b990 code [0x000001662a29bbe0, 0x000001662a29c750]
Event: 1297.149 Thread 0x000001664110aaf0 61449       3       com.android.tools.r8.internal.mi3::a (16 bytes)
Event: 1297.150 Thread 0x000001664110aaf0 nmethod 61449 0x000001662c113990 code [0x000001662c113ba0, 0x000001662c114280]
Event: 1297.150 Thread 0x000001664110aaf0 61621       3       com.android.tools.r8.ir.optimize.d0::a (1838 bytes)
Event: 1297.162 Thread 0x00000166a1c176c0 nmethod 61506 0x0000016631da9c10 code [0x0000016631da9e00, 0x0000016631daa360]

GC Heap History (20 events):
Event: 1210.598 GC heap before
{Heap before GC invocations=133 (full 0):
 garbage-first heap   total 964608K, used 898506K [0x0000000700000000, 0x0000000800000000)
  region size 2048K, 248 young (507904K), 8 survivors (16384K)
 Metaspace       used 332292K, committed 336000K, reserved 1376256K
  class space    used 41526K, committed 43392K, reserved 1048576K
}
Event: 1210.637 GC heap after
{Heap after GC invocations=134 (full 0):
 garbage-first heap   total 964608K, used 428746K [0x0000000700000000, 0x0000000800000000)
  region size 2048K, 23 young (47104K), 23 survivors (47104K)
 Metaspace       used 332292K, committed 336000K, reserved 1376256K
  class space    used 41526K, committed 43392K, reserved 1048576K
}
Event: 1212.878 GC heap before
{Heap before GC invocations=134 (full 0):
 garbage-first heap   total 964608K, used 893642K [0x0000000700000000, 0x0000000800000000)
  region size 2048K, 245 young (501760K), 23 survivors (47104K)
 Metaspace       used 334100K, committed 337856K, reserved 1376256K
  class space    used 41708K, committed 43584K, reserved 1048576K
}
Event: 1212.936 GC heap after
{Heap after GC invocations=135 (full 0):
 garbage-first heap   total 997376K, used 469373K [0x0000000700000000, 0x0000000800000000)
  region size 2048K, 21 young (43008K), 21 survivors (43008K)
 Metaspace       used 334100K, committed 337856K, reserved 1376256K
  class space    used 41708K, committed 43584K, reserved 1048576K
}
Event: 1212.947 GC heap before
{Heap before GC invocations=135 (full 0):
 garbage-first heap   total 997376K, used 471421K [0x0000000700000000, 0x0000000800000000)
  region size 2048K, 23 young (47104K), 21 survivors (43008K)
 Metaspace       used 334160K, committed 337920K, reserved 1376256K
  class space    used 41719K, committed 43584K, reserved 1048576K
}
Event: 1212.969 GC heap after
{Heap after GC invocations=136 (full 0):
 garbage-first heap   total 997376K, used 475485K [0x0000000700000000, 0x0000000800000000)
  region size 2048K, 3 young (6144K), 3 survivors (6144K)
 Metaspace       used 334160K, committed 337920K, reserved 1376256K
  class space    used 41719K, committed 43584K, reserved 1048576K
}
Event: 1289.727 GC heap before
{Heap before GC invocations=137 (full 0):
 garbage-first heap   total 997376K, used 919901K [0x0000000700000000, 0x0000000800000000)
  region size 2048K, 216 young (442368K), 3 survivors (6144K)
 Metaspace       used 338237K, committed 342080K, reserved 1376256K
  class space    used 42243K, committed 44160K, reserved 1048576K
}
Event: 1289.752 GC heap after
{Heap after GC invocations=138 (full 0):
 garbage-first heap   total 997376K, used 521818K [0x0000000700000000, 0x0000000800000000)
  region size 2048K, 25 young (51200K), 25 survivors (51200K)
 Metaspace       used 338237K, committed 342080K, reserved 1376256K
  class space    used 42243K, committed 44160K, reserved 1048576K
}
Event: 1290.928 GC heap before
{Heap before GC invocations=138 (full 0):
 garbage-first heap   total 997376K, used 906842K [0x0000000700000000, 0x0000000800000000)
  region size 2048K, 211 young (432128K), 25 survivors (51200K)
 Metaspace       used 342563K, committed 346624K, reserved 1376256K
  class space    used 42885K, committed 44928K, reserved 1048576K
}
Event: 1290.976 GC heap after
{Heap after GC invocations=139 (full 0):
 garbage-first heap   total 1024000K, used 498413K [0x0000000700000000, 0x0000000800000000)
  region size 2048K, 24 young (49152K), 24 survivors (49152K)
 Metaspace       used 342563K, committed 346624K, reserved 1376256K
  class space    used 42885K, committed 44928K, reserved 1048576K
}
Event: 1291.308 GC heap before
{Heap before GC invocations=139 (full 0):
 garbage-first heap   total 1024000K, used 641773K [0x0000000700000000, 0x0000000800000000)
  region size 2048K, 96 young (196608K), 24 survivors (49152K)
 Metaspace       used 343301K, committed 347328K, reserved 1376256K
  class space    used 42987K, committed 44992K, reserved 1048576K
}
Event: 1291.349 GC heap after
{Heap after GC invocations=140 (full 0):
 garbage-first heap   total 1024000K, used 509599K [0x0000000700000000, 0x0000000800000000)
  region size 2048K, 14 young (28672K), 14 survivors (28672K)
 Metaspace       used 343301K, committed 347328K, reserved 1376256K
  class space    used 42987K, committed 44992K, reserved 1048576K
}
Event: 1293.699 GC heap before
{Heap before GC invocations=141 (full 0):
 garbage-first heap   total 1024000K, used 884383K [0x0000000700000000, 0x0000000800000000)
  region size 2048K, 208 young (425984K), 14 survivors (28672K)
 Metaspace       used 354444K, committed 358528K, reserved 1376256K
  class space    used 44331K, committed 46400K, reserved 1048576K
}
Event: 1293.729 GC heap after
{Heap after GC invocations=142 (full 0):
 garbage-first heap   total 1024000K, used 536576K [0x0000000700000000, 0x0000000800000000)
  region size 2048K, 26 young (53248K), 26 survivors (53248K)
 Metaspace       used 354444K, committed 358528K, reserved 1376256K
  class space    used 44331K, committed 46400K, reserved 1048576K
}
Event: 1295.152 GC heap before
{Heap before GC invocations=142 (full 0):
 garbage-first heap   total 1024000K, used 917504K [0x0000000700000000, 0x0000000800000000)
  region size 2048K, 206 young (421888K), 26 survivors (53248K)
 Metaspace       used 363986K, committed 368192K, reserved 1376256K
  class space    used 45836K, committed 48000K, reserved 1048576K
}
Event: 1295.217 GC heap after
{Heap after GC invocations=143 (full 0):
 garbage-first heap   total 1046528K, used 538624K [0x0000000700000000, 0x0000000800000000)
  region size 2048K, 25 young (51200K), 25 survivors (51200K)
 Metaspace       used 363986K, committed 368192K, reserved 1376256K
  class space    used 45836K, committed 48000K, reserved 1048576K
}
Event: 1295.229 GC heap before
{Heap before GC invocations=143 (full 0):
 garbage-first heap   total 1046528K, used 548864K [0x0000000700000000, 0x0000000800000000)
  region size 2048K, 31 young (63488K), 25 survivors (51200K)
 Metaspace       used 364017K, committed 368192K, reserved 1376256K
  class space    used 45839K, committed 48000K, reserved 1048576K
}
Event: 1295.251 GC heap after
{Heap after GC invocations=144 (full 0):
 garbage-first heap   total 1046528K, used 545792K [0x0000000700000000, 0x0000000800000000)
  region size 2048K, 4 young (8192K), 4 survivors (8192K)
 Metaspace       used 364017K, committed 368192K, reserved 1376256K
  class space    used 45839K, committed 48000K, reserved 1048576K
}
Event: 1296.648 GC heap before
{Heap before GC invocations=145 (full 0):
 garbage-first heap   total 1046528K, used 932864K [0x0000000700000000, 0x0000000800000000)
  region size 2048K, 184 young (376832K), 4 survivors (8192K)
 Metaspace       used 369522K, committed 373632K, reserved 1376256K
  class space    used 46668K, committed 48768K, reserved 1048576K
}
Event: 1296.665 GC heap after
{Heap after GC invocations=146 (full 0):
 garbage-first heap   total 1046528K, used 570330K [0x0000000700000000, 0x0000000800000000)
  region size 2048K, 12 young (24576K), 12 survivors (24576K)
 Metaspace       used 369522K, committed 373632K, reserved 1376256K
  class space    used 46668K, committed 48768K, reserved 1048576K
}

Dll operation events (16 events):
Event: 0.015 Loaded shared library D:\.gradle\jdks\amazon_com_inc_-21-amd64-windows.2\bin\java.dll
Event: 0.074 Loaded shared library D:\.gradle\jdks\amazon_com_inc_-21-amd64-windows.2\bin\jsvml.dll
Event: 0.174 Loaded shared library D:\.gradle\jdks\amazon_com_inc_-21-amd64-windows.2\bin\zip.dll
Event: 0.180 Loaded shared library D:\.gradle\jdks\amazon_com_inc_-21-amd64-windows.2\bin\instrument.dll
Event: 0.188 Loaded shared library D:\.gradle\jdks\amazon_com_inc_-21-amd64-windows.2\bin\net.dll
Event: 0.191 Loaded shared library D:\.gradle\jdks\amazon_com_inc_-21-amd64-windows.2\bin\nio.dll
Event: 0.196 Loaded shared library D:\.gradle\jdks\amazon_com_inc_-21-amd64-windows.2\bin\zip.dll
Event: 0.413 Loaded shared library D:\.gradle\jdks\amazon_com_inc_-21-amd64-windows.2\bin\jimage.dll
Event: 0.800 Loaded shared library D:\.gradle\jdks\amazon_com_inc_-21-amd64-windows.2\bin\verify.dll
Event: 0.886 Loaded shared library D:\.gradle\native\660c5614fbf4a5f2a75b1949f50a0caf5cd603558e7d8a26e50b933a0cfb79d1\windows-amd64\native-platform.dll
Event: 0.911 Loaded shared library D:\.gradle\native\0.2.8\x86_64-windows-gnu\gradle-fileevents.dll
Event: 1.898 Loaded shared library D:\.gradle\jdks\amazon_com_inc_-21-amd64-windows.2\bin\management.dll
Event: 1.903 Loaded shared library D:\.gradle\jdks\amazon_com_inc_-21-amd64-windows.2\bin\management_ext.dll
Event: 2.213 Loaded shared library D:\.gradle\jdks\amazon_com_inc_-21-amd64-windows.2\bin\extnet.dll
Event: 2.681 Loaded shared library D:\.gradle\jdks\amazon_com_inc_-21-amd64-windows.2\bin\sunmscapi.dll
Event: 1296.699 Loaded shared library D:\.gradle\jdks\amazon_com_inc_-21-amd64-windows.2\bin\awt.dll

Deoptimization events (20 events):
Event: 1296.971 Thread 0x00000166a17ebf10 DEOPT PACKING pc=0x0000016631a0ca10 sp=0x00000049f53fd010
Event: 1296.971 Thread 0x00000166a17ebf10 DEOPT UNPACKING pc=0x00000166314b4422 sp=0x00000049f53fcfb8 mode 2
Event: 1297.098 Thread 0x00000166ad791e80 Uncommon trap: trap_request=0xffffff45 fr.pc=0x00000166325ff920 relative=0x0000000000000260
Event: 1297.098 Thread 0x00000166ad791e80 Uncommon trap: reason=unstable_if action=reinterpret pc=0x00000166325ff920 method=com.android.tools.r8.internal.vy0.a(C)Lcom/android/tools/r8/internal/n13; @ 1 c2
Event: 1297.098 Thread 0x00000166ad791e80 DEOPT PACKING pc=0x00000166325ff920 sp=0x00000049f58fe460
Event: 1297.098 Thread 0x00000166ad791e80 DEOPT UNPACKING pc=0x00000166314b4422 sp=0x00000049f58fe3b8 mode 2
Event: 1297.103 Thread 0x00000166ad791e80 Uncommon trap: trap_request=0xffffff45 fr.pc=0x000001663232f5f0 relative=0x00000000000000d0
Event: 1297.103 Thread 0x00000166ad791e80 Uncommon trap: reason=unstable_if action=reinterpret pc=0x000001663232f5f0 method=com.android.tools.r8.graph.l6.T0()Z @ 36 c2
Event: 1297.103 Thread 0x00000166ad791e80 DEOPT PACKING pc=0x000001663232f5f0 sp=0x00000049f58fe440
Event: 1297.103 Thread 0x00000166ad791e80 DEOPT UNPACKING pc=0x00000166314b4422 sp=0x00000049f58fe3c0 mode 2
Event: 1297.103 Thread 0x00000166ad791e80 Uncommon trap: trap_request=0xffffff45 fr.pc=0x00000166332d5cb0 relative=0x0000000000000090
Event: 1297.103 Thread 0x00000166ad791e80 Uncommon trap: reason=unstable_if action=reinterpret pc=0x00000166332d5cb0 method=com.android.tools.r8.internal.vy0.a(C)Lcom/android/tools/r8/internal/n13; @ 1 c2
Event: 1297.103 Thread 0x00000166ad791e80 DEOPT PACKING pc=0x00000166332d5cb0 sp=0x00000049f58fe430
Event: 1297.103 Thread 0x00000166ad791e80 DEOPT UNPACKING pc=0x00000166314b4422 sp=0x00000049f58fe3c8 mode 2
Event: 1297.107 Thread 0x00000166ae47c1a0 Uncommon trap: trap_request=0xffffff45 fr.pc=0x0000016631d3ffbc relative=0x000000000000073c
Event: 1297.107 Thread 0x00000166ae47c1a0 Uncommon trap: reason=unstable_if action=reinterpret pc=0x0000016631d3ffbc method=java.lang.Long.toString(JI)Ljava/lang/String; @ 43 c2
Event: 1297.107 Thread 0x00000166ae47c1a0 DEOPT PACKING pc=0x0000016631d3ffbc sp=0x00000049f2bfae70
Event: 1297.108 Thread 0x00000166ae47c1a0 DEOPT UNPACKING pc=0x00000166314b4422 sp=0x00000049f2bfae48 mode 2
Event: 1297.120 Thread 0x00000166ae47f620 DEOPT PACKING pc=0x000001662deba55f sp=0x00000049f30f9350
Event: 1297.120 Thread 0x00000166ae47f620 DEOPT UNPACKING pc=0x00000166314b4bc2 sp=0x00000049f30f88f8 mode 0

Classes loaded (20 events):
Event: 1296.631 Loading class sun/awt/resources/awt
Event: 1296.636 Loading class sun/awt/resources/awt done
Event: 1296.667 Loading class sun/awt/resources/awt_en
Event: 1296.668 Loading class sun/awt/resources/awt_en done
Event: 1296.668 Loading class sun/awt/resources/awt_en
Event: 1296.668 Loading class sun/awt/resources/awt_en done
Event: 1296.668 Loading class sun/awt/resources/awt_en_US
Event: 1296.668 Loading class sun/awt/resources/awt_en_US done
Event: 1296.668 Loading class sun/awt/resources/awt_en_US
Event: 1296.668 Loading class sun/awt/resources/awt_en_US done
Event: 1296.668 Loading class java/awt/Toolkit$2
Event: 1296.669 Loading class java/awt/Toolkit$2 done
Event: 1296.702 Loading class java/awt/Toolkit$1
Event: 1296.703 Loading class java/awt/Toolkit$1 done
Event: 1296.707 Loading class java/awt/Insets
Event: 1296.708 Loading class java/awt/Insets done
Event: 1296.708 Loading class java/awt/GraphicsEnvironment
Event: 1296.710 Loading class java/awt/GraphicsEnvironment done
Event: 1297.132 Loading class java/text/FieldPosition$Delegate
Event: 1297.147 Loading class java/text/FieldPosition$Delegate done

Classes unloaded (20 events):
Event: 1295.613 Thread 0x00000166410d6230 Unloading class 0x0000016645b97400 'java/lang/invoke/LambdaForm$DMH+0x0000016645b97400'
Event: 1295.613 Thread 0x00000166410d6230 Unloading class 0x0000016645b97000 'java/lang/invoke/LambdaForm$DMH+0x0000016645b97000'
Event: 1295.613 Thread 0x00000166410d6230 Unloading class 0x0000016645b96400 'java/lang/invoke/LambdaForm$MH+0x0000016645b96400'
Event: 1295.613 Thread 0x00000166410d6230 Unloading class 0x0000016645b96000 'java/lang/invoke/LambdaForm$MH+0x0000016645b96000'
Event: 1295.613 Thread 0x00000166410d6230 Unloading class 0x0000016645b95800 'java/lang/invoke/LambdaForm$MH+0x0000016645b95800'
Event: 1295.613 Thread 0x00000166410d6230 Unloading class 0x0000016645b95400 'java/lang/invoke/LambdaForm$MH+0x0000016645b95400'
Event: 1295.613 Thread 0x00000166410d6230 Unloading class 0x0000016645b94c00 'java/lang/invoke/LambdaForm$MH+0x0000016645b94c00'
Event: 1295.613 Thread 0x00000166410d6230 Unloading class 0x0000016645b94800 'java/lang/invoke/LambdaForm$MH+0x0000016645b94800'
Event: 1295.613 Thread 0x00000166410d6230 Unloading class 0x0000016645b94000 'java/lang/invoke/LambdaForm$MH+0x0000016645b94000'
Event: 1295.613 Thread 0x00000166410d6230 Unloading class 0x0000016645b93c00 'java/lang/invoke/LambdaForm$MH+0x0000016645b93c00'
Event: 1295.613 Thread 0x00000166410d6230 Unloading class 0x0000016645b93800 'java/lang/invoke/LambdaForm$MH+0x0000016645b93800'
Event: 1295.613 Thread 0x00000166410d6230 Unloading class 0x0000016645b93000 'java/lang/invoke/LambdaForm$MH+0x0000016645b93000'
Event: 1295.613 Thread 0x00000166410d6230 Unloading class 0x0000016645b92c00 'java/lang/invoke/LambdaForm$DMH+0x0000016645b92c00'
Event: 1295.613 Thread 0x00000166410d6230 Unloading class 0x0000016645b92800 'java/lang/invoke/LambdaForm$DMH+0x0000016645b92800'
Event: 1295.613 Thread 0x00000166410d6230 Unloading class 0x0000016645b91c00 'java/lang/invoke/LambdaForm$MH+0x0000016645b91c00'
Event: 1295.613 Thread 0x00000166410d6230 Unloading class 0x0000016645b91800 'java/lang/invoke/LambdaForm$MH+0x0000016645b91800'
Event: 1295.613 Thread 0x00000166410d6230 Unloading class 0x0000016645b91000 'java/lang/invoke/LambdaForm$MH+0x0000016645b91000'
Event: 1295.613 Thread 0x00000166410d6230 Unloading class 0x0000016645b90c00 'java/lang/invoke/LambdaForm$MH+0x0000016645b90c00'
Event: 1295.613 Thread 0x00000166410d6230 Unloading class 0x0000016645b90400 'java/lang/invoke/LambdaForm$MH+0x0000016645b90400'
Event: 1295.613 Thread 0x00000166410d6230 Unloading class 0x0000016645b8b800 'java/lang/invoke/LambdaForm$MH+0x0000016645b8b800'

Classes redefined (0 events):
No events

Internal exceptions (20 events):
Event: 1294.613 Thread 0x00000166ae47c1a0 Exception <a 'java/lang/NoSuchMethodError'{0x000000072fe9f650}: 'int java.lang.invoke.DirectMethodHandle$Holder.invokeInterface(java.lang.Object, java.lang.Object, int)'> (0x000000072fe9f650) 
thrown [s\src\hotspot\share\interpreter\linkResolver.cpp, line 773]
Event: 1294.668 Thread 0x00000166ae47c1a0 Exception <a 'java/lang/NoSuchMethodError'{0x000000072f20f908}: 'int java.lang.invoke.DirectMethodHandle$Holder.invokeSpecial(java.lang.Object, java.lang.Object, java.lang.Object, java.lang.Object, java.lang.Object, java.lang.Object)'> (0x000000072f20f908) 
thrown [s\src\hotspot\share\interpreter\linkResolver.cpp, line 773]
Event: 1294.717 Thread 0x00000166ad791e80 Exception <a 'java/lang/IncompatibleClassChangeError'{0x000000072e953260}: Found class java.lang.Object, but interface was expected> (0x000000072e953260) 
thrown [s\src\hotspot\share\interpreter\linkResolver.cpp, line 840]
Event: 1294.751 Thread 0x00000166ad791e80 Exception <a 'java/lang/IncompatibleClassChangeError'{0x000000072e971b48}: Found class java.lang.Object, but interface was expected> (0x000000072e971b48) 
thrown [s\src\hotspot\share\interpreter\linkResolver.cpp, line 840]
Event: 1294.841 Thread 0x00000166ae47c1a0 Exception <a 'java/lang/NoSuchMethodError'{0x000000072d2b0c08}: 'java.lang.Object java.lang.invoke.DirectMethodHandle$Holder.invokeInterface(java.lang.Object, java.lang.Object, int)'> (0x000000072d2b0c08) 
thrown [s\src\hotspot\share\interpreter\linkResolver.cpp, line 773]
Event: 1295.075 Thread 0x00000166aea75500 Exception <a 'java/lang/NoSuchMethodError'{0x00000007294de0c8}: static Lcom/android/ide/common/resources/CompileResourceRequest;.<clinit>()V> (0x00000007294de0c8) 
thrown [s\src\hotspot\share\prims\jni.cpp, line 1111]
Event: 1295.078 Thread 0x00000166aea75500 Exception <a 'java/lang/NoSuchMethodError'{0x00000007294f8968}: static Ljava/lang/Object;.<clinit>()V> (0x00000007294f8968) 
thrown [s\src\hotspot\share\prims\jni.cpp, line 1111]
Event: 1295.080 Thread 0x00000166aea75500 Exception <a 'java/lang/NoSuchMethodError'{0x000000072950c370}: static Ljava/lang/Object;.<clinit>()V> (0x000000072950c370) 
thrown [s\src\hotspot\share\prims\jni.cpp, line 1111]
Event: 1295.081 Thread 0x00000166aea75500 Exception <a 'java/lang/NoSuchMethodError'{0x000000072951fd58}: static Ljava/lang/Object;.<clinit>()V> (0x000000072951fd58) 
thrown [s\src\hotspot\share\prims\jni.cpp, line 1111]
Event: 1295.099 Thread 0x00000166aea75500 Exception <a 'java/lang/NoSuchMethodError'{0x0000000728fa3f50}: static Lkotlin/InitializedLazyImpl;.<clinit>()V> (0x0000000728fa3f50) 
thrown [s\src\hotspot\share\prims\jni.cpp, line 1111]
Event: 1296.084 Thread 0x00000166a6d1dab0 Exception <a 'java/lang/NoSuchMethodError'{0x000000073351d458}: 'java.lang.Object java.lang.invoke.DirectMethodHandle$Holder.newInvokeSpecial(java.lang.Object, int, java.lang.Object, java.lang.Object, java.lang.Object, java.lang.Object)'> (0x000000073351d458) 
thrown [s\src\hotspot\share\interpreter\linkResolver.cpp, line 773]
Event: 1296.273 Thread 0x00000166ae47c1a0 Exception <a 'java/lang/NoSuchMethodError'{0x000000072fc2cc38}: 'void java.lang.invoke.DirectMethodHandle$Holder.invokeSpecial(java.lang.Object, java.lang.Object, java.lang.Object, int, java.lang.Object, java.lang.Object, java.lang.Object, java.lang.Object)'> (0x000000072fc2cc38) 
thrown [s\src\hotspot\share\interpreter\linkResolver.cpp, line 773]
Event: 1296.274 Thread 0x00000166a6d1ee60 Exception <a 'java/lang/NoSuchMethodError'{0x000000072f8908e0}: 'void java.lang.invoke.DirectMethodHandle$Holder.invokeSpecial(java.lang.Object, java.lang.Object, java.lang.Object, int, java.lang.Object, java.lang.Object, java.lang.Object, java.lang.Object)'> (0x000000072f8908e0) 
thrown [s\src\hotspot\share\interpreter\linkResolver.cpp, line 773]
Event: 1296.378 Thread 0x00000166ad791e80 Exception <a 'java/lang/NoSuchMethodError'{0x000000072e65de40}: 'void java.lang.invoke.DirectMethodHandle$Holder.invokeSpecialIFC(java.lang.Object, java.lang.Object, java.lang.Object, java.lang.Object)'> (0x000000072e65de40) 
thrown [s\src\hotspot\share\interpreter\linkResolver.cpp, line 773]
Event: 1296.513 Thread 0x00000166a6d1ee60 Implicit null exception at 0x0000016631ae3a00 to 0x0000016631ae3b38
Event: 1296.516 Thread 0x00000166ae47c1a0 Exception <a 'java/lang/NoSuchMethodError'{0x000000072a4fb038}: 'void java.lang.invoke.DirectMethodHandle$Holder.invokeStatic(java.lang.Object, java.lang.Object, java.lang.Object, java.lang.Object, java.lang.Object, java.lang.Object, java.lang.Object, java.lang.Object)'> (0x000000072a4fb038) 
thrown [s\src\hotspot\share\interpreter\linkResolver.cpp, line 773]
Event: 1296.516 Thread 0x00000166a6d1ee60 Exception <a 'java/lang/NoSuchMethodError'{0x000000072a17aec8}: 'void java.lang.invoke.DirectMethodHandle$Holder.invokeStatic(java.lang.Object, java.lang.Object, java.lang.Object, java.lang.Object, java.lang.Object, java.lang.Object, java.lang.Object, java.lang.Object)'> (0x000000072a17aec8) 
thrown [s\src\hotspot\share\interpreter\linkResolver.cpp, line 773]
Event: 1296.630 Thread 0x00000166a17ebf10 Exception <a 'java/lang/ClassNotFoundException'{0x0000000729ffd5a8}: sun/awt/resources/spi/awtProvider> (0x0000000729ffd5a8) 
thrown [s\src\hotspot\share\classfile\systemDictionary.cpp, line 313]
Event: 1296.706 Thread 0x00000166a17ebf10 Exception <a 'java/io/FileNotFoundException'{0x00000007ff6087c8}> (0x00000007ff6087c8) 
thrown [s\src\hotspot\share\prims\jni.cpp, line 520]
Event: 1296.706 Thread 0x00000166a17ebf10 Exception <a 'java/io/FileNotFoundException'{0x00000007ff60a3e8}> (0x00000007ff60a3e8) 
thrown [s\src\hotspot\share\prims\jni.cpp, line 520]

ZGC Phase Switch (0 events):
No events

VM Operations (20 events):
Event: 1296.598 Executing safepoint VM operation: ICBufferFull
Event: 1296.599 Executing safepoint VM operation: ICBufferFull done
Event: 1296.600 Executing safepoint VM operation: ICBufferFull
Event: 1296.616 Executing safepoint VM operation: ICBufferFull done
Event: 1296.617 Executing safepoint VM operation: ICBufferFull
Event: 1296.618 Executing safepoint VM operation: ICBufferFull done
Event: 1296.619 Executing safepoint VM operation: ICBufferFull
Event: 1296.619 Executing safepoint VM operation: ICBufferFull done
Event: 1296.639 Executing safepoint VM operation: G1CollectForAllocation (G1 Evacuation Pause)
Event: 1296.665 Executing safepoint VM operation: G1CollectForAllocation (G1 Evacuation Pause) done
Event: 1296.793 Executing non-safepoint VM operation: HandshakeAllThreads (Deoptimize)
Event: 1296.812 Executing non-safepoint VM operation: HandshakeAllThreads (Deoptimize) done
Event: 1296.946 Executing safepoint VM operation: ICBufferFull
Event: 1296.946 Executing safepoint VM operation: ICBufferFull done
Event: 1296.946 Executing safepoint VM operation: ICBufferFull
Event: 1296.946 Executing safepoint VM operation: ICBufferFull done
Event: 1297.136 Executing non-safepoint VM operation: HandshakeAllThreads (Deoptimize)
Event: 1297.148 Executing non-safepoint VM operation: HandshakeAllThreads (Deoptimize) done
Event: 1297.153 Executing non-safepoint VM operation: HandshakeAllThreads (Deoptimize)
Event: 1297.162 Executing non-safepoint VM operation: HandshakeAllThreads (Deoptimize) done

Memory protections (0 events):
No events

Nmethod flushes (20 events):
Event: 1295.673 Thread 0x00000166410d6230 flushing  nmethod 0x000001662d700e10
Event: 1295.673 Thread 0x00000166410d6230 flushing  nmethod 0x000001662d9b3b90
Event: 1295.673 Thread 0x00000166410d6230 flushing  nmethod 0x000001662dab7e90
Event: 1295.673 Thread 0x00000166410d6230 flushing  nmethod 0x000001662daf0b10
Event: 1295.673 Thread 0x00000166410d6230 flushing  nmethod 0x000001662e15b090
Event: 1295.673 Thread 0x00000166410d6230 flushing  nmethod 0x000001662e15b890
Event: 1295.673 Thread 0x00000166410d6230 flushing  nmethod 0x000001662e15bd10
Event: 1295.673 Thread 0x00000166410d6230 flushing  nmethod 0x000001662e160190
Event: 1295.673 Thread 0x00000166410d6230 flushing  nmethod 0x000001662e163190
Event: 1295.673 Thread 0x00000166410d6230 flushing  nmethod 0x000001662e182410
Event: 1295.673 Thread 0x00000166410d6230 flushing  nmethod 0x000001662e360e10
Event: 1295.673 Thread 0x00000166410d6230 flushing  nmethod 0x000001662e39ab90
Event: 1295.673 Thread 0x00000166410d6230 flushing  nmethod 0x000001662e39f310
Event: 1295.673 Thread 0x00000166410d6230 flushing  nmethod 0x000001662e3e6110
Event: 1295.673 Thread 0x00000166410d6230 flushing  nmethod 0x000001662e983010
Event: 1295.673 Thread 0x00000166410d6230 flushing  nmethod 0x000001662e98a910
Event: 1295.673 Thread 0x00000166410d6230 flushing  nmethod 0x000001662e993010
Event: 1295.673 Thread 0x00000166410d6230 flushing  nmethod 0x000001662e995790
Event: 1295.673 Thread 0x00000166410d6230 flushing  nmethod 0x000001662e999810
Event: 1295.673 Thread 0x00000166410d6230 flushing  nmethod 0x000001662e99f090

Events (20 events):
Event: 1290.324 Thread 0x00000166aea74e70 Thread added: 0x00000166a6f98380
Event: 1290.328 Thread 0x00000166aea74e70 Thread added: 0x00000166a6f9be90
Event: 1290.329 Thread 0x00000166a6f98380 Thread added: 0x00000166a17ec5a0
Event: 1290.332 Thread 0x00000166a6f9be90 Thread added: 0x000001669b68e7e0
Event: 1290.340 Thread 0x00000166aea74e70 Thread added: 0x00000166ad791e80
Event: 1290.347 Thread 0x00000166a17ec5a0 Thread added: 0x00000166af29c980
Event: 1290.350 Thread 0x000001669b68e7e0 Thread added: 0x000001669b68dac0
Event: 1290.353 Thread 0x000001669b68dac0 Thread added: 0x00000166a881e110
Event: 1290.355 Thread 0x00000166a881e110 Thread added: 0x00000166af29e3c0
Event: 1290.361 Thread 0x00000166af29e3c0 Thread added: 0x000001668d1af870
Event: 1290.362 Thread 0x000001668d1af870 Thread added: 0x000001668d1b1940
Event: 1290.363 Thread 0x00000166ad791e80 Thread added: 0x00000166a1d60430
Event: 1290.414 Thread 0x00000166aeb554c0 Thread added: 0x000001668d1b0590
Event: 1290.415 Thread 0x00000166aeb554c0 Thread added: 0x000001668d1aff00
Event: 1290.417 Thread 0x00000166a29da310 Thread added: 0x00000166a17eb1f0
Event: 1291.185 Thread 0x00000166aeb554c0 Thread added: 0x00000166ae231520
Event: 1292.325 Thread 0x00000166aea75b90 Thread added: 0x000001668a3ed250
Event: 1292.445 Thread 0x00000166ad790ad0 Thread added: 0x00000166a35dfce0
Event: 1292.634 Thread 0x00000166aea75b90 Thread added: 0x00000166a2d2a280
Event: 1292.679 Thread 0x00000166a29d8f60 Thread added: 0x00000166a10f14d0


Dynamic libraries:
0x00007ff74b6c0000 - 0x00007ff74b6ce000 	D:\.gradle\jdks\amazon_com_inc_-21-amd64-windows.2\bin\java.exe
0x00007ffd752c0000 - 0x00007ffd75526000 	C:\WINDOWS\SYSTEM32\ntdll.dll
0x00007ffd73880000 - 0x00007ffd73949000 	C:\WINDOWS\System32\KERNEL32.DLL
0x00007ffd729f0000 - 0x00007ffd72df0000 	C:\WINDOWS\System32\KERNELBASE.dll
0x00007ffd72e90000 - 0x00007ffd72fdc000 	C:\WINDOWS\System32\ucrtbase.dll
0x00007ffd382a0000 - 0x00007ffd382be000 	D:\.gradle\jdks\amazon_com_inc_-21-amd64-windows.2\bin\VCRUNTIME140.dll
0x00007ffd38540000 - 0x00007ffd38558000 	D:\.gradle\jdks\amazon_com_inc_-21-amd64-windows.2\bin\jli.dll
0x00007ffd73960000 - 0x00007ffd73b27000 	C:\WINDOWS\System32\USER32.dll
0x00007ffd52790000 - 0x00007ffd52a22000 	C:\WINDOWS\WinSxS\amd64_microsoft.windows.common-controls_6595b64144ccf1df_6.0.26100.8737_none_3e092eaee333b772\COMCTL32.dll
0x00007ffd725a0000 - 0x00007ffd725c7000 	C:\WINDOWS\System32\win32u.dll
0x00007ffd73c60000 - 0x00007ffd73d09000 	C:\WINDOWS\System32\msvcrt.dll
0x00007ffd73b30000 - 0x00007ffd73b5b000 	C:\WINDOWS\System32\GDI32.dll
0x00007ffd728c0000 - 0x00007ffd729e9000 	C:\WINDOWS\System32\gdi32full.dll
0x00007ffd72690000 - 0x00007ffd72733000 	C:\WINDOWS\System32\msvcp_win.dll
0x00007ffd74c50000 - 0x00007ffd74c82000 	C:\WINDOWS\System32\IMM32.DLL
0x00007ffd62390000 - 0x00007ffd6239c000 	D:\.gradle\jdks\amazon_com_inc_-21-amd64-windows.2\bin\vcruntime140_1.dll
0x00007ffd38210000 - 0x00007ffd38299000 	D:\.gradle\jdks\amazon_com_inc_-21-amd64-windows.2\bin\msvcp140.dll
0x00007ffc851a0000 - 0x00007ffc85f48000 	D:\.gradle\jdks\amazon_com_inc_-21-amd64-windows.2\bin\server\jvm.dll
0x00007ffd73460000 - 0x00007ffd73517000 	C:\WINDOWS\System32\ADVAPI32.dll
0x00007ffd731b0000 - 0x00007ffd7325a000 	C:\WINDOWS\System32\sechost.dll
0x00007ffd72ff0000 - 0x00007ffd73108000 	C:\WINDOWS\System32\RPCRT4.dll
0x00007ffd74d50000 - 0x00007ffd74dd0000 	C:\WINDOWS\System32\WS2_32.dll
0x00007ffd72360000 - 0x00007ffd723be000 	C:\WINDOWS\SYSTEM32\POWRPROF.dll
0x00007ffd52b50000 - 0x00007ffd52b5b000 	C:\WINDOWS\SYSTEM32\VERSION.dll
0x00007ffd6c600000 - 0x00007ffd6c636000 	C:\WINDOWS\SYSTEM32\WINMM.dll
0x00007ffd72340000 - 0x00007ffd72354000 	C:\WINDOWS\SYSTEM32\UMPDC.dll
0x00007ffd711c0000 - 0x00007ffd711db000 	C:\WINDOWS\SYSTEM32\kernel.appcore.dll
0x00007ffd3f6d0000 - 0x00007ffd3f6da000 	D:\.gradle\jdks\amazon_com_inc_-21-amd64-windows.2\bin\jimage.dll
0x00007ffd6f960000 - 0x00007ffd6fba2000 	C:\WINDOWS\SYSTEM32\DBGHELP.DLL
0x00007ffd74620000 - 0x00007ffd749a3000 	C:\WINDOWS\System32\combase.dll
0x00007ffd74540000 - 0x00007ffd74619000 	C:\WINDOWS\System32\OLEAUT32.dll
0x00007ffd4a5b0000 - 0x00007ffd4a5eb000 	C:\WINDOWS\SYSTEM32\dbgcore.DLL
0x00007ffd725d0000 - 0x00007ffd7267c000 	C:\WINDOWS\System32\bcryptPrimitives.dll
0x00007ffd6ce20000 - 0x00007ffd6ce30000 	D:\.gradle\jdks\amazon_com_inc_-21-amd64-windows.2\bin\instrument.dll
0x00007ffd381e0000 - 0x00007ffd38201000 	D:\.gradle\jdks\amazon_com_inc_-21-amd64-windows.2\bin\java.dll
0x00007ffd73da0000 - 0x00007ffd74532000 	C:\WINDOWS\System32\SHELL32.dll
0x00007ffd6fdf0000 - 0x00007ffd70682000 	C:\WINDOWS\SYSTEM32\windows.storage.dll
0x00007ffd73760000 - 0x00007ffd73857000 	C:\WINDOWS\System32\SHCORE.dll
0x00007ffd73580000 - 0x00007ffd735e7000 	C:\WINDOWS\System32\shlwapi.dll
0x00007ffd72400000 - 0x00007ffd72429000 	C:\WINDOWS\SYSTEM32\profapi.dll
0x00007ffd37c90000 - 0x00007ffd37d67000 	D:\.gradle\jdks\amazon_com_inc_-21-amd64-windows.2\bin\jsvml.dll
0x00007ffd381c0000 - 0x00007ffd381d8000 	D:\.gradle\jdks\amazon_com_inc_-21-amd64-windows.2\bin\zip.dll
0x00007ffd381a0000 - 0x00007ffd381b1000 	D:\.gradle\jdks\amazon_com_inc_-21-amd64-windows.2\bin\net.dll
0x00007ffd6ad00000 - 0x00007ffd6ae29000 	C:\WINDOWS\SYSTEM32\WINHTTP.dll
0x00007ffd71770000 - 0x00007ffd717dc000 	C:\WINDOWS\system32\mswsock.dll
0x00007ffd38180000 - 0x00007ffd38196000 	D:\.gradle\jdks\amazon_com_inc_-21-amd64-windows.2\bin\nio.dll
0x00007ffd383b0000 - 0x00007ffd383c0000 	D:\.gradle\jdks\amazon_com_inc_-21-amd64-windows.2\bin\verify.dll
0x00007ffd3b650000 - 0x00007ffd3b677000 	D:\.gradle\native\660c5614fbf4a5f2a75b1949f50a0caf5cd603558e7d8a26e50b933a0cfb79d1\windows-amd64\native-platform.dll
0x00007ffd38100000 - 0x00007ffd38177000 	D:\.gradle\native\0.2.8\x86_64-windows-gnu\gradle-fileevents.dll
0x00007ffd380e0000 - 0x00007ffd380ea000 	D:\.gradle\jdks\amazon_com_inc_-21-amd64-windows.2\bin\management.dll
0x00007ffd380d0000 - 0x00007ffd380dc000 	D:\.gradle\jdks\amazon_com_inc_-21-amd64-windows.2\bin\management_ext.dll
0x00007ffd73400000 - 0x00007ffd73408000 	C:\WINDOWS\System32\PSAPI.DLL
0x00007ffd70b50000 - 0x00007ffd70b83000 	C:\WINDOWS\SYSTEM32\IPHLPAPI.DLL
0x00007ffd74de0000 - 0x00007ffd74dea000 	C:\WINDOWS\System32\NSI.dll
0x00007ffd37c00000 - 0x00007ffd37c09000 	D:\.gradle\jdks\amazon_com_inc_-21-amd64-windows.2\bin\extnet.dll
0x00007ffd71a90000 - 0x00007ffd71aab000 	C:\WINDOWS\SYSTEM32\CRYPTSP.dll
0x00007ffd71120000 - 0x00007ffd71159000 	C:\WINDOWS\system32\rsaenh.dll
0x00007ffd71830000 - 0x00007ffd71862000 	C:\WINDOWS\SYSTEM32\USERENV.dll
0x00007ffd723d0000 - 0x00007ffd723fa000 	C:\WINDOWS\SYSTEM32\bcrypt.dll
0x00007ffd71a70000 - 0x00007ffd71a7c000 	C:\WINDOWS\SYSTEM32\CRYPTBASE.dll
0x00007ffd6cdf0000 - 0x00007ffd6cdfe000 	D:\.gradle\jdks\amazon_com_inc_-21-amd64-windows.2\bin\sunmscapi.dll
0x00007ffd72740000 - 0x00007ffd728b8000 	C:\WINDOWS\System32\CRYPT32.dll
0x00007ffd71cb0000 - 0x00007ffd71ce0000 	C:\WINDOWS\SYSTEM32\ncrypt.dll
0x00007ffd71c60000 - 0x00007ffd71c9f000 	C:\WINDOWS\SYSTEM32\NTASN1.dll
0x00007ffd2abd0000 - 0x00007ffd2abd8000 	C:\WINDOWS\system32\wshunix.dll
0x00007ffd70be0000 - 0x00007ffd70d35000 	C:\WINDOWS\SYSTEM32\DNSAPI.dll
0x00007ffd71570000 - 0x00007ffd7157d000 	C:\WINDOWS\SYSTEM32\DSPARSE.dll
0x00007ffd6a350000 - 0x00007ffd6a35b000 	C:\Windows\System32\rasadhlp.dll
0x00007ffd6c320000 - 0x00007ffd6c3a6000 	C:\WINDOWS\System32\fwpuclnt.dll
0x00007ffd712f0000 - 0x00007ffd71326000 	C:\WINDOWS\SYSTEM32\ntmarta.dll
0x00007ffcb4560000 - 0x00007ffcb46f3000 	D:\.gradle\jdks\amazon_com_inc_-21-amd64-windows.2\bin\awt.dll
0x00007ffd6ee80000 - 0x00007ffd6ef20000 	C:\WINDOWS\SYSTEM32\apphelp.dll

JVMTI agents:
D:\.gradle\wrapper\dists\gradle-9.4.1-bin\arn2x92ynaizyzdaamcbpbhtj\gradle-9.4.1\lib\agents\gradle-instrumentation-agent-9.4.1.jar path:D:\.gradle\jdks\amazon_com_inc_-21-amd64-windows.2\bin\instrument.dll, loaded, initialized, instrumentlib options:none

dbghelp: loaded successfully - version: 4.0.5 - missing functions: none
symbol engine: initialized successfully - sym options: 0x614 - pdb path: .;D:\.gradle\jdks\amazon_com_inc_-21-amd64-windows.2\bin;C:\WINDOWS\SYSTEM32;C:\WINDOWS\WinSxS\amd64_microsoft.windows.common-controls_6595b64144ccf1df_6.0.26100.8737_none_3e092eaee333b772;D:\.gradle\jdks\amazon_com_inc_-21-amd64-windows.2\bin\server;D:\.gradle\native\660c5614fbf4a5f2a75b1949f50a0caf5cd603558e7d8a26e50b933a0cfb79d1\windows-amd64;D:\.gradle\native\0.2.8\x86_64-windows-gnu

VM Arguments:
jvm_args: --add-opens=java.base/java.lang=ALL-UNNAMED --add-opens=java.base/java.lang.invoke=ALL-UNNAMED --add-opens=java.base/java.util=ALL-UNNAMED --add-opens=java.prefs/java.util.prefs=ALL-UNNAMED --add-exports=jdk.compiler/com.sun.tools.javac.api=ALL-UNNAMED --add-exports=jdk.compiler/com.sun.tools.javac.util=ALL-UNNAMED --add-opens=java.base/java.util=ALL-UNNAMED --add-opens=java.prefs/java.util.prefs=ALL-UNNAMED --add-opens=java.base/java.nio.charset=ALL-UNNAMED --add-opens=java.base/java.net=ALL-UNNAMED --add-opens=java.base/java.util.concurrent=ALL-UNNAMED --add-opens=java.base/java.util.concurrent.atomic=ALL-UNNAMED --add-opens=java.xml/javax.xml.namespace=ALL-UNNAMED --add-opens=java.base/java.time=ALL-UNNAMED -Xmx4096M -Dfile.encoding=UTF-8 -Duser.country=US -Duser.language=en -Duser.variant -javaagent:D:\.gradle\wrapper\dists\gradle-9.4.1-bin\arn2x92ynaizyzdaamcbpbhtj\gradle-9.4.1\lib\agents\gradle-instrumentation-agent-9.4.1.jar 
java_command: org.gradle.launcher.daemon.bootstrap.GradleDaemon 9.4.1
java_class_path (initial): D:\.gradle\wrapper\dists\gradle-9.4.1-bin\arn2x92ynaizyzdaamcbpbhtj\gradle-9.4.1\lib\gradle-daemon-main-9.4.1.jar
Launcher Type: SUN_STANDARD

[Global flags]
     intx CICompilerCount                          = 4                                         {product} {ergonomic}
     uint ConcGCThreads                            = 3                                         {product} {ergonomic}
     uint G1ConcRefinementThreads                  = 10                                        {product} {ergonomic}
   size_t G1HeapRegionSize                         = 2097152                                   {product} {ergonomic}
    uintx GCDrainStackTargetSize                   = 64                                        {product} {ergonomic}
   size_t InitialHeapSize                          = 264241152                                 {product} {ergonomic}
   size_t MarkStackSize                            = 4194304                                   {product} {ergonomic}
   size_t MaxHeapSize                              = 4294967296                                {product} {command line}
   size_t MaxNewSize                               = 2575302656                                {product} {ergonomic}
   size_t MinHeapDeltaBytes                        = 2097152                                   {product} {ergonomic}
   size_t MinHeapSize                              = 8388608                                   {product} {ergonomic}
    uintx NonNMethodCodeHeapSize                   = 5839372                                {pd product} {ergonomic}
    uintx NonProfiledCodeHeapSize                  = 122909434                              {pd product} {ergonomic}
    uintx ProfiledCodeHeapSize                     = 122909434                              {pd product} {ergonomic}
    uintx ReservedCodeCacheSize                    = 251658240                              {pd product} {ergonomic}
     bool SegmentedCodeCache                       = true                                      {product} {ergonomic}
   size_t SoftMaxHeapSize                          = 4294967296                             {manageable} {ergonomic}
     bool UseCompressedOops                        = true                           {product lp64_product} {ergonomic}
     bool UseG1GC                                  = true                                      {product} {ergonomic}
     bool UseLargePagesIndividualAllocation        = false                                  {pd product} {ergonomic}

Logging:
Log output configuration:
 #0: stdout all=warning uptime,level,tags foldmultilines=false
 #1: stderr all=off uptime,level,tags foldmultilines=false

Release file:
IMPLEMENTOR="Amazon.com Inc." 
IMPLEMENTOR_VERSION="Corretto-21.0.11.10.1" 
JAVA_RUNTIME_VERSION="21.0.11+10-LTS" 
JAVA_VERSION="21.0.11" 
JAVA_VERSION_DATE="2026-04-21" 
LIBC="default" 
MODULES="java.base java.compiler java.datatransfer java.xml java.prefs java.desktop java.instrument java.logging java.management java.security.sasl java.naming java.rmi java.management.rmi java.net.http java.scripting java.security.jgss java.transaction.xa java.sql java.sql.rowset java.xml.crypto java.se java.smartcardio jdk.accessibility jdk.internal.jvmstat jdk.attach jdk.charsets jdk.internal.opt jdk.zipfs jdk.compiler jdk.crypto.ec jdk.crypto.cryptoki jdk.crypto.mscapi jdk.dynalink jdk.internal.ed jdk.editpad jdk.hotspot.agent jdk.httpserver jdk.incubator.vector jdk.internal.le jdk.internal.vm.ci jdk.internal.vm.compiler jdk.internal.vm.compiler.management jdk.jartool jdk.javadoc jdk.jcmd jdk.management jdk.management.agent jdk.jconsole jdk.jdeps jdk.jdwp.agent jdk.jdi jdk.jfr jdk.jlink jdk.jpackage jdk.jshell jdk.jsobject jdk.jstatd jdk.localedata jdk.management.jfr jdk.naming.dns jdk.naming.rmi jdk.net jdk.nio.mapmode jdk.random jdk.sctp jdk.security.auth jdk.security.jgss jdk.unsupported jdk.unsupported.desktop jdk.xml.dom" 
OS_ARCH="x86_64" 
OS_NAME="Windows" 
SOURCE="" 

Environment Variables:
PATH=D:\JDK with Hotspot\bin;C:\WINDOWS\system32;C:\WINDOWS;C:\WINDOWS\System32\Wbem;C:\WINDOWS\System32\WindowsPowerShell\v1.0\;C:\WINDOWS\System32\OpenSSH\;C:\Program Files\dotnet\;D:\mongosh-2.5.0-win32-x64;D:\Program Files\Git\cmd;C:\Program Files\Docker\Docker\resources\bin;D:\Program Files\nodejs\;C:\ProgramData\chocolatey\bin;D:\php-8.4.13-src;C:\php-8.4.13-nts-Win32-vs17-x64;C:\composer;C:\Users\USER\AppData\Local\Microsoft\WindowsApps;D:\Microsoft VS Code\bin;C:\msys64\ucrt64\bin;C:\Users\USER\AppData\Local\Programs\Python\Python313\python.exe;C:\Users\USER\AppData\Local\Programs\Python\Python313\Scripts;C:\Users\USER\AppData\Roaming\npm;D:\tubes1-IF2211-game-engine-1.1.0\tubes1-IF2211-game-engine-1.1.0\scripts\copy-env.bat;C:\Users\USER\OneDrive\College\phpmyadmin;D:\php-8.4.13-src;C:\php-8.4.13-nts-Win32-vs17-x64;C:\Users\USER\AppData\Roaming\Composer\vendor\bin;D:\.android\emulator;D:\.android\platform-tools;C:\Users\USER\AppData\Local\Android\Sdk\platform-tools;C:\Users\USER\AppData\Local\Android\Sdk\emulator;;C:\Users\USER\.local\bin
USERNAME=USER
OS=Windows_NT
PROCESSOR_IDENTIFIER=Intel64 Family 6 Model 186 Stepping 2, GenuineIntel
TMP=C:\Users\USER\AppData\Local\Temp
TEMP=C:\Users\USER\AppData\Local\Temp




Periodic native trim disabled

---------------  S Y S T E M  ---------------

OS:
 Windows 11 , 64 bit Build 26100 (10.0.26100.8737)
OS uptime: 0 days 11:35 hours
Hyper-V role detected

CPU: total 12 (initial active 12) (6 cores per cpu, 2 threads per core) family 6 model 186 stepping 2 microcode 0x4121, cx8, cmov, fxsr, ht, mmx, 3dnowpref, sse, sse2, sse3, ssse3, sse4.1, sse4.2, popcnt, lzcnt, tsc, tscinvbit, avx, avx2, aes, erms, clmul, bmi1, bmi2, adx, sha, fma, vzeroupper, clflush, clflushopt, clwb, hv, serialize, rdtscp, rdpid, fsrm, f16c, cet_ibt, cet_ss
Processor Information for processor 0
  Max Mhz: 2100, Current Mhz: 2100, Mhz Limit: 2100
Processor Information for processor 1
  Max Mhz: 2100, Current Mhz: 2100, Mhz Limit: 2100
Processor Information for processor 2
  Max Mhz: 2100, Current Mhz: 2100, Mhz Limit: 2100
Processor Information for processor 3
  Max Mhz: 2100, Current Mhz: 2100, Mhz Limit: 2100
Processor Information for processor 4
  Max Mhz: 2100, Current Mhz: 2100, Mhz Limit: 2100
Processor Information for processor 5
  Max Mhz: 2100, Current Mhz: 2100, Mhz Limit: 2100
Processor Information for processor 6
  Max Mhz: 2100, Current Mhz: 2100, Mhz Limit: 2100
Processor Information for processor 7
  Max Mhz: 2100, Current Mhz: 2100, Mhz Limit: 2100
Processor Information for processor 8
  Max Mhz: 2100, Current Mhz: 1500, Mhz Limit: 1491
Processor Information for processor 9
  Max Mhz: 2100, Current Mhz: 1500, Mhz Limit: 1491
Processor Information for processor 10
  Max Mhz: 2100, Current Mhz: 1500, Mhz Limit: 1491
Processor Information for processor 11
  Max Mhz: 2100, Current Mhz: 1500, Mhz Limit: 1491

Memory: 4k page, system-wide physical 16122M (730M free)
TotalPageFile size 24172M (AvailPageFile size 10M)
current process WorkingSet (physical memory assigned to process): 1641M, peak: 1741M
current process commit charge ("private bytes"): 1889M, peak: 1894M

vm_info: OpenJDK 64-Bit Server VM (21.0.11+10-LTS) for windows-amd64 JRE (21.0.11+10-LTS), built on 2026-04-18T07:30:30Z by "Administrator" with MS VC++ 17.14 (VS2022)

END.
