#
# There is insufficient memory for the Java Runtime Environment to continue.
# Native memory allocation (mmap) failed to map 1245708288 bytes. Error detail: G1 virtual space
# Possible reasons:
#   The system is out of physical RAM or swap space
#   This process is running with CompressedOops enabled, and the Java Heap may be blocking the growth of the native heap
# Possible solutions:
#   Reduce memory load on the system
#   Increase physical memory or swap space
#   Check if swap backing store is full
#   Decrease Java heap size (-Xmx/-Xms)
#   Decrease number of Java threads
#   Decrease Java thread stack sizes (-Xss)
#   Set larger code cache with -XX:ReservedCodeCacheSize=
#   JVM is running with Zero Based Compressed Oops mode in which the Java heap is
#     placed in the first 32GB address space. The Java Heap base address is the
#     maximum limit for the native heap growth. Please use -XX:HeapBaseMinAddress
#     to set the Java Heap base and to place the Java Heap above 32GB virtual address.
# This output file may be truncated or incomplete.
#
#  Out of Memory Error (os_windows.cpp:3714), pid=21872, tid=9068
#
# JRE version: OpenJDK Runtime Environment Corretto-21.0.11.10.1 (21.0.11+10) (build 21.0.11+10-LTS)
# Java VM: OpenJDK 64-Bit Server VM Corretto-21.0.11.10.1 (21.0.11+10-LTS, mixed mode, sharing, tiered, compressed oops, compressed class ptrs, g1 gc, windows-amd64)
# No core dump will be written. Minidumps are not enabled by default on client versions of Windows
#

---------------  S U M M A R Y ------------

Command Line: --add-opens=java.base/java.lang=ALL-UNNAMED --add-opens=java.base/java.lang.invoke=ALL-UNNAMED --add-opens=java.base/java.util=ALL-UNNAMED --add-opens=java.prefs/java.util.prefs=ALL-UNNAMED --add-exports=jdk.compiler/com.sun.tools.javac.api=ALL-UNNAMED --add-exports=jdk.compiler/com.sun.tools.javac.util=ALL-UNNAMED --add-opens=java.base/java.util=ALL-UNNAMED --add-opens=java.prefs/java.util.prefs=ALL-UNNAMED --add-opens=java.base/java.nio.charset=ALL-UNNAMED --add-opens=java.base/java.net=ALL-UNNAMED --add-opens=java.base/java.util.concurrent=ALL-UNNAMED --add-opens=java.base/java.util.concurrent.atomic=ALL-UNNAMED --add-opens=java.xml/javax.xml.namespace=ALL-UNNAMED --add-opens=java.base/java.time=ALL-UNNAMED -Xmx4096M -Dfile.encoding=UTF-8 -Duser.country=US -Duser.language=en -Duser.variant -javaagent:D:\.gradle\wrapper\dists\gradle-9.4.1-bin\arn2x92ynaizyzdaamcbpbhtj\gradle-9.4.1\lib\agents\gradle-instrumentation-agent-9.4.1.jar org.gradle.launcher.daemon.bootstrap.GradleDaemon 9.4.1

Host: 13th Gen Intel(R) Core(TM) i5-13420H, 12 cores, 15G,  Windows 11 , 64 bit Build 26100 (10.0.26100.8737)
Time: Sun Jun 28 00:25:02 2026 SE Asia Standard Time elapsed time: 1601.263711 seconds (0d 0h 26m 41s)

---------------  T H R E A D  ---------------

Current thread (0x000001e2fdaafc00):  VMThread "VM Thread"          [id=9068, stack(0x000000387b700000,0x000000387b800000) (1024K)]

Stack: [0x000000387b700000,0x000000387b800000]
Native frames: (J=compiled Java code, j=interpreted, Vv=VM code, C=native code)
V  [jvm.dll+0x6df899]
V  [jvm.dll+0x8bc52b]
V  [jvm.dll+0x8beaba]
V  [jvm.dll+0x8bf193]
V  [jvm.dll+0x28aa16]
V  [jvm.dll+0x6dc1f5]
V  [jvm.dll+0x6d003a]
V  [jvm.dll+0x3650fe]
V  [jvm.dll+0x36cfcb]
V  [jvm.dll+0x3bea89]
V  [jvm.dll+0x3bed2b]
V  [jvm.dll+0x3392c7]
V  [jvm.dll+0x339357]
V  [jvm.dll+0x37d83c]
V  [jvm.dll+0x37c01e]
V  [jvm.dll+0x338a21]
V  [jvm.dll+0x37b68a]
V  [jvm.dll+0x8c4eef]
V  [jvm.dll+0x8c63d3]
V  [jvm.dll+0x8c6944]
V  [jvm.dll+0x8c6a43]
V  [jvm.dll+0x8672bd]
V  [jvm.dll+0x6de09d]
C  [ucrtbase.dll+0x2cd30]
C  [KERNEL32.DLL+0x2e957]
C  [ntdll.dll+0xaad6c]

VM_Operation (0x0000003801afa330): G1CollectForAllocation, mode: safepoint, requested by thread 0x000001e304d0a610


---------------  P R O C E S S  ---------------

Threads class SMR info:
_java_thread_list=0x000001e30ed90050, length=102, elements={
0x000001e2de1df790, 0x000001e2fdad2590, 0x000001e2fdad5500, 0x000001e2fdad5f60,
0x000001e2fdad69c0, 0x000001e2fdad7a30, 0x000001e2fdad9800, 0x000001e2fdadaba0,
0x000001e2fdadeb40, 0x000001e2fdc7b290, 0x000001e2fdd2a0c0, 0x000001e2c5194720,
0x000001e2fed03430, 0x000001e2c56517d0, 0x000001e2c5daa510, 0x000001e2c5dab8c0,
0x000001e2c5da8ad0, 0x000001e2c6721800, 0x000001e2c6722520, 0x000001e2c6722bb0,
0x000001e2ca6893b0, 0x000001e2c6f75ff0, 0x000001e2c8b343b0, 0x000001e2c8b34a40,
0x000001e2c8b315c0, 0x000001e2c8b350d0, 0x000001e2c67245f0, 0x000001e2c6725310,
0x000001e2c6724c80, 0x000001e2c9080770, 0x000001e2c9080e00, 0x000001e2cb5479f0,
0x000001e2c6f436c0, 0x000001e2cbfd25d0, 0x000001e2cbfd32f0, 0x000001e312fc3520,
0x000001e312fc4240, 0x000001e312fc1ae0, 0x000001e312fc69a0, 0x000001e304d0da90,
0x000001e304d05750, 0x000001e304d02ff0, 0x000001e2cb552b20, 0x000001e2cb54ae70,
0x000001e2cb54bb90, 0x000001e2cb546cd0, 0x000001e2cb54c220, 0x000001e2cb54c8b0,
0x000001e2cb5503c0, 0x000001e2cb553ed0, 0x000001e2cb550a50, 0x000001e2cb551770,
0x000001e2cb554560, 0x000001e2cb5531b0, 0x000001e2cb5510e0, 0x000001e2cb554bf0,
0x000001e2cb551e00, 0x000001e304d050c0, 0x000001e304d03680, 0x000001e304d043a0,
0x000001e304d04a30, 0x000001e304d022d0, 0x000001e304d02960, 0x000001e304d06b00,
0x000001e304d06470, 0x000001e304d09f80, 0x000001e304d07820, 0x000001e304d0a610,
0x000001e304d07eb0, 0x000001e304d08540, 0x000001e304d08bd0, 0x000001e304d09260,
0x000001e304d07190, 0x000001e304d0d400, 0x000001e304d0cd70, 0x000001e304d0e120,
0x000001e304d0b9c0, 0x000001e304d0aca0, 0x000001e304d0f4d0, 0x000001e304d0c050,
0x000001e304d0e7b0, 0x000001e304d0fb60, 0x000001e304d0c6e0, 0x000001e304d13670,
0x000001e304d101f0, 0x000001e304d12fe0, 0x000001e304d115a0, 0x000001e304d12950,
0x000001e2cbfdc9e0, 0x000001e2cbfdd700, 0x000001e2cbfde420, 0x000001e2cbfdeab0,
0x000001e2c6f3dae0, 0x000001e2c6f3d450, 0x000001e2c6f40f60, 0x000001e2c6f415f0,
0x000001e2c6f41c80, 0x000001e2c6f3e800, 0x000001e2c6f42310, 0x000001e2c6f471d0,
0x000001e2c6f43d50, 0x000001e2c6f724e0
}

Java Threads: ( => current thread )
  0x000001e2de1df790 JavaThread "main"                              [_thread_blocked, id=21908, stack(0x000000387b000000,0x000000387b100000) (1024K)]
  0x000001e2fdad2590 JavaThread "Reference Handler"          daemon [_thread_blocked, id=7096, stack(0x000000387b800000,0x000000387b900000) (1024K)]
  0x000001e2fdad5500 JavaThread "Finalizer"                  daemon [_thread_blocked, id=15752, stack(0x000000387b900000,0x000000387ba00000) (1024K)]
  0x000001e2fdad5f60 JavaThread "Signal Dispatcher"          daemon [_thread_blocked, id=22968, stack(0x000000387ba00000,0x000000387bb00000) (1024K)]
  0x000001e2fdad69c0 JavaThread "Attach Listener"            daemon [_thread_blocked, id=18572, stack(0x000000387bb00000,0x000000387bc00000) (1024K)]
  0x000001e2fdad7a30 JavaThread "Service Thread"             daemon [_thread_blocked, id=18080, stack(0x000000387bc00000,0x000000387bd00000) (1024K)]
  0x000001e2fdad9800 JavaThread "Monitor Deflation Thread"   daemon [_thread_blocked, id=22876, stack(0x000000387bd00000,0x000000387be00000) (1024K)]
  0x000001e2fdadaba0 JavaThread "C2 CompilerThread0"         daemon [_thread_blocked, id=18652, stack(0x000000387be00000,0x000000387bf00000) (1024K)]
  0x000001e2fdadeb40 JavaThread "C1 CompilerThread0"         daemon [_thread_blocked, id=3552, stack(0x000000387bf00000,0x000000387c000000) (1024K)]
  0x000001e2fdc7b290 JavaThread "Common-Cleaner"             daemon [_thread_blocked, id=22988, stack(0x000000387c000000,0x000000387c100000) (1024K)]
  0x000001e2fdd2a0c0 JavaThread "Notification Thread"        daemon [_thread_blocked, id=19440, stack(0x000000387c100000,0x000000387c200000) (1024K)]
  0x000001e2c5194720 JavaThread "Daemon health stats"               [_thread_blocked, id=17220, stack(0x000000387c900000,0x000000387ca00000) (1024K)]
  0x000001e2fed03430 JavaThread "Incoming local TCP Connector on port 55316"        [_thread_in_native, id=21828, stack(0x000000387ca00000,0x000000387cb00000) (1024K)]
  0x000001e2c56517d0 JavaThread "Daemon periodic checks"            [_thread_blocked, id=4232, stack(0x000000387cb00000,0x000000387cc00000) (1024K)]
  0x000001e2c5daa510 JavaThread "Cache worker for journal cache (D:\.gradle\caches\journal-1)"        [_thread_blocked, id=21104, stack(0x000000387d300000,0x000000387d400000) (1024K)]
  0x000001e2c5dab8c0 JavaThread "File lock request listener"        [_thread_in_native, id=9008, stack(0x000000387d400000,0x000000387d500000) (1024K)]
  0x000001e2c5da8ad0 JavaThread "Cache worker for file hash cache (D:\.gradle\caches\9.4.1\fileHashes)"        [_thread_blocked, id=23108, stack(0x000000387c300000,0x000000387c400000) (1024K)]
  0x000001e2c6721800 JavaThread "Cache worker for file content cache (D:\.gradle\caches\9.4.1\fileContent)"        [_thread_blocked, id=9452, stack(0x000000387e000000,0x000000387e100000) (1024K)]
  0x000001e2c6722520 JavaThread "File watcher server"        daemon [_thread_blocked, id=14212, stack(0x000000387e100000,0x000000387e200000) (1024K)]
  0x000001e2c6722bb0 JavaThread "File watcher consumer"      daemon [_thread_blocked, id=21052, stack(0x000000387e200000,0x000000387e300000) (1024K)]
  0x000001e2ca6893b0 JavaThread "Memory manager"                    [_thread_blocked, id=6004, stack(0x000000387e800000,0x000000387e900000) (1024K)]
  0x000001e2c6f75ff0 JavaThread "jar transforms"                    [_thread_blocked, id=19632, stack(0x000000387de00000,0x000000387df00000) (1024K)]
  0x000001e2c8b343b0 JavaThread "jar transforms Thread 2"           [_thread_blocked, id=5924, stack(0x000000387df00000,0x000000387e000000) (1024K)]
  0x000001e2c8b34a40 JavaThread "jar transforms Thread 3"           [_thread_blocked, id=18872, stack(0x000000387e300000,0x000000387e400000) (1024K)]
  0x000001e2c8b315c0 JavaThread "jar transforms Thread 4"           [_thread_blocked, id=4152, stack(0x000000387e400000,0x000000387e500000) (1024K)]
  0x000001e2c8b350d0 JavaThread "jar transforms Thread 5"           [_thread_blocked, id=3948, stack(0x000000387e500000,0x000000387e600000) (1024K)]
  0x000001e2c67245f0 JavaThread "jar transforms Thread 6"           [_thread_blocked, id=6980, stack(0x000000387f300000,0x000000387f400000) (1024K)]
  0x000001e2c6725310 JavaThread "jar transforms Thread 7"           [_thread_blocked, id=17936, stack(0x000000387f400000,0x000000387f500000) (1024K)]
  0x000001e2c6724c80 JavaThread "jar transforms Thread 8"           [_thread_blocked, id=11896, stack(0x000000387f500000,0x000000387f600000) (1024K)]
  0x000001e2c9080770 JavaThread "jar transforms Thread 9"           [_thread_blocked, id=20832, stack(0x000000387f600000,0x000000387f700000) (1024K)]
  0x000001e2c9080e00 JavaThread "jar transforms Thread 10"          [_thread_blocked, id=4736, stack(0x000000387f700000,0x000000387f800000) (1024K)]
  0x000001e2cb5479f0 JavaThread "pool-6-thread-1"                   [_thread_blocked, id=10316, stack(0x000000387ff00000,0x0000003880000000) (1024K)]
  0x000001e2c6f436c0 JavaThread "pool-9-thread-1"                   [_thread_blocked, id=12872, stack(0x0000003801e00000,0x0000003801f00000) (1024K)]
  0x000001e2cbfd25d0 JavaThread "jar transforms Thread 11"          [_thread_blocked, id=4500, stack(0x0000003804100000,0x0000003804200000) (1024K)]
  0x000001e2cbfd32f0 JavaThread "jar transforms Thread 12"          [_thread_blocked, id=11212, stack(0x0000003804200000,0x0000003804300000) (1024K)]
  0x000001e312fc3520 JavaThread "RMI Scheduler(0)"           daemon [_thread_blocked, id=16752, stack(0x0000003805300000,0x0000003805400000) (1024K)]
  0x000001e312fc4240 JavaThread "RMI GC Daemon"              daemon [_thread_blocked, id=14268, stack(0x0000003805500000,0x0000003805600000) (1024K)]
  0x000001e312fc1ae0 JavaThread "RMI TCP Accept-0"           daemon [_thread_in_native, id=21012, stack(0x0000003805600000,0x0000003805700000) (1024K)]
  0x000001e312fc69a0 JavaThread "RMI Reaper"                        [_thread_blocked, id=1812, stack(0x0000003805700000,0x0000003805800000) (1024K)]
  0x000001e304d0da90 JavaThread "pool-13-thread-1"                  [_thread_blocked, id=16872, stack(0x0000003802100000,0x0000003802200000) (1024K)]
  0x000001e304d05750 JavaThread "Daemon Thread 6"                   [_thread_blocked, id=15108, stack(0x0000003800000000,0x0000003800100000) (1024K)]
  0x000001e304d02ff0 JavaThread "Daemon worker Thread 6"            [_thread_blocked, id=24840, stack(0x0000003800300000,0x0000003800400000) (1024K)]
  0x000001e2cb552b20 JavaThread "pool-16-thread-1"                  [_thread_blocked, id=24392, stack(0x0000003801f00000,0x0000003802000000) (1024K)]
  0x000001e2cb54ae70 JavaThread "RMI TCP Connection(idle)"   daemon [_thread_blocked, id=18972, stack(0x0000003803100000,0x0000003803200000) (1024K)]
  0x000001e2cb54bb90 JavaThread "RMI TCP Connection(6)-127.0.0.1" daemon [_thread_in_native, id=14772, stack(0x0000003800c00000,0x0000003800d00000) (1024K)]
  0x000001e2cb546cd0 JavaThread "VFS cleanup Thread 6"              [_thread_blocked, id=3580, stack(0x0000003800400000,0x0000003800500000) (1024K)]
  0x000001e2cb54c220 JavaThread "Handler for socket connection from /127.0.0.1:55316 to /127.0.0.1:55317"        [_thread_in_native, id=10168, stack(0x0000003800100000,0x0000003800200000) (1024K)]
  0x000001e2cb54c8b0 JavaThread "Cancel handler"                    [_thread_blocked, id=22852, stack(0x0000003800200000,0x0000003800300000) (1024K)]
  0x000001e2cb5503c0 JavaThread "Asynchronous log dispatcher for DefaultDaemonConnection: socket connection from /127.0.0.1:55316 to /127.0.0.1:55317"        [_thread_blocked, id=3144, stack(0x0000003800500000,0x0000003800600000) (1024K)]
  0x000001e2cb553ed0 JavaThread "Stdin handler"                     [_thread_blocked, id=23804, stack(0x0000003800600000,0x0000003800700000) (1024K)]
  0x000001e2cb550a50 JavaThread "Daemon client event forwarder"        [_thread_blocked, id=16756, stack(0x0000003800700000,0x0000003800800000) (1024K)]
  0x000001e2cb551770 JavaThread "Cache worker for file hash cache (D:\Projects\tugas-pengembangan-aplikasi-mobile\tugas-minggu-7\.gradle\9.4.1\fileHashes)"        [_thread_blocked, id=24296, stack(0x0000003800900000,0x0000003800a00000) (1024K)]
  0x000001e2cb554560 JavaThread "Cache worker for checksums cache (D:\Projects\tugas-pengembangan-aplikasi-mobile\tugas-minggu-7\.gradle\9.4.1\checksums)"        [_thread_blocked, id=10336, stack(0x0000003800a00000,0x0000003800b00000) (1024K)]
  0x000001e2cb5531b0 JavaThread "Cache worker for Build Output Cleanup Cache (D:\Projects\tugas-pengembangan-aplikasi-mobile\tugas-minggu-7\.gradle\buildOutputCleanup)"        [_thread_blocked, id=13428, stack(0x0000003800b00000,0x0000003800c00000) (1024K)]
  0x000001e2cb5510e0 JavaThread "Cache worker for cache directory md-supplier (D:\.gradle\caches\9.4.1\md-supplier)"        [_thread_blocked, id=4520, stack(0x0000003800d00000,0x0000003800e00000) (1024K)]
  0x000001e2cb554bf0 JavaThread "Cache worker for cache directory md-rule (D:\.gradle\caches\9.4.1\md-rule)"        [_thread_blocked, id=18808, stack(0x0000003800e00000,0x0000003800f00000) (1024K)]
  0x000001e2cb551e00 JavaThread "Build operations"                  [_thread_blocked, id=20872, stack(0x0000003800f00000,0x0000003801000000) (1024K)]
  0x000001e304d050c0 JavaThread "Build operations Thread 2"         [_thread_blocked, id=21448, stack(0x0000003801000000,0x0000003801100000) (1024K)]
  0x000001e304d03680 JavaThread "Build operations Thread 3"         [_thread_blocked, id=7436, stack(0x0000003801100000,0x0000003801200000) (1024K)]
  0x000001e304d043a0 JavaThread "Build operations Thread 4"         [_thread_blocked, id=23144, stack(0x0000003801200000,0x0000003801300000) (1024K)]
  0x000001e304d04a30 JavaThread "Build operations Thread 5"         [_thread_blocked, id=18600, stack(0x0000003801300000,0x0000003801400000) (1024K)]
  0x000001e304d022d0 JavaThread "Build operations Thread 6"         [_thread_blocked, id=8412, stack(0x0000003801400000,0x0000003801500000) (1024K)]
  0x000001e304d02960 JavaThread "Build operations Thread 7"         [_thread_blocked, id=13700, stack(0x0000003801500000,0x0000003801600000) (1024K)]
  0x000001e304d06b00 JavaThread "Build operations Thread 8"         [_thread_blocked, id=12276, stack(0x0000003801600000,0x0000003801700000) (1024K)]
  0x000001e304d06470 JavaThread "Build operations Thread 9"         [_thread_blocked, id=24428, stack(0x0000003801700000,0x0000003801800000) (1024K)]
  0x000001e304d09f80 JavaThread "Build operations Thread 10"        [_thread_blocked, id=19088, stack(0x0000003801800000,0x0000003801900000) (1024K)]
  0x000001e304d07820 JavaThread "Build operations Thread 11"        [_thread_blocked, id=9124, stack(0x0000003801900000,0x0000003801a00000) (1024K)]
  0x000001e304d0a610 JavaThread "Build operations Thread 12"        [_thread_blocked, id=14420, stack(0x0000003801a00000,0x0000003801b00000) (1024K)]
  0x000001e304d07eb0 JavaThread "Configuration cache report writer"        [_thread_blocked, id=13416, stack(0x0000003801b00000,0x0000003801c00000) (1024K)]
  0x000001e304d08540 JavaThread "build event listener"              [_thread_blocked, id=11744, stack(0x0000003801d00000,0x0000003801e00000) (1024K)]
  0x000001e304d08bd0 JavaThread "build event listener"              [_thread_blocked, id=13784, stack(0x0000003802000000,0x0000003802100000) (1024K)]
  0x000001e304d09260 JavaThread "Problems report writer"            [_thread_blocked, id=20824, stack(0x0000003802200000,0x0000003802300000) (1024K)]
  0x000001e304d07190 JavaThread "pool-19-thread-1"                  [_thread_blocked, id=21560, stack(0x0000003802300000,0x0000003802400000) (1024K)]
  0x000001e304d0d400 JavaThread "build event listener"              [_thread_blocked, id=17780, stack(0x0000003802400000,0x0000003802500000) (1024K)]
  0x000001e304d0cd70 JavaThread "included builds"                   [_thread_blocked, id=13384, stack(0x0000003802500000,0x0000003802600000) (1024K)]
  0x000001e304d0e120 JavaThread "Execution worker"                  [_thread_blocked, id=10180, stack(0x0000003802600000,0x0000003802700000) (1024K)]
  0x000001e304d0b9c0 JavaThread "Execution worker Thread 2"         [_thread_blocked, id=6168, stack(0x0000003802700000,0x0000003802800000) (1024K)]
  0x000001e304d0aca0 JavaThread "Execution worker Thread 3"         [_thread_blocked, id=11164, stack(0x0000003802800000,0x0000003802900000) (1024K)]
  0x000001e304d0f4d0 JavaThread "Execution worker Thread 4"         [_thread_blocked, id=19184, stack(0x0000003802900000,0x0000003802a00000) (1024K)]
  0x000001e304d0c050 JavaThread "Execution worker Thread 5"         [_thread_blocked, id=23372, stack(0x0000003802a00000,0x0000003802b00000) (1024K)]
  0x000001e304d0e7b0 JavaThread "Cache worker for execution history cache (D:\Projects\tugas-pengembangan-aplikasi-mobile\tugas-minggu-7\.gradle\9.4.1\executionHistory)"        [_thread_blocked, id=9148, stack(0x0000003802b00000,0x0000003802c00000) (1024K)]
  0x000001e304d0fb60 JavaThread "Execution worker Thread 6"         [_thread_blocked, id=19848, stack(0x0000003802c00000,0x0000003802d00000) (1024K)]
  0x000001e304d0c6e0 JavaThread "Execution worker Thread 7"         [_thread_blocked, id=19956, stack(0x0000003802d00000,0x0000003802e00000) (1024K)]
  0x000001e304d13670 JavaThread "Execution worker Thread 8"         [_thread_blocked, id=24292, stack(0x0000003802e00000,0x0000003802f00000) (1024K)]
  0x000001e304d101f0 JavaThread "Execution worker Thread 9"         [_thread_blocked, id=22360, stack(0x0000003802f00000,0x0000003803000000) (1024K)]
  0x000001e304d12fe0 JavaThread "Execution worker Thread 10"        [_thread_blocked, id=11684, stack(0x0000003803200000,0x0000003803300000) (1024K)]
  0x000001e304d115a0 JavaThread "Execution worker Thread 11"        [_thread_blocked, id=13076, stack(0x0000003803300000,0x0000003803400000) (1024K)]
  0x000001e304d12950 JavaThread "WorkerExecutor Queue"              [_thread_blocked, id=4524, stack(0x0000003803400000,0x0000003803500000) (1024K)]
  0x000001e2cbfdc9e0 JavaThread "WorkerExecutor Queue Thread 3"        [_thread_blocked, id=22548, stack(0x0000003803000000,0x0000003803100000) (1024K)]
  0x000001e2cbfdd700 JavaThread "WorkerExecutor Queue Thread 4"        [_thread_blocked, id=9992, stack(0x0000003803600000,0x0000003803700000) (1024K)]
  0x000001e2cbfde420 JavaThread "WorkerExecutor Queue Thread 5"        [_thread_blocked, id=18968, stack(0x0000003803700000,0x0000003803800000) (1024K)]
  0x000001e2cbfdeab0 JavaThread "WorkerExecutor Queue Thread 6"        [_thread_blocked, id=21564, stack(0x0000003803800000,0x0000003803900000) (1024K)]
  0x000001e2c6f3dae0 JavaThread "WorkerExecutor Queue Thread 7"        [_thread_blocked, id=25588, stack(0x0000003803900000,0x0000003803a00000) (1024K)]
  0x000001e2c6f3d450 JavaThread "WorkerExecutor Queue Thread 8"        [_thread_blocked, id=6764, stack(0x0000003803a00000,0x0000003803b00000) (1024K)]
  0x000001e2c6f40f60 JavaThread "WorkerExecutor Queue Thread 9"        [_thread_blocked, id=7628, stack(0x0000003803b00000,0x0000003803c00000) (1024K)]
  0x000001e2c6f415f0 JavaThread "WorkerExecutor Queue Thread 10"        [_thread_blocked, id=12756, stack(0x0000003803c00000,0x0000003803d00000) (1024K)]
  0x000001e2c6f41c80 JavaThread "WorkerExecutor Queue Thread 11"        [_thread_blocked, id=19288, stack(0x0000003803d00000,0x0000003803e00000) (1024K)]
  0x000001e2c6f3e800 JavaThread "WorkerExecutor Queue Thread 12"        [_thread_blocked, id=13736, stack(0x0000003803e00000,0x0000003803f00000) (1024K)]
  0x000001e2c6f42310 JavaThread "pool-20-thread-1"                  [_thread_blocked, id=20264, stack(0x0000003804000000,0x0000003804100000) (1024K)]
  0x000001e2c6f471d0 JavaThread "stderr"                            [_thread_in_native, id=23428, stack(0x0000003804300000,0x0000003804400000) (1024K)]
  0x000001e2c6f43d50 JavaThread "stdout"                            [_thread_in_native, id=19080, stack(0x0000003804400000,0x0000003804500000) (1024K)]
  0x000001e2c6f724e0 JavaThread "WorkerExecutor Queue Thread 13"        [_thread_blocked, id=19332, stack(0x0000003803f00000,0x0000003804000000) (1024K)]
Total: 102

Other Threads:
=>0x000001e2fdaafc00 VMThread "VM Thread"                           [id=9068, stack(0x000000387b700000,0x000000387b800000) (1024K)]
  0x000001e2fda94660 WatcherThread "VM Periodic Task Thread"        [id=17004, stack(0x000000387b600000,0x000000387b700000) (1024K)]
  0x000001e2de248eb0 WorkerThread "GC Thread#0"                     [id=9252, stack(0x000000387b100000,0x000000387b200000) (1024K)]
  0x000001e2fe9ca4b0 WorkerThread "GC Thread#1"                     [id=8548, stack(0x000000387c400000,0x000000387c500000) (1024K)]
  0x000001e2fe9ca860 WorkerThread "GC Thread#2"                     [id=4172, stack(0x000000387c500000,0x000000387c600000) (1024K)]
  0x000001e2fe9cac10 WorkerThread "GC Thread#3"                     [id=19904, stack(0x000000387c600000,0x000000387c700000) (1024K)]
  0x000001e2fea35e70 WorkerThread "GC Thread#4"                     [id=16152, stack(0x000000387c700000,0x000000387c800000) (1024K)]
  0x000001e2fea3f860 WorkerThread "GC Thread#5"                     [id=19948, stack(0x000000387c800000,0x000000387c900000) (1024K)]
  0x000001e2c6d75f20 WorkerThread "GC Thread#6"                     [id=9736, stack(0x000000387d600000,0x000000387d700000) (1024K)]
  0x000001e2c6d77190 WorkerThread "GC Thread#7"                     [id=3108, stack(0x000000387d700000,0x000000387d800000) (1024K)]
  0x000001e2c6d762d0 WorkerThread "GC Thread#8"                     [id=20980, stack(0x000000387d800000,0x000000387d900000) (1024K)]
  0x000001e2c6d77540 WorkerThread "GC Thread#9"                     [id=9532, stack(0x000000387d900000,0x000000387da00000) (1024K)]
  0x000001e2de25cc50 ConcurrentGCThread "G1 Main Marker"            [id=10052, stack(0x000000387b200000,0x000000387b300000) (1024K)]
  0x000001e2de25ecc0 WorkerThread "G1 Conc#0"                       [id=10532, stack(0x000000387b300000,0x000000387b400000) (1024K)]
  0x000001e2c6d78b60 WorkerThread "G1 Conc#1"                       [id=2132, stack(0x000000387da00000,0x000000387db00000) (1024K)]
  0x000001e2c6d78050 WorkerThread "G1 Conc#2"                       [id=11828, stack(0x000000387db00000,0x000000387dc00000) (1024K)]
  0x000001e2fd9625e0 ConcurrentGCThread "G1 Refine#0"               [id=18300, stack(0x000000387b400000,0x000000387b500000) (1024K)]
  0x000001e2db452480 ConcurrentGCThread "G1 Refine#1"               [id=12900, stack(0x0000003805200000,0x0000003805300000) (1024K)]
  0x000001e2fd964f20 ConcurrentGCThread "G1 Service"                [id=19680, stack(0x000000387b500000,0x000000387b600000) (1024K)]
Total: 19

Threads with active compile tasks:
Total: 0

VM state: at safepoint (normal execution)

VM Mutex/Monitor currently owned by a thread:  ([mutex/lock_event])
[0x00007ffc85e665c0] Threads_lock - owner thread: 0x000001e2fdaafc00
[0x00007ffc85e666c0] Heap_lock - owner thread: 0x000001e304d0a610

Heap address: 0x0000000700000000, size: 4096 MB, Compressed Oops mode: Zero based, Oop shift amount: 3

CDS archive(s) mapped at: [0x000001e280000000-0x000001e280c80000-0x000001e280c80000), size 13107200, SharedBaseAddress: 0x000001e280000000, ArchiveRelocationMode: 1.
Compressed class space mapped at: 0x000001e281000000-0x000001e2c1000000, reserved size: 1073741824
Narrow klass base: 0x000001e280000000, Narrow klass shift: 0, Narrow klass range: 0x100000000

GC Precious Log:
 CardTable entry size: 512
 Card Set container configuration: InlinePtr #cards 4 size 8 Array Of Cards #cards 16 size 48 Howl #buckets 8 coarsen threshold 3686 Howl Bitmap #cards 512 size 80 coarsen threshold 460 Card regions per heap region 1 cards per card region 4096
 CPUs: 12 total, 12 available
 Memory: 16122M
 Large Page Support: Disabled
 NUMA Support: Disabled
 Compressed Oops: Enabled (Zero based)
 Heap Region Size: 2M
 Heap Min Capacity: 8M
 Heap Initial Capacity: 252M
 Heap Max Capacity: 4G
 Pre-touch: Disabled
 Parallel Workers: 10
 Concurrent Workers: 3
 Concurrent Refinement Workers: 10
 Periodic GC: Disabled

Heap:
 garbage-first heap   total 1157120K, used 615226K [0x0000000700000000, 0x0000000800000000)
  region size 2048K, 10 young (20480K), 10 survivors (20480K)
 Metaspace       used 275068K, committed 278848K, reserved 1310720K
  class space    used 35838K, committed 37760K, reserved 1048576K

Heap Regions: E=young(eden), S=young(survivor), O=old, HS=humongous(starts), HC=humongous(continues), CS=collection set, F=free, TAMS=top-at-mark-start, PB=parsable bottom
|   0|0x0000000700000000, 0x0000000700200000, 0x0000000700200000|100%|HS|  |TAMS 0x0000000700000000| PB 0x0000000700000000| Complete 
|   1|0x0000000700200000, 0x0000000700400000, 0x0000000700400000|100%|HC|  |TAMS 0x0000000700200000| PB 0x0000000700200000| Complete 
|   2|0x0000000700400000, 0x0000000700600000, 0x0000000700600000|100%| O|  |TAMS 0x0000000700400000| PB 0x0000000700400000| Untracked 
|   3|0x0000000700600000, 0x0000000700800000, 0x0000000700800000|100%| O|  |TAMS 0x0000000700600000| PB 0x0000000700600000| Untracked 
|   4|0x0000000700800000, 0x0000000700a00000, 0x0000000700a00000|100%| O|  |TAMS 0x0000000700800000| PB 0x0000000700800000| Untracked 
|   5|0x0000000700a00000, 0x0000000700c00000, 0x0000000700c00000|100%| O|  |TAMS 0x0000000700a00000| PB 0x0000000700a00000| Untracked 
|   6|0x0000000700c00000, 0x0000000700e00000, 0x0000000700e00000|100%| O|  |TAMS 0x0000000700c00000| PB 0x0000000700c00000| Untracked 
|   7|0x0000000700e00000, 0x0000000701000000, 0x0000000701000000|100%| O|  |TAMS 0x0000000700e00000| PB 0x0000000700e00000| Untracked 
|   8|0x0000000701000000, 0x0000000701200000, 0x0000000701200000|100%| O|  |TAMS 0x0000000701000000| PB 0x0000000701000000| Untracked 
|   9|0x0000000701200000, 0x0000000701400000, 0x0000000701400000|100%| O|  |TAMS 0x0000000701200000| PB 0x0000000701200000| Untracked 
|  10|0x0000000701400000, 0x0000000701600000, 0x0000000701600000|100%| O|  |TAMS 0x0000000701400000| PB 0x0000000701400000| Untracked 
|  11|0x0000000701600000, 0x0000000701800000, 0x0000000701800000|100%| O|  |TAMS 0x0000000701600000| PB 0x0000000701600000| Untracked 
|  12|0x0000000701800000, 0x0000000701a00000, 0x0000000701a00000|100%| O|  |TAMS 0x0000000701800000| PB 0x0000000701800000| Untracked 
|  13|0x0000000701a00000, 0x0000000701c00000, 0x0000000701c00000|100%| O|  |TAMS 0x0000000701a00000| PB 0x0000000701a00000| Untracked 
|  14|0x0000000701c00000, 0x0000000701e00000, 0x0000000701e00000|100%| O|  |TAMS 0x0000000701c00000| PB 0x0000000701c00000| Untracked 
|  15|0x0000000701e00000, 0x0000000702000000, 0x0000000702000000|100%| O|  |TAMS 0x0000000701e00000| PB 0x0000000701e00000| Untracked 
|  16|0x0000000702000000, 0x0000000702200000, 0x0000000702200000|100%| O|  |TAMS 0x0000000702000000| PB 0x0000000702000000| Untracked 
|  17|0x0000000702200000, 0x0000000702400000, 0x0000000702400000|100%| O|  |TAMS 0x0000000702200000| PB 0x0000000702200000| Untracked 
|  18|0x0000000702400000, 0x0000000702600000, 0x0000000702600000|100%| O|  |TAMS 0x0000000702400000| PB 0x0000000702400000| Untracked 
|  19|0x0000000702600000, 0x0000000702800000, 0x0000000702800000|100%| O|  |TAMS 0x0000000702600000| PB 0x0000000702600000| Untracked 
|  20|0x0000000702800000, 0x0000000702a00000, 0x0000000702a00000|100%| O|  |TAMS 0x0000000702800000| PB 0x0000000702800000| Untracked 
|  21|0x0000000702a00000, 0x0000000702c00000, 0x0000000702c00000|100%| O|  |TAMS 0x0000000702a00000| PB 0x0000000702a00000| Untracked 
|  22|0x0000000702c00000, 0x0000000702e00000, 0x0000000702e00000|100%| O|  |TAMS 0x0000000702c00000| PB 0x0000000702c00000| Untracked 
|  23|0x0000000702e00000, 0x0000000703000000, 0x0000000703000000|100%|HS|  |TAMS 0x0000000702e00000| PB 0x0000000702e00000| Complete 
|  24|0x0000000703000000, 0x0000000703000000, 0x0000000703200000|  0%| F|  |TAMS 0x0000000703000000| PB 0x0000000703000000| Untracked 
|  25|0x0000000703200000, 0x0000000703400000, 0x0000000703400000|100%| O|  |TAMS 0x0000000703200000| PB 0x0000000703200000| Untracked 
|  26|0x0000000703400000, 0x0000000703600000, 0x0000000703600000|100%| O|  |TAMS 0x0000000703400000| PB 0x0000000703400000| Untracked 
|  27|0x0000000703600000, 0x0000000703800000, 0x0000000703800000|100%| O|  |TAMS 0x0000000703600000| PB 0x0000000703600000| Untracked 
|  28|0x0000000703800000, 0x0000000703a00000, 0x0000000703a00000|100%| O|  |TAMS 0x0000000703800000| PB 0x0000000703800000| Untracked 
|  29|0x0000000703a00000, 0x0000000703c00000, 0x0000000703c00000|100%| O|  |TAMS 0x0000000703a00000| PB 0x0000000703a00000| Untracked 
|  30|0x0000000703c00000, 0x0000000703e00000, 0x0000000703e00000|100%| O|  |TAMS 0x0000000703c00000| PB 0x0000000703c00000| Untracked 
|  31|0x0000000703e00000, 0x0000000704000000, 0x0000000704000000|100%| O|  |TAMS 0x0000000703e00000| PB 0x0000000703e00000| Untracked 
|  32|0x0000000704000000, 0x0000000704200000, 0x0000000704200000|100%| O|  |TAMS 0x0000000704000000| PB 0x0000000704000000| Untracked 
|  33|0x0000000704200000, 0x0000000704400000, 0x0000000704400000|100%|HS|  |TAMS 0x0000000704200000| PB 0x0000000704200000| Complete 
|  34|0x0000000704400000, 0x0000000704600000, 0x0000000704600000|100%| O|  |TAMS 0x0000000704400000| PB 0x0000000704400000| Untracked 
|  35|0x0000000704600000, 0x0000000704800000, 0x0000000704800000|100%| O|  |TAMS 0x0000000704600000| PB 0x0000000704600000| Untracked 
|  36|0x0000000704800000, 0x0000000704a00000, 0x0000000704a00000|100%| O|  |TAMS 0x0000000704800000| PB 0x0000000704800000| Untracked 
|  37|0x0000000704a00000, 0x0000000704c00000, 0x0000000704c00000|100%| O|  |TAMS 0x0000000704a00000| PB 0x0000000704a00000| Untracked 
|  38|0x0000000704c00000, 0x0000000704e00000, 0x0000000704e00000|100%| O|  |TAMS 0x0000000704c00000| PB 0x0000000704c00000| Untracked 
|  39|0x0000000704e00000, 0x0000000705000000, 0x0000000705000000|100%|HS|  |TAMS 0x0000000704e00000| PB 0x0000000704e00000| Complete 
|  40|0x0000000705000000, 0x0000000705200000, 0x0000000705200000|100%| O|  |TAMS 0x0000000705000000| PB 0x0000000705000000| Untracked 
|  41|0x0000000705200000, 0x0000000705400000, 0x0000000705400000|100%| O|  |TAMS 0x0000000705200000| PB 0x0000000705200000| Untracked 
|  42|0x0000000705400000, 0x0000000705600000, 0x0000000705600000|100%| O|  |TAMS 0x0000000705400000| PB 0x0000000705400000| Untracked 
|  43|0x0000000705600000, 0x0000000705800000, 0x0000000705800000|100%| O|  |TAMS 0x0000000705600000| PB 0x0000000705600000| Untracked 
|  44|0x0000000705800000, 0x0000000705a00000, 0x0000000705a00000|100%| O|  |TAMS 0x0000000705800000| PB 0x0000000705800000| Untracked 
|  45|0x0000000705a00000, 0x0000000705c00000, 0x0000000705c00000|100%| O|  |TAMS 0x0000000705a00000| PB 0x0000000705a00000| Untracked 
|  46|0x0000000705c00000, 0x0000000705e00000, 0x0000000705e00000|100%| O|  |TAMS 0x0000000705c00000| PB 0x0000000705c00000| Untracked 
|  47|0x0000000705e00000, 0x0000000706000000, 0x0000000706000000|100%| O|  |TAMS 0x0000000705e00000| PB 0x0000000705e00000| Untracked 
|  48|0x0000000706000000, 0x0000000706200000, 0x0000000706200000|100%| O|  |TAMS 0x0000000706000000| PB 0x0000000706000000| Untracked 
|  49|0x0000000706200000, 0x0000000706400000, 0x0000000706400000|100%| O|  |TAMS 0x0000000706200000| PB 0x0000000706200000| Untracked 
|  50|0x0000000706400000, 0x0000000706600000, 0x0000000706600000|100%| O|  |TAMS 0x0000000706400000| PB 0x0000000706400000| Untracked 
|  51|0x0000000706600000, 0x0000000706800000, 0x0000000706800000|100%| O|  |TAMS 0x0000000706600000| PB 0x0000000706600000| Untracked 
|  52|0x0000000706800000, 0x0000000706a00000, 0x0000000706a00000|100%| O|  |TAMS 0x0000000706800000| PB 0x0000000706800000| Untracked 
|  53|0x0000000706a00000, 0x0000000706c00000, 0x0000000706c00000|100%|HS|  |TAMS 0x0000000706a00000| PB 0x0000000706a00000| Complete 
|  54|0x0000000706c00000, 0x0000000706e00000, 0x0000000706e00000|100%|HC|  |TAMS 0x0000000706c00000| PB 0x0000000706c00000| Complete 
|  55|0x0000000706e00000, 0x0000000707000000, 0x0000000707000000|100%| O|  |TAMS 0x0000000706e00000| PB 0x0000000706e00000| Untracked 
|  56|0x0000000707000000, 0x0000000707200000, 0x0000000707200000|100%| O|  |TAMS 0x0000000707000000| PB 0x0000000707000000| Untracked 
|  57|0x0000000707200000, 0x0000000707400000, 0x0000000707400000|100%| O|  |TAMS 0x0000000707200000| PB 0x0000000707200000| Untracked 
|  58|0x0000000707400000, 0x0000000707600000, 0x0000000707600000|100%| O|  |TAMS 0x0000000707400000| PB 0x0000000707400000| Untracked 
|  59|0x0000000707600000, 0x0000000707800000, 0x0000000707800000|100%| O|  |TAMS 0x0000000707600000| PB 0x0000000707600000| Untracked 
|  60|0x0000000707800000, 0x0000000707a00000, 0x0000000707a00000|100%| O|  |TAMS 0x0000000707800000| PB 0x0000000707800000| Untracked 
|  61|0x0000000707a00000, 0x0000000707c00000, 0x0000000707c00000|100%| O|  |TAMS 0x0000000707a00000| PB 0x0000000707a00000| Untracked 
|  62|0x0000000707c00000, 0x0000000707e00000, 0x0000000707e00000|100%| O|  |TAMS 0x0000000707c00000| PB 0x0000000707c00000| Untracked 
|  63|0x0000000707e00000, 0x0000000708000000, 0x0000000708000000|100%| O|  |TAMS 0x0000000707e00000| PB 0x0000000707e00000| Untracked 
|  64|0x0000000708000000, 0x0000000708200000, 0x0000000708200000|100%| O|  |TAMS 0x0000000708000000| PB 0x0000000708000000| Untracked 
|  65|0x0000000708200000, 0x0000000708400000, 0x0000000708400000|100%| O|  |TAMS 0x0000000708200000| PB 0x0000000708200000| Untracked 
|  66|0x0000000708400000, 0x0000000708600000, 0x0000000708600000|100%| O|  |TAMS 0x0000000708400000| PB 0x0000000708400000| Untracked 
|  67|0x0000000708600000, 0x0000000708800000, 0x0000000708800000|100%| O|  |TAMS 0x0000000708600000| PB 0x0000000708600000| Untracked 
|  68|0x0000000708800000, 0x0000000708a00000, 0x0000000708a00000|100%| O|  |TAMS 0x0000000708800000| PB 0x0000000708800000| Untracked 
|  69|0x0000000708a00000, 0x0000000708c00000, 0x0000000708c00000|100%| O|  |TAMS 0x0000000708a00000| PB 0x0000000708a00000| Untracked 
|  70|0x0000000708c00000, 0x0000000708c00000, 0x0000000708e00000|  0%| F|  |TAMS 0x0000000708c00000| PB 0x0000000708c00000| Untracked 
|  71|0x0000000708e00000, 0x0000000709000000, 0x0000000709000000|100%|HS|  |TAMS 0x0000000708e00000| PB 0x0000000708e00000| Complete 
|  72|0x0000000709000000, 0x0000000709200000, 0x0000000709200000|100%| O|  |TAMS 0x0000000709000000| PB 0x0000000709000000| Untracked 
|  73|0x0000000709200000, 0x0000000709400000, 0x0000000709400000|100%| O|  |TAMS 0x0000000709200000| PB 0x0000000709200000| Untracked 
|  74|0x0000000709400000, 0x0000000709600000, 0x0000000709600000|100%| O|  |TAMS 0x0000000709400000| PB 0x0000000709400000| Untracked 
|  75|0x0000000709600000, 0x0000000709800000, 0x0000000709800000|100%| O|  |TAMS 0x0000000709600000| PB 0x0000000709600000| Untracked 
|  76|0x0000000709800000, 0x0000000709a00000, 0x0000000709a00000|100%| O|  |TAMS 0x0000000709800000| PB 0x0000000709800000| Untracked 
|  77|0x0000000709a00000, 0x0000000709c00000, 0x0000000709c00000|100%| O|  |TAMS 0x0000000709a00000| PB 0x0000000709a00000| Untracked 
|  78|0x0000000709c00000, 0x0000000709e00000, 0x0000000709e00000|100%| O|  |TAMS 0x0000000709c00000| PB 0x0000000709c00000| Untracked 
|  79|0x0000000709e00000, 0x000000070a000000, 0x000000070a000000|100%| O|  |TAMS 0x0000000709e00000| PB 0x0000000709e00000| Untracked 
|  80|0x000000070a000000, 0x000000070a200000, 0x000000070a200000|100%| O|  |TAMS 0x000000070a000000| PB 0x000000070a000000| Untracked 
|  81|0x000000070a200000, 0x000000070a400000, 0x000000070a400000|100%| O|  |TAMS 0x000000070a200000| PB 0x000000070a200000| Untracked 
|  82|0x000000070a400000, 0x000000070a600000, 0x000000070a600000|100%| O|  |TAMS 0x000000070a400000| PB 0x000000070a400000| Untracked 
|  83|0x000000070a600000, 0x000000070a800000, 0x000000070a800000|100%| O|  |TAMS 0x000000070a600000| PB 0x000000070a600000| Untracked 
|  84|0x000000070a800000, 0x000000070aa00000, 0x000000070aa00000|100%| O|  |TAMS 0x000000070a800000| PB 0x000000070a800000| Untracked 
|  85|0x000000070aa00000, 0x000000070ac00000, 0x000000070ac00000|100%| O|  |TAMS 0x000000070aa00000| PB 0x000000070aa00000| Untracked 
|  86|0x000000070ac00000, 0x000000070ae00000, 0x000000070ae00000|100%| O|  |TAMS 0x000000070ac00000| PB 0x000000070ac00000| Untracked 
|  87|0x000000070ae00000, 0x000000070b000000, 0x000000070b000000|100%| O|  |TAMS 0x000000070ae00000| PB 0x000000070ae00000| Untracked 
|  88|0x000000070b000000, 0x000000070b200000, 0x000000070b200000|100%| O|  |TAMS 0x000000070b000000| PB 0x000000070b000000| Untracked 
|  89|0x000000070b200000, 0x000000070b400000, 0x000000070b400000|100%| O|  |TAMS 0x000000070b200000| PB 0x000000070b200000| Untracked 
|  90|0x000000070b400000, 0x000000070b600000, 0x000000070b600000|100%| O|  |TAMS 0x000000070b400000| PB 0x000000070b400000| Untracked 
|  91|0x000000070b600000, 0x000000070b800000, 0x000000070b800000|100%| O|  |TAMS 0x000000070b600000| PB 0x000000070b600000| Untracked 
|  92|0x000000070b800000, 0x000000070ba00000, 0x000000070ba00000|100%| O|  |TAMS 0x000000070b800000| PB 0x000000070b800000| Untracked 
|  93|0x000000070ba00000, 0x000000070bc00000, 0x000000070bc00000|100%| O|  |TAMS 0x000000070ba00000| PB 0x000000070ba00000| Untracked 
|  94|0x000000070bc00000, 0x000000070be00000, 0x000000070be00000|100%| O|  |TAMS 0x000000070bc00000| PB 0x000000070bc00000| Untracked 
|  95|0x000000070be00000, 0x000000070c000000, 0x000000070c000000|100%| O|  |TAMS 0x000000070be00000| PB 0x000000070be00000| Untracked 
|  96|0x000000070c000000, 0x000000070c200000, 0x000000070c200000|100%| O|  |TAMS 0x000000070c000000| PB 0x000000070c000000| Untracked 
|  97|0x000000070c200000, 0x000000070c400000, 0x000000070c400000|100%| O|  |TAMS 0x000000070c200000| PB 0x000000070c200000| Untracked 
|  98|0x000000070c400000, 0x000000070c600000, 0x000000070c600000|100%| O|  |TAMS 0x000000070c400000| PB 0x000000070c400000| Untracked 
|  99|0x000000070c600000, 0x000000070c800000, 0x000000070c800000|100%| O|  |TAMS 0x000000070c600000| PB 0x000000070c600000| Untracked 
| 100|0x000000070c800000, 0x000000070ca00000, 0x000000070ca00000|100%| O|  |TAMS 0x000000070c800000| PB 0x000000070c800000| Untracked 
| 101|0x000000070ca00000, 0x000000070cc00000, 0x000000070cc00000|100%| O|  |TAMS 0x000000070ca00000| PB 0x000000070ca00000| Untracked 
| 102|0x000000070cc00000, 0x000000070ce00000, 0x000000070ce00000|100%| O|  |TAMS 0x000000070cc00000| PB 0x000000070cc00000| Untracked 
| 103|0x000000070ce00000, 0x000000070d000000, 0x000000070d000000|100%| O|  |TAMS 0x000000070ce00000| PB 0x000000070ce00000| Untracked 
| 104|0x000000070d000000, 0x000000070d200000, 0x000000070d200000|100%| O|  |TAMS 0x000000070d000000| PB 0x000000070d000000| Untracked 
| 105|0x000000070d200000, 0x000000070d400000, 0x000000070d400000|100%| O|  |TAMS 0x000000070d200000| PB 0x000000070d200000| Untracked 
| 106|0x000000070d400000, 0x000000070d600000, 0x000000070d600000|100%| O|  |TAMS 0x000000070d400000| PB 0x000000070d400000| Untracked 
| 107|0x000000070d600000, 0x000000070d800000, 0x000000070d800000|100%| O|  |TAMS 0x000000070d600000| PB 0x000000070d600000| Untracked 
| 108|0x000000070d800000, 0x000000070da00000, 0x000000070da00000|100%| O|  |TAMS 0x000000070d800000| PB 0x000000070d800000| Untracked 
| 109|0x000000070da00000, 0x000000070dc00000, 0x000000070dc00000|100%| O|  |TAMS 0x000000070da00000| PB 0x000000070da00000| Untracked 
| 110|0x000000070dc00000, 0x000000070de00000, 0x000000070de00000|100%| O|  |TAMS 0x000000070dc00000| PB 0x000000070dc00000| Untracked 
| 111|0x000000070de00000, 0x000000070e000000, 0x000000070e000000|100%| O|  |TAMS 0x000000070de00000| PB 0x000000070de00000| Untracked 
| 112|0x000000070e000000, 0x000000070e200000, 0x000000070e200000|100%| O|  |TAMS 0x000000070e000000| PB 0x000000070e000000| Untracked 
| 113|0x000000070e200000, 0x000000070e400000, 0x000000070e400000|100%| O|  |TAMS 0x000000070e200000| PB 0x000000070e200000| Untracked 
| 114|0x000000070e400000, 0x000000070e600000, 0x000000070e600000|100%| O|  |TAMS 0x000000070e400000| PB 0x000000070e400000| Untracked 
| 115|0x000000070e600000, 0x000000070e800000, 0x000000070e800000|100%| O|  |TAMS 0x000000070e600000| PB 0x000000070e600000| Untracked 
| 116|0x000000070e800000, 0x000000070ea00000, 0x000000070ea00000|100%| O|  |TAMS 0x000000070e800000| PB 0x000000070e800000| Untracked 
| 117|0x000000070ea00000, 0x000000070ec00000, 0x000000070ec00000|100%| O|  |TAMS 0x000000070ea00000| PB 0x000000070ea00000| Untracked 
| 118|0x000000070ec00000, 0x000000070ee00000, 0x000000070ee00000|100%| O|  |TAMS 0x000000070ec00000| PB 0x000000070ec00000| Untracked 
| 119|0x000000070ee00000, 0x000000070f000000, 0x000000070f000000|100%| O|  |TAMS 0x000000070ee00000| PB 0x000000070ee00000| Untracked 
| 120|0x000000070f000000, 0x000000070f200000, 0x000000070f200000|100%| O|  |TAMS 0x000000070f000000| PB 0x000000070f000000| Untracked 
| 121|0x000000070f200000, 0x000000070f400000, 0x000000070f400000|100%| O|  |TAMS 0x000000070f200000| PB 0x000000070f200000| Untracked 
| 122|0x000000070f400000, 0x000000070f600000, 0x000000070f600000|100%| O|  |TAMS 0x000000070f400000| PB 0x000000070f400000| Untracked 
| 123|0x000000070f600000, 0x000000070f800000, 0x000000070f800000|100%| O|  |TAMS 0x000000070f600000| PB 0x000000070f600000| Untracked 
| 124|0x000000070f800000, 0x000000070fa00000, 0x000000070fa00000|100%| O|  |TAMS 0x000000070f800000| PB 0x000000070f800000| Untracked 
| 125|0x000000070fa00000, 0x000000070fc00000, 0x000000070fc00000|100%| O|  |TAMS 0x000000070fa00000| PB 0x000000070fa00000| Untracked 
| 126|0x000000070fc00000, 0x000000070fe00000, 0x000000070fe00000|100%| O|  |TAMS 0x000000070fc00000| PB 0x000000070fc00000| Untracked 
| 127|0x000000070fe00000, 0x0000000710000000, 0x0000000710000000|100%| O|  |TAMS 0x000000070fe00000| PB 0x000000070fe00000| Untracked 
| 128|0x0000000710000000, 0x0000000710200000, 0x0000000710200000|100%| O|  |TAMS 0x0000000710000000| PB 0x0000000710000000| Untracked 
| 129|0x0000000710200000, 0x0000000710400000, 0x0000000710400000|100%| O|  |TAMS 0x0000000710200000| PB 0x0000000710200000| Untracked 
| 130|0x0000000710400000, 0x0000000710600000, 0x0000000710600000|100%| O|  |TAMS 0x0000000710400000| PB 0x0000000710400000| Untracked 
| 131|0x0000000710600000, 0x0000000710800000, 0x0000000710800000|100%| O|  |TAMS 0x0000000710600000| PB 0x0000000710600000| Untracked 
| 132|0x0000000710800000, 0x0000000710a00000, 0x0000000710a00000|100%| O|  |TAMS 0x0000000710800000| PB 0x0000000710800000| Untracked 
| 133|0x0000000710a00000, 0x0000000710c00000, 0x0000000710c00000|100%| O|  |TAMS 0x0000000710a00000| PB 0x0000000710a00000| Untracked 
| 134|0x0000000710c00000, 0x0000000710e00000, 0x0000000710e00000|100%| O|  |TAMS 0x0000000710c00000| PB 0x0000000710c00000| Untracked 
| 135|0x0000000710e00000, 0x0000000711000000, 0x0000000711000000|100%| O|  |TAMS 0x0000000710e00000| PB 0x0000000710e00000| Untracked 
| 136|0x0000000711000000, 0x0000000711200000, 0x0000000711200000|100%| O|  |TAMS 0x0000000711000000| PB 0x0000000711000000| Untracked 
| 137|0x0000000711200000, 0x0000000711400000, 0x0000000711400000|100%| O|  |TAMS 0x0000000711200000| PB 0x0000000711200000| Untracked 
| 138|0x0000000711400000, 0x0000000711600000, 0x0000000711600000|100%| O|  |TAMS 0x0000000711400000| PB 0x0000000711400000| Untracked 
| 139|0x0000000711600000, 0x0000000711800000, 0x0000000711800000|100%| O|  |TAMS 0x0000000711600000| PB 0x0000000711600000| Untracked 
| 140|0x0000000711800000, 0x0000000711a00000, 0x0000000711a00000|100%| O|  |TAMS 0x0000000711800000| PB 0x0000000711800000| Untracked 
| 141|0x0000000711a00000, 0x0000000711c00000, 0x0000000711c00000|100%| O|  |TAMS 0x0000000711a00000| PB 0x0000000711a00000| Untracked 
| 142|0x0000000711c00000, 0x0000000711e00000, 0x0000000711e00000|100%| O|  |TAMS 0x0000000711c00000| PB 0x0000000711c00000| Untracked 
| 143|0x0000000711e00000, 0x0000000712000000, 0x0000000712000000|100%| O|  |TAMS 0x0000000711e00000| PB 0x0000000711e00000| Untracked 
| 144|0x0000000712000000, 0x0000000712200000, 0x0000000712200000|100%| O|  |TAMS 0x0000000712000000| PB 0x0000000712000000| Untracked 
| 145|0x0000000712200000, 0x0000000712400000, 0x0000000712400000|100%| O|  |TAMS 0x0000000712200000| PB 0x0000000712200000| Untracked 
| 146|0x0000000712400000, 0x0000000712600000, 0x0000000712600000|100%| O|  |TAMS 0x0000000712400000| PB 0x0000000712400000| Untracked 
| 147|0x0000000712600000, 0x0000000712800000, 0x0000000712800000|100%| O|  |TAMS 0x0000000712600000| PB 0x0000000712600000| Untracked 
| 148|0x0000000712800000, 0x0000000712a00000, 0x0000000712a00000|100%| O|  |TAMS 0x0000000712800000| PB 0x0000000712800000| Untracked 
| 149|0x0000000712a00000, 0x0000000712c00000, 0x0000000712c00000|100%| O|  |TAMS 0x0000000712a00000| PB 0x0000000712a00000| Untracked 
| 150|0x0000000712c00000, 0x0000000712e00000, 0x0000000712e00000|100%| O|  |TAMS 0x0000000712c00000| PB 0x0000000712c00000| Untracked 
| 151|0x0000000712e00000, 0x0000000713000000, 0x0000000713000000|100%| O|  |TAMS 0x0000000712e00000| PB 0x0000000712e00000| Untracked 
| 152|0x0000000713000000, 0x0000000713200000, 0x0000000713200000|100%| O|  |TAMS 0x0000000713000000| PB 0x0000000713000000| Untracked 
| 153|0x0000000713200000, 0x0000000713400000, 0x0000000713400000|100%| O|  |TAMS 0x0000000713200000| PB 0x0000000713200000| Untracked 
| 154|0x0000000713400000, 0x0000000713600000, 0x0000000713600000|100%| O|  |TAMS 0x0000000713400000| PB 0x0000000713400000| Untracked 
| 155|0x0000000713600000, 0x0000000713800000, 0x0000000713800000|100%| O|  |TAMS 0x0000000713600000| PB 0x0000000713600000| Untracked 
| 156|0x0000000713800000, 0x0000000713a00000, 0x0000000713a00000|100%|HS|  |TAMS 0x0000000713800000| PB 0x0000000713800000| Complete 
| 157|0x0000000713a00000, 0x0000000713c00000, 0x0000000713c00000|100%|HC|  |TAMS 0x0000000713a00000| PB 0x0000000713a00000| Complete 
| 158|0x0000000713c00000, 0x0000000713e00000, 0x0000000713e00000|100%| O|  |TAMS 0x0000000713c00000| PB 0x0000000713c00000| Untracked 
| 159|0x0000000713e00000, 0x0000000714000000, 0x0000000714000000|100%| O|  |TAMS 0x0000000713e00000| PB 0x0000000713e00000| Untracked 
| 160|0x0000000714000000, 0x0000000714200000, 0x0000000714200000|100%| O|  |TAMS 0x0000000714000000| PB 0x0000000714000000| Untracked 
| 161|0x0000000714200000, 0x0000000714400000, 0x0000000714400000|100%| O|  |TAMS 0x0000000714200000| PB 0x0000000714200000| Untracked 
| 162|0x0000000714400000, 0x0000000714400000, 0x0000000714600000|  0%| F|  |TAMS 0x0000000714400000| PB 0x0000000714400000| Untracked 
| 163|0x0000000714600000, 0x0000000714800000, 0x0000000714800000|100%| O|  |TAMS 0x0000000714600000| PB 0x0000000714600000| Untracked 
| 164|0x0000000714800000, 0x0000000714a00000, 0x0000000714a00000|100%| O|  |TAMS 0x0000000714800000| PB 0x0000000714800000| Untracked 
| 165|0x0000000714a00000, 0x0000000714c00000, 0x0000000714c00000|100%| O|  |TAMS 0x0000000714a00000| PB 0x0000000714a00000| Untracked 
| 166|0x0000000714c00000, 0x0000000714e00000, 0x0000000714e00000|100%| O|  |TAMS 0x0000000714c00000| PB 0x0000000714c00000| Untracked 
| 167|0x0000000714e00000, 0x0000000715000000, 0x0000000715000000|100%| O|  |TAMS 0x0000000714e00000| PB 0x0000000714e00000| Untracked 
| 168|0x0000000715000000, 0x0000000715200000, 0x0000000715200000|100%| O|  |TAMS 0x0000000715000000| PB 0x0000000715000000| Untracked 
| 169|0x0000000715200000, 0x0000000715400000, 0x0000000715400000|100%| O|  |TAMS 0x0000000715200000| PB 0x0000000715200000| Untracked 
| 170|0x0000000715400000, 0x0000000715600000, 0x0000000715600000|100%| O|  |TAMS 0x0000000715400000| PB 0x0000000715400000| Untracked 
| 171|0x0000000715600000, 0x0000000715800000, 0x0000000715800000|100%| O|  |TAMS 0x0000000715600000| PB 0x0000000715600000| Untracked 
| 172|0x0000000715800000, 0x0000000715a00000, 0x0000000715a00000|100%| O|  |TAMS 0x0000000715800000| PB 0x0000000715800000| Untracked 
| 173|0x0000000715a00000, 0x0000000715c00000, 0x0000000715c00000|100%| O|  |TAMS 0x0000000715a00000| PB 0x0000000715a00000| Untracked 
| 174|0x0000000715c00000, 0x0000000715e00000, 0x0000000715e00000|100%| O|  |TAMS 0x0000000715c00000| PB 0x0000000715c00000| Untracked 
| 175|0x0000000715e00000, 0x0000000716000000, 0x0000000716000000|100%| O|  |TAMS 0x0000000715e00000| PB 0x0000000715e00000| Untracked 
| 176|0x0000000716000000, 0x0000000716200000, 0x0000000716200000|100%| O|  |TAMS 0x0000000716000000| PB 0x0000000716000000| Untracked 
| 177|0x0000000716200000, 0x0000000716400000, 0x0000000716400000|100%| O|  |TAMS 0x0000000716200000| PB 0x0000000716200000| Untracked 
| 178|0x0000000716400000, 0x0000000716400000, 0x0000000716600000|  0%| F|  |TAMS 0x0000000716400000| PB 0x0000000716400000| Untracked 
| 179|0x0000000716600000, 0x0000000716600000, 0x0000000716800000|  0%| F|  |TAMS 0x0000000716600000| PB 0x0000000716600000| Untracked 
| 180|0x0000000716800000, 0x0000000716a00000, 0x0000000716a00000|100%| O|  |TAMS 0x0000000716800000| PB 0x0000000716800000| Untracked 
| 181|0x0000000716a00000, 0x0000000716c00000, 0x0000000716c00000|100%| O|  |TAMS 0x0000000716a00000| PB 0x0000000716a00000| Untracked 
| 182|0x0000000716c00000, 0x0000000716e00000, 0x0000000716e00000|100%| O|  |TAMS 0x0000000716c00000| PB 0x0000000716c00000| Untracked 
| 183|0x0000000716e00000, 0x0000000717000000, 0x0000000717000000|100%| O|  |TAMS 0x0000000716e00000| PB 0x0000000716e00000| Untracked 
| 184|0x0000000717000000, 0x0000000717200000, 0x0000000717200000|100%| O|  |TAMS 0x0000000717000000| PB 0x0000000717000000| Untracked 
| 185|0x0000000717200000, 0x0000000717400000, 0x0000000717400000|100%| O|  |TAMS 0x0000000717200000| PB 0x0000000717200000| Untracked 
| 186|0x0000000717400000, 0x0000000717400000, 0x0000000717600000|  0%| F|  |TAMS 0x0000000717400000| PB 0x0000000717400000| Untracked 
| 187|0x0000000717600000, 0x0000000717800000, 0x0000000717800000|100%| O|  |TAMS 0x0000000717600000| PB 0x0000000717600000| Untracked 
| 188|0x0000000717800000, 0x0000000717a00000, 0x0000000717a00000|100%| O|  |TAMS 0x0000000717800000| PB 0x0000000717800000| Untracked 
| 189|0x0000000717a00000, 0x0000000717c00000, 0x0000000717c00000|100%| O|  |TAMS 0x0000000717a00000| PB 0x0000000717a00000| Untracked 
| 190|0x0000000717c00000, 0x0000000717e00000, 0x0000000717e00000|100%| O|  |TAMS 0x0000000717c00000| PB 0x0000000717c00000| Untracked 
| 191|0x0000000717e00000, 0x0000000718000000, 0x0000000718000000|100%| O|  |TAMS 0x0000000717e00000| PB 0x0000000717e00000| Untracked 
| 192|0x0000000718000000, 0x0000000718200000, 0x0000000718200000|100%| O|  |TAMS 0x0000000718000000| PB 0x0000000718000000| Untracked 
| 193|0x0000000718200000, 0x0000000718200000, 0x0000000718400000|  0%| F|  |TAMS 0x0000000718200000| PB 0x0000000718200000| Untracked 
| 194|0x0000000718400000, 0x0000000718600000, 0x0000000718600000|100%| O|  |TAMS 0x0000000718400000| PB 0x0000000718400000| Untracked 
| 195|0x0000000718600000, 0x0000000718800000, 0x0000000718800000|100%| O|  |TAMS 0x0000000718600000| PB 0x0000000718600000| Untracked 
| 196|0x0000000718800000, 0x0000000718a00000, 0x0000000718a00000|100%| O|  |TAMS 0x0000000718800000| PB 0x0000000718800000| Untracked 
| 197|0x0000000718a00000, 0x0000000718c00000, 0x0000000718c00000|100%| O|  |TAMS 0x0000000718a00000| PB 0x0000000718a00000| Untracked 
| 198|0x0000000718c00000, 0x0000000718ccea00, 0x0000000718e00000| 40%| O|  |TAMS 0x0000000718c00000| PB 0x0000000718c00000| Untracked 
| 199|0x0000000718e00000, 0x0000000719000000, 0x0000000719000000|100%| O|  |TAMS 0x0000000718e00000| PB 0x0000000718e00000| Untracked 
| 200|0x0000000719000000, 0x0000000719200000, 0x0000000719200000|100%| O|  |TAMS 0x0000000719000000| PB 0x0000000719000000| Untracked 
| 201|0x0000000719200000, 0x0000000719400000, 0x0000000719400000|100%| O|  |TAMS 0x0000000719200000| PB 0x0000000719200000| Untracked 
| 202|0x0000000719400000, 0x0000000719400000, 0x0000000719600000|  0%| F|  |TAMS 0x0000000719400000| PB 0x0000000719400000| Untracked 
| 203|0x0000000719600000, 0x0000000719600000, 0x0000000719800000|  0%| F|  |TAMS 0x0000000719600000| PB 0x0000000719600000| Untracked 
| 204|0x0000000719800000, 0x0000000719800000, 0x0000000719a00000|  0%| F|  |TAMS 0x0000000719800000| PB 0x0000000719800000| Untracked 
| 205|0x0000000719a00000, 0x0000000719a00000, 0x0000000719c00000|  0%| F|  |TAMS 0x0000000719a00000| PB 0x0000000719a00000| Untracked 
| 206|0x0000000719c00000, 0x0000000719e00000, 0x0000000719e00000|100%| O|  |TAMS 0x0000000719c00000| PB 0x0000000719c00000| Untracked 
| 207|0x0000000719e00000, 0x000000071a000000, 0x000000071a000000|100%| O|  |TAMS 0x0000000719e00000| PB 0x0000000719e00000| Untracked 
| 208|0x000000071a000000, 0x000000071a200000, 0x000000071a200000|100%| O|  |TAMS 0x000000071a000000| PB 0x000000071a000000| Untracked 
| 209|0x000000071a200000, 0x000000071a200000, 0x000000071a400000|  0%| F|  |TAMS 0x000000071a200000| PB 0x000000071a200000| Untracked 
| 210|0x000000071a400000, 0x000000071a600000, 0x000000071a600000|100%| O|  |TAMS 0x000000071a400000| PB 0x000000071a400000| Untracked 
| 211|0x000000071a600000, 0x000000071a800000, 0x000000071a800000|100%| O|  |TAMS 0x000000071a600000| PB 0x000000071a600000| Untracked 
| 212|0x000000071a800000, 0x000000071a800000, 0x000000071aa00000|  0%| F|  |TAMS 0x000000071a800000| PB 0x000000071a800000| Untracked 
| 213|0x000000071aa00000, 0x000000071ac00000, 0x000000071ac00000|100%| O|  |TAMS 0x000000071aa00000| PB 0x000000071aa00000| Untracked 
| 214|0x000000071ac00000, 0x000000071ae00000, 0x000000071ae00000|100%| O|  |TAMS 0x000000071ac00000| PB 0x000000071ac00000| Untracked 
| 215|0x000000071ae00000, 0x000000071b000000, 0x000000071b000000|100%| O|  |TAMS 0x000000071ae00000| PB 0x000000071ae00000| Untracked 
| 216|0x000000071b000000, 0x000000071b200000, 0x000000071b200000|100%| O|  |TAMS 0x000000071b000000| PB 0x000000071b000000| Untracked 
| 217|0x000000071b200000, 0x000000071b200000, 0x000000071b400000|  0%| F|  |TAMS 0x000000071b200000| PB 0x000000071b200000| Untracked 
| 218|0x000000071b400000, 0x000000071b400000, 0x000000071b600000|  0%| F|  |TAMS 0x000000071b400000| PB 0x000000071b400000| Untracked 
| 219|0x000000071b600000, 0x000000071b600000, 0x000000071b800000|  0%| F|  |TAMS 0x000000071b600000| PB 0x000000071b600000| Untracked 
| 220|0x000000071b800000, 0x000000071b800000, 0x000000071ba00000|  0%| F|  |TAMS 0x000000071b800000| PB 0x000000071b800000| Untracked 
| 221|0x000000071ba00000, 0x000000071ba00000, 0x000000071bc00000|  0%| F|  |TAMS 0x000000071ba00000| PB 0x000000071ba00000| Untracked 
| 222|0x000000071bc00000, 0x000000071bc00000, 0x000000071be00000|  0%| F|  |TAMS 0x000000071bc00000| PB 0x000000071bc00000| Untracked 
| 223|0x000000071be00000, 0x000000071c000000, 0x000000071c000000|100%| O|  |TAMS 0x000000071be00000| PB 0x000000071be00000| Untracked 
| 224|0x000000071c000000, 0x000000071c200000, 0x000000071c200000|100%| O|  |TAMS 0x000000071c000000| PB 0x000000071c000000| Untracked 
| 225|0x000000071c200000, 0x000000071c400000, 0x000000071c400000|100%| O|  |TAMS 0x000000071c200000| PB 0x000000071c200000| Untracked 
| 226|0x000000071c400000, 0x000000071c600000, 0x000000071c600000|100%| O|  |TAMS 0x000000071c400000| PB 0x000000071c400000| Untracked 
| 227|0x000000071c600000, 0x000000071c800000, 0x000000071c800000|100%| O|  |TAMS 0x000000071c600000| PB 0x000000071c600000| Untracked 
| 228|0x000000071c800000, 0x000000071ca00000, 0x000000071ca00000|100%| O|  |TAMS 0x000000071c800000| PB 0x000000071c800000| Untracked 
| 229|0x000000071ca00000, 0x000000071cc00000, 0x000000071cc00000|100%| O|  |TAMS 0x000000071ca00000| PB 0x000000071ca00000| Untracked 
| 230|0x000000071cc00000, 0x000000071ce00000, 0x000000071ce00000|100%| O|  |TAMS 0x000000071cc00000| PB 0x000000071cc00000| Untracked 
| 231|0x000000071ce00000, 0x000000071d000000, 0x000000071d000000|100%| O|  |TAMS 0x000000071ce00000| PB 0x000000071ce00000| Untracked 
| 232|0x000000071d000000, 0x000000071d200000, 0x000000071d200000|100%| O|  |TAMS 0x000000071d000000| PB 0x000000071d000000| Untracked 
| 233|0x000000071d200000, 0x000000071d400000, 0x000000071d400000|100%| O|  |TAMS 0x000000071d200000| PB 0x000000071d200000| Untracked 
| 234|0x000000071d400000, 0x000000071d600000, 0x000000071d600000|100%| O|  |TAMS 0x000000071d400000| PB 0x000000071d400000| Untracked 
| 235|0x000000071d600000, 0x000000071d800000, 0x000000071d800000|100%| O|  |TAMS 0x000000071d600000| PB 0x000000071d600000| Untracked 
| 236|0x000000071d800000, 0x000000071da00000, 0x000000071da00000|100%| O|  |TAMS 0x000000071d800000| PB 0x000000071d800000| Untracked 
| 237|0x000000071da00000, 0x000000071dc00000, 0x000000071dc00000|100%| O|  |TAMS 0x000000071da00000| PB 0x000000071da00000| Untracked 
| 238|0x000000071dc00000, 0x000000071de00000, 0x000000071de00000|100%| O|  |TAMS 0x000000071dc00000| PB 0x000000071dc00000| Untracked 
| 239|0x000000071de00000, 0x000000071e000000, 0x000000071e000000|100%| O|  |TAMS 0x000000071de00000| PB 0x000000071de00000| Untracked 
| 240|0x000000071e000000, 0x000000071e200000, 0x000000071e200000|100%| O|  |TAMS 0x000000071e000000| PB 0x000000071e000000| Untracked 
| 241|0x000000071e200000, 0x000000071e400000, 0x000000071e400000|100%| O|  |TAMS 0x000000071e200000| PB 0x000000071e200000| Untracked 
| 242|0x000000071e400000, 0x000000071e600000, 0x000000071e600000|100%| O|  |TAMS 0x000000071e400000| PB 0x000000071e400000| Untracked 
| 243|0x000000071e600000, 0x000000071e800000, 0x000000071e800000|100%| O|  |TAMS 0x000000071e600000| PB 0x000000071e600000| Untracked 
| 244|0x000000071e800000, 0x000000071ea00000, 0x000000071ea00000|100%| O|  |TAMS 0x000000071e800000| PB 0x000000071e800000| Untracked 
| 245|0x000000071ea00000, 0x000000071ec00000, 0x000000071ec00000|100%| O|  |TAMS 0x000000071ea00000| PB 0x000000071ea00000| Untracked 
| 246|0x000000071ec00000, 0x000000071ee00000, 0x000000071ee00000|100%| O|  |TAMS 0x000000071ec00000| PB 0x000000071ec00000| Untracked 
| 247|0x000000071ee00000, 0x000000071f000000, 0x000000071f000000|100%| O|  |TAMS 0x000000071ee00000| PB 0x000000071ee00000| Untracked 
| 248|0x000000071f000000, 0x000000071f200000, 0x000000071f200000|100%| O|  |TAMS 0x000000071f000000| PB 0x000000071f000000| Untracked 
| 249|0x000000071f200000, 0x000000071f400000, 0x000000071f400000|100%| O|  |TAMS 0x000000071f200000| PB 0x000000071f200000| Untracked 
| 250|0x000000071f400000, 0x000000071f600000, 0x000000071f600000|100%| O|  |TAMS 0x000000071f400000| PB 0x000000071f400000| Untracked 
| 251|0x000000071f600000, 0x000000071f800000, 0x000000071f800000|100%| O|  |TAMS 0x000000071f600000| PB 0x000000071f600000| Untracked 
| 252|0x000000071f800000, 0x000000071fa00000, 0x000000071fa00000|100%| O|  |TAMS 0x000000071f800000| PB 0x000000071f800000| Untracked 
| 253|0x000000071fa00000, 0x000000071fa00000, 0x000000071fc00000|  0%| F|  |TAMS 0x000000071fa00000| PB 0x000000071fa00000| Untracked 
| 254|0x000000071fc00000, 0x000000071fc00000, 0x000000071fe00000|  0%| F|  |TAMS 0x000000071fc00000| PB 0x000000071fc00000| Untracked 
| 255|0x000000071fe00000, 0x0000000720000000, 0x0000000720000000|100%| O|  |TAMS 0x000000071fe00000| PB 0x000000071fe00000| Untracked 
| 256|0x0000000720000000, 0x0000000720200000, 0x0000000720200000|100%| O|  |TAMS 0x0000000720000000| PB 0x0000000720000000| Untracked 
| 257|0x0000000720200000, 0x0000000720400000, 0x0000000720400000|100%| O|  |TAMS 0x0000000720200000| PB 0x0000000720200000| Untracked 
| 258|0x0000000720400000, 0x0000000720600000, 0x0000000720600000|100%| O|  |TAMS 0x0000000720400000| PB 0x0000000720400000| Untracked 
| 259|0x0000000720600000, 0x0000000720800000, 0x0000000720800000|100%| O|  |TAMS 0x0000000720600000| PB 0x0000000720600000| Untracked 
| 260|0x0000000720800000, 0x0000000720a00000, 0x0000000720a00000|100%| O|  |TAMS 0x0000000720800000| PB 0x0000000720800000| Untracked 
| 261|0x0000000720a00000, 0x0000000720c00000, 0x0000000720c00000|100%| O|  |TAMS 0x0000000720a00000| PB 0x0000000720a00000| Untracked 
| 262|0x0000000720c00000, 0x0000000720e00000, 0x0000000720e00000|100%| O|  |TAMS 0x0000000720c00000| PB 0x0000000720c00000| Untracked 
| 263|0x0000000720e00000, 0x0000000721000000, 0x0000000721000000|100%| O|  |TAMS 0x0000000720e00000| PB 0x0000000720e00000| Untracked 
| 264|0x0000000721000000, 0x0000000721200000, 0x0000000721200000|100%| S|CS|TAMS 0x0000000721000000| PB 0x0000000721000000| Complete 
| 265|0x0000000721200000, 0x0000000721400000, 0x0000000721400000|100%| S|CS|TAMS 0x0000000721200000| PB 0x0000000721200000| Complete 
| 266|0x0000000721400000, 0x0000000721400000, 0x0000000721600000|  0%| F|  |TAMS 0x0000000721400000| PB 0x0000000721400000| Untracked 
| 267|0x0000000721600000, 0x0000000721800000, 0x0000000721800000|100%| O|  |TAMS 0x0000000721600000| PB 0x0000000721600000| Untracked 
| 268|0x0000000721800000, 0x0000000721a00000, 0x0000000721a00000|100%| S|CS|TAMS 0x0000000721800000| PB 0x0000000721800000| Complete 
| 269|0x0000000721a00000, 0x0000000721c00000, 0x0000000721c00000|100%| S|CS|TAMS 0x0000000721a00000| PB 0x0000000721a00000| Complete 
| 270|0x0000000721c00000, 0x0000000721e00000, 0x0000000721e00000|100%| O|  |TAMS 0x0000000721c00000| PB 0x0000000721c00000| Untracked 
| 271|0x0000000721e00000, 0x0000000722000000, 0x0000000722000000|100%| O|  |TAMS 0x0000000721e00000| PB 0x0000000721e00000| Untracked 
| 272|0x0000000722000000, 0x0000000722200000, 0x0000000722200000|100%| O|  |TAMS 0x0000000722000000| PB 0x0000000722000000| Untracked 
| 273|0x0000000722200000, 0x0000000722400000, 0x0000000722400000|100%| O|  |TAMS 0x0000000722200000| PB 0x0000000722200000| Untracked 
| 274|0x0000000722400000, 0x0000000722600000, 0x0000000722600000|100%| O|  |TAMS 0x0000000722400000| PB 0x0000000722400000| Untracked 
| 275|0x0000000722600000, 0x0000000722800000, 0x0000000722800000|100%| O|  |TAMS 0x0000000722600000| PB 0x0000000722600000| Untracked 
| 276|0x0000000722800000, 0x0000000722a00000, 0x0000000722a00000|100%| O|  |TAMS 0x0000000722800000| PB 0x0000000722800000| Untracked 
| 277|0x0000000722a00000, 0x0000000722c00000, 0x0000000722c00000|100%| O|  |TAMS 0x0000000722a00000| PB 0x0000000722a00000| Untracked 
| 278|0x0000000722c00000, 0x0000000722e00000, 0x0000000722e00000|100%| O|  |TAMS 0x0000000722c00000| PB 0x0000000722c00000| Untracked 
| 279|0x0000000722e00000, 0x0000000723000000, 0x0000000723000000|100%| O|  |TAMS 0x0000000722e00000| PB 0x0000000722e00000| Untracked 
| 280|0x0000000723000000, 0x0000000723200000, 0x0000000723200000|100%| O|  |TAMS 0x0000000723000000| PB 0x0000000723000000| Untracked 
| 281|0x0000000723200000, 0x0000000723400000, 0x0000000723400000|100%| O|  |TAMS 0x0000000723200000| PB 0x0000000723200000| Untracked 
| 282|0x0000000723400000, 0x0000000723400000, 0x0000000723600000|  0%| F|  |TAMS 0x0000000723400000| PB 0x0000000723400000| Untracked 
| 283|0x0000000723600000, 0x0000000723600000, 0x0000000723800000|  0%| F|  |TAMS 0x0000000723600000| PB 0x0000000723600000| Untracked 
| 284|0x0000000723800000, 0x0000000723800000, 0x0000000723a00000|  0%| F|  |TAMS 0x0000000723800000| PB 0x0000000723800000| Untracked 
| 285|0x0000000723a00000, 0x0000000723a00000, 0x0000000723c00000|  0%| F|  |TAMS 0x0000000723a00000| PB 0x0000000723a00000| Untracked 
| 286|0x0000000723c00000, 0x0000000723e00000, 0x0000000723e00000|100%| O|  |TAMS 0x0000000723c00000| PB 0x0000000723c00000| Untracked 
| 287|0x0000000723e00000, 0x0000000724000000, 0x0000000724000000|100%| O|  |TAMS 0x0000000723e00000| PB 0x0000000723e00000| Untracked 
| 288|0x0000000724000000, 0x0000000724200000, 0x0000000724200000|100%| O|  |TAMS 0x0000000724000000| PB 0x0000000724000000| Untracked 
| 289|0x0000000724200000, 0x0000000724400000, 0x0000000724400000|100%| O|  |TAMS 0x0000000724200000| PB 0x0000000724200000| Untracked 
| 290|0x0000000724400000, 0x0000000724600000, 0x0000000724600000|100%| O|  |TAMS 0x0000000724400000| PB 0x0000000724400000| Untracked 
| 291|0x0000000724600000, 0x0000000724800000, 0x0000000724800000|100%| O|  |TAMS 0x0000000724600000| PB 0x0000000724600000| Untracked 
| 292|0x0000000724800000, 0x0000000724a00000, 0x0000000724a00000|100%| O|  |TAMS 0x0000000724800000| PB 0x0000000724800000| Untracked 
| 293|0x0000000724a00000, 0x0000000724c00000, 0x0000000724c00000|100%| O|  |TAMS 0x0000000724a00000| PB 0x0000000724a00000| Untracked 
| 294|0x0000000724c00000, 0x0000000724e00000, 0x0000000724e00000|100%| O|  |TAMS 0x0000000724c00000| PB 0x0000000724c00000| Untracked 
| 295|0x0000000724e00000, 0x0000000725000000, 0x0000000725000000|100%| O|  |TAMS 0x0000000724e00000| PB 0x0000000724e00000| Untracked 
| 296|0x0000000725000000, 0x0000000725200000, 0x0000000725200000|100%| O|  |TAMS 0x0000000725000000| PB 0x0000000725000000| Untracked 
| 297|0x0000000725200000, 0x0000000725400000, 0x0000000725400000|100%| O|  |TAMS 0x0000000725200000| PB 0x0000000725200000| Untracked 
| 298|0x0000000725400000, 0x0000000725600000, 0x0000000725600000|100%| O|  |TAMS 0x0000000725400000| PB 0x0000000725400000| Untracked 
| 299|0x0000000725600000, 0x0000000725800000, 0x0000000725800000|100%| O|  |TAMS 0x0000000725600000| PB 0x0000000725600000| Untracked 
| 300|0x0000000725800000, 0x0000000725a00000, 0x0000000725a00000|100%| O|  |TAMS 0x0000000725800000| PB 0x0000000725800000| Untracked 
| 301|0x0000000725a00000, 0x0000000725c00000, 0x0000000725c00000|100%| O|  |TAMS 0x0000000725a00000| PB 0x0000000725a00000| Untracked 
| 302|0x0000000725c00000, 0x0000000725e00000, 0x0000000725e00000|100%| O|  |TAMS 0x0000000725c00000| PB 0x0000000725c00000| Untracked 
| 303|0x0000000725e00000, 0x0000000726000000, 0x0000000726000000|100%| O|  |TAMS 0x0000000725e00000| PB 0x0000000725e00000| Untracked 
| 304|0x0000000726000000, 0x0000000726000000, 0x0000000726200000|  0%| F|  |TAMS 0x0000000726000000| PB 0x0000000726000000| Untracked 
| 305|0x0000000726200000, 0x0000000726400000, 0x0000000726400000|100%| O|  |TAMS 0x0000000726200000| PB 0x0000000726200000| Untracked 
| 306|0x0000000726400000, 0x0000000726600000, 0x0000000726600000|100%| O|  |TAMS 0x0000000726400000| PB 0x0000000726400000| Untracked 
| 307|0x0000000726600000, 0x0000000726800000, 0x0000000726800000|100%| O|  |TAMS 0x0000000726600000| PB 0x0000000726600000| Untracked 
| 308|0x0000000726800000, 0x0000000726a00000, 0x0000000726a00000|100%| O|  |TAMS 0x0000000726800000| PB 0x0000000726800000| Untracked 
| 309|0x0000000726a00000, 0x0000000726a00000, 0x0000000726c00000|  0%| F|  |TAMS 0x0000000726a00000| PB 0x0000000726a00000| Untracked 
| 310|0x0000000726c00000, 0x0000000726e00000, 0x0000000726e00000|100%| S|CS|TAMS 0x0000000726c00000| PB 0x0000000726c00000| Complete 
| 311|0x0000000726e00000, 0x0000000727000000, 0x0000000727000000|100%| S|CS|TAMS 0x0000000726e00000| PB 0x0000000726e00000| Complete 
| 312|0x0000000727000000, 0x0000000727200000, 0x0000000727200000|100%| S|CS|TAMS 0x0000000727000000| PB 0x0000000727000000| Complete 
| 313|0x0000000727200000, 0x0000000727400000, 0x0000000727400000|100%| S|CS|TAMS 0x0000000727200000| PB 0x0000000727200000| Complete 
| 314|0x0000000727400000, 0x0000000727400000, 0x0000000727600000|  0%| F|  |TAMS 0x0000000727400000| PB 0x0000000727400000| Untracked 
| 315|0x0000000727600000, 0x0000000727800000, 0x0000000727800000|100%| S|CS|TAMS 0x0000000727600000| PB 0x0000000727600000| Complete 
| 316|0x0000000727800000, 0x0000000727a00000, 0x0000000727a00000|100%| S|CS|TAMS 0x0000000727800000| PB 0x0000000727800000| Complete 
| 317|0x0000000727a00000, 0x0000000727a00000, 0x0000000727c00000|  0%| F|  |TAMS 0x0000000727a00000| PB 0x0000000727a00000| Untracked 
| 318|0x0000000727c00000, 0x0000000727c00000, 0x0000000727e00000|  0%| F|  |TAMS 0x0000000727c00000| PB 0x0000000727c00000| Untracked 
| 319|0x0000000727e00000, 0x0000000727e00000, 0x0000000728000000|  0%| F|  |TAMS 0x0000000727e00000| PB 0x0000000727e00000| Untracked 
| 320|0x0000000728000000, 0x0000000728000000, 0x0000000728200000|  0%| F|  |TAMS 0x0000000728000000| PB 0x0000000728000000| Untracked 
| 321|0x0000000728200000, 0x0000000728200000, 0x0000000728400000|  0%| F|  |TAMS 0x0000000728200000| PB 0x0000000728200000| Untracked 
| 322|0x0000000728400000, 0x0000000728400000, 0x0000000728600000|  0%| F|  |TAMS 0x0000000728400000| PB 0x0000000728400000| Untracked 
| 323|0x0000000728600000, 0x0000000728600000, 0x0000000728800000|  0%| F|  |TAMS 0x0000000728600000| PB 0x0000000728600000| Untracked 
| 324|0x0000000728800000, 0x0000000728800000, 0x0000000728a00000|  0%| F|  |TAMS 0x0000000728800000| PB 0x0000000728800000| Untracked 
| 325|0x0000000728a00000, 0x0000000728a00000, 0x0000000728c00000|  0%| F|  |TAMS 0x0000000728a00000| PB 0x0000000728a00000| Untracked 
| 326|0x0000000728c00000, 0x0000000728c00000, 0x0000000728e00000|  0%| F|  |TAMS 0x0000000728c00000| PB 0x0000000728c00000| Untracked 
| 327|0x0000000728e00000, 0x0000000728e00000, 0x0000000729000000|  0%| F|  |TAMS 0x0000000728e00000| PB 0x0000000728e00000| Untracked 
| 328|0x0000000729000000, 0x0000000729000000, 0x0000000729200000|  0%| F|  |TAMS 0x0000000729000000| PB 0x0000000729000000| Untracked 
| 329|0x0000000729200000, 0x0000000729200000, 0x0000000729400000|  0%| F|  |TAMS 0x0000000729200000| PB 0x0000000729200000| Untracked 
| 330|0x0000000729400000, 0x0000000729400000, 0x0000000729600000|  0%| F|  |TAMS 0x0000000729400000| PB 0x0000000729400000| Untracked 
| 331|0x0000000729600000, 0x0000000729600000, 0x0000000729800000|  0%| F|  |TAMS 0x0000000729600000| PB 0x0000000729600000| Untracked 
| 332|0x0000000729800000, 0x0000000729800000, 0x0000000729a00000|  0%| F|  |TAMS 0x0000000729800000| PB 0x0000000729800000| Untracked 
| 333|0x0000000729a00000, 0x0000000729a00000, 0x0000000729c00000|  0%| F|  |TAMS 0x0000000729a00000| PB 0x0000000729a00000| Untracked 
| 334|0x0000000729c00000, 0x0000000729c00000, 0x0000000729e00000|  0%| F|  |TAMS 0x0000000729c00000| PB 0x0000000729c00000| Untracked 
| 335|0x0000000729e00000, 0x0000000729e00000, 0x000000072a000000|  0%| F|  |TAMS 0x0000000729e00000| PB 0x0000000729e00000| Untracked 
| 336|0x000000072a000000, 0x000000072a000000, 0x000000072a200000|  0%| F|  |TAMS 0x000000072a000000| PB 0x000000072a000000| Untracked 
| 337|0x000000072a200000, 0x000000072a200000, 0x000000072a400000|  0%| F|  |TAMS 0x000000072a200000| PB 0x000000072a200000| Untracked 
| 338|0x000000072a400000, 0x000000072a400000, 0x000000072a600000|  0%| F|  |TAMS 0x000000072a400000| PB 0x000000072a400000| Untracked 
| 339|0x000000072a600000, 0x000000072a600000, 0x000000072a800000|  0%| F|  |TAMS 0x000000072a600000| PB 0x000000072a600000| Untracked 
| 340|0x000000072a800000, 0x000000072a800000, 0x000000072aa00000|  0%| F|  |TAMS 0x000000072a800000| PB 0x000000072a800000| Untracked 
| 341|0x000000072aa00000, 0x000000072aa00000, 0x000000072ac00000|  0%| F|  |TAMS 0x000000072aa00000| PB 0x000000072aa00000| Untracked 
| 342|0x000000072ac00000, 0x000000072ac00000, 0x000000072ae00000|  0%| F|  |TAMS 0x000000072ac00000| PB 0x000000072ac00000| Untracked 
| 343|0x000000072ae00000, 0x000000072ae00000, 0x000000072b000000|  0%| F|  |TAMS 0x000000072ae00000| PB 0x000000072ae00000| Untracked 
| 344|0x000000072b000000, 0x000000072b000000, 0x000000072b200000|  0%| F|  |TAMS 0x000000072b000000| PB 0x000000072b000000| Untracked 
| 345|0x000000072b200000, 0x000000072b200000, 0x000000072b400000|  0%| F|  |TAMS 0x000000072b200000| PB 0x000000072b200000| Untracked 
| 346|0x000000072b400000, 0x000000072b400000, 0x000000072b600000|  0%| F|  |TAMS 0x000000072b400000| PB 0x000000072b400000| Untracked 
| 347|0x000000072b600000, 0x000000072b600000, 0x000000072b800000|  0%| F|  |TAMS 0x000000072b600000| PB 0x000000072b600000| Untracked 
| 348|0x000000072b800000, 0x000000072b800000, 0x000000072ba00000|  0%| F|  |TAMS 0x000000072b800000| PB 0x000000072b800000| Untracked 
| 349|0x000000072ba00000, 0x000000072ba00000, 0x000000072bc00000|  0%| F|  |TAMS 0x000000072ba00000| PB 0x000000072ba00000| Untracked 
| 350|0x000000072bc00000, 0x000000072bc00000, 0x000000072be00000|  0%| F|  |TAMS 0x000000072bc00000| PB 0x000000072bc00000| Untracked 
| 351|0x000000072be00000, 0x000000072be00000, 0x000000072c000000|  0%| F|  |TAMS 0x000000072be00000| PB 0x000000072be00000| Untracked 
| 352|0x000000072c000000, 0x000000072c000000, 0x000000072c200000|  0%| F|  |TAMS 0x000000072c000000| PB 0x000000072c000000| Untracked 
| 353|0x000000072c200000, 0x000000072c200000, 0x000000072c400000|  0%| F|  |TAMS 0x000000072c200000| PB 0x000000072c200000| Untracked 
| 354|0x000000072c400000, 0x000000072c400000, 0x000000072c600000|  0%| F|  |TAMS 0x000000072c400000| PB 0x000000072c400000| Untracked 
| 355|0x000000072c600000, 0x000000072c600000, 0x000000072c800000|  0%| F|  |TAMS 0x000000072c600000| PB 0x000000072c600000| Untracked 
| 356|0x000000072c800000, 0x000000072c800000, 0x000000072ca00000|  0%| F|  |TAMS 0x000000072c800000| PB 0x000000072c800000| Untracked 
| 357|0x000000072ca00000, 0x000000072ca00000, 0x000000072cc00000|  0%| F|  |TAMS 0x000000072ca00000| PB 0x000000072ca00000| Untracked 
| 358|0x000000072cc00000, 0x000000072cc00000, 0x000000072ce00000|  0%| F|  |TAMS 0x000000072cc00000| PB 0x000000072cc00000| Untracked 
| 359|0x000000072ce00000, 0x000000072ce00000, 0x000000072d000000|  0%| F|  |TAMS 0x000000072ce00000| PB 0x000000072ce00000| Untracked 
| 360|0x000000072d000000, 0x000000072d000000, 0x000000072d200000|  0%| F|  |TAMS 0x000000072d000000| PB 0x000000072d000000| Untracked 
| 361|0x000000072d200000, 0x000000072d200000, 0x000000072d400000|  0%| F|  |TAMS 0x000000072d200000| PB 0x000000072d200000| Untracked 
| 362|0x000000072d400000, 0x000000072d400000, 0x000000072d600000|  0%| F|  |TAMS 0x000000072d400000| PB 0x000000072d400000| Untracked 
| 363|0x000000072d600000, 0x000000072d600000, 0x000000072d800000|  0%| F|  |TAMS 0x000000072d600000| PB 0x000000072d600000| Untracked 
| 364|0x000000072d800000, 0x000000072d800000, 0x000000072da00000|  0%| F|  |TAMS 0x000000072d800000| PB 0x000000072d800000| Untracked 
| 365|0x000000072da00000, 0x000000072da00000, 0x000000072dc00000|  0%| F|  |TAMS 0x000000072da00000| PB 0x000000072da00000| Untracked 
| 366|0x000000072dc00000, 0x000000072dc00000, 0x000000072de00000|  0%| F|  |TAMS 0x000000072dc00000| PB 0x000000072dc00000| Untracked 
| 367|0x000000072de00000, 0x000000072de00000, 0x000000072e000000|  0%| F|  |TAMS 0x000000072de00000| PB 0x000000072de00000| Untracked 
| 368|0x000000072e000000, 0x000000072e000000, 0x000000072e200000|  0%| F|  |TAMS 0x000000072e000000| PB 0x000000072e000000| Untracked 
| 369|0x000000072e200000, 0x000000072e200000, 0x000000072e400000|  0%| F|  |TAMS 0x000000072e200000| PB 0x000000072e200000| Untracked 
| 370|0x000000072e400000, 0x000000072e400000, 0x000000072e600000|  0%| F|  |TAMS 0x000000072e400000| PB 0x000000072e400000| Untracked 
| 371|0x000000072e600000, 0x000000072e600000, 0x000000072e800000|  0%| F|  |TAMS 0x000000072e600000| PB 0x000000072e600000| Untracked 
| 372|0x000000072e800000, 0x000000072e800000, 0x000000072ea00000|  0%| F|  |TAMS 0x000000072e800000| PB 0x000000072e800000| Untracked 
| 373|0x000000072ea00000, 0x000000072ea00000, 0x000000072ec00000|  0%| F|  |TAMS 0x000000072ea00000| PB 0x000000072ea00000| Untracked 
| 374|0x000000072ec00000, 0x000000072ec00000, 0x000000072ee00000|  0%| F|  |TAMS 0x000000072ec00000| PB 0x000000072ec00000| Untracked 
| 375|0x000000072ee00000, 0x000000072ee00000, 0x000000072f000000|  0%| F|  |TAMS 0x000000072ee00000| PB 0x000000072ee00000| Untracked 
| 376|0x000000072f000000, 0x000000072f000000, 0x000000072f200000|  0%| F|  |TAMS 0x000000072f000000| PB 0x000000072f000000| Untracked 
| 377|0x000000072f200000, 0x000000072f200000, 0x000000072f400000|  0%| F|  |TAMS 0x000000072f200000| PB 0x000000072f200000| Untracked 
| 378|0x000000072f400000, 0x000000072f400000, 0x000000072f600000|  0%| F|  |TAMS 0x000000072f400000| PB 0x000000072f400000| Untracked 
| 379|0x000000072f600000, 0x000000072f600000, 0x000000072f800000|  0%| F|  |TAMS 0x000000072f600000| PB 0x000000072f600000| Untracked 
| 380|0x000000072f800000, 0x000000072f800000, 0x000000072fa00000|  0%| F|  |TAMS 0x000000072f800000| PB 0x000000072f800000| Untracked 
| 381|0x000000072fa00000, 0x000000072fa00000, 0x000000072fc00000|  0%| F|  |TAMS 0x000000072fa00000| PB 0x000000072fa00000| Untracked 
| 382|0x000000072fc00000, 0x000000072fc00000, 0x000000072fe00000|  0%| F|  |TAMS 0x000000072fc00000| PB 0x000000072fc00000| Untracked 
| 383|0x000000072fe00000, 0x000000072fe00000, 0x0000000730000000|  0%| F|  |TAMS 0x000000072fe00000| PB 0x000000072fe00000| Untracked 
| 384|0x0000000730000000, 0x0000000730000000, 0x0000000730200000|  0%| F|  |TAMS 0x0000000730000000| PB 0x0000000730000000| Untracked 
| 385|0x0000000730200000, 0x0000000730200000, 0x0000000730400000|  0%| F|  |TAMS 0x0000000730200000| PB 0x0000000730200000| Untracked 
| 386|0x0000000730400000, 0x0000000730400000, 0x0000000730600000|  0%| F|  |TAMS 0x0000000730400000| PB 0x0000000730400000| Untracked 
| 387|0x0000000730600000, 0x0000000730600000, 0x0000000730800000|  0%| F|  |TAMS 0x0000000730600000| PB 0x0000000730600000| Untracked 
| 388|0x0000000730800000, 0x0000000730800000, 0x0000000730a00000|  0%| F|  |TAMS 0x0000000730800000| PB 0x0000000730800000| Untracked 
| 389|0x0000000730a00000, 0x0000000730a00000, 0x0000000730c00000|  0%| F|  |TAMS 0x0000000730a00000| PB 0x0000000730a00000| Untracked 
| 390|0x0000000730c00000, 0x0000000730c00000, 0x0000000730e00000|  0%| F|  |TAMS 0x0000000730c00000| PB 0x0000000730c00000| Untracked 
| 391|0x0000000730e00000, 0x0000000730e00000, 0x0000000731000000|  0%| F|  |TAMS 0x0000000730e00000| PB 0x0000000730e00000| Untracked 
| 392|0x0000000731000000, 0x0000000731000000, 0x0000000731200000|  0%| F|  |TAMS 0x0000000731000000| PB 0x0000000731000000| Untracked 
| 393|0x0000000731200000, 0x0000000731200000, 0x0000000731400000|  0%| F|  |TAMS 0x0000000731200000| PB 0x0000000731200000| Untracked 
| 394|0x0000000731400000, 0x0000000731400000, 0x0000000731600000|  0%| F|  |TAMS 0x0000000731400000| PB 0x0000000731400000| Untracked 
| 395|0x0000000731600000, 0x0000000731600000, 0x0000000731800000|  0%| F|  |TAMS 0x0000000731600000| PB 0x0000000731600000| Untracked 
| 396|0x0000000731800000, 0x0000000731800000, 0x0000000731a00000|  0%| F|  |TAMS 0x0000000731800000| PB 0x0000000731800000| Untracked 
| 397|0x0000000731a00000, 0x0000000731a00000, 0x0000000731c00000|  0%| F|  |TAMS 0x0000000731a00000| PB 0x0000000731a00000| Untracked 
| 398|0x0000000731c00000, 0x0000000731c00000, 0x0000000731e00000|  0%| F|  |TAMS 0x0000000731c00000| PB 0x0000000731c00000| Untracked 
| 399|0x0000000731e00000, 0x0000000731e00000, 0x0000000732000000|  0%| F|  |TAMS 0x0000000731e00000| PB 0x0000000731e00000| Untracked 
| 400|0x0000000732000000, 0x0000000732000000, 0x0000000732200000|  0%| F|  |TAMS 0x0000000732000000| PB 0x0000000732000000| Untracked 
| 401|0x0000000732200000, 0x0000000732200000, 0x0000000732400000|  0%| F|  |TAMS 0x0000000732200000| PB 0x0000000732200000| Untracked 
| 402|0x0000000732400000, 0x0000000732400000, 0x0000000732600000|  0%| F|  |TAMS 0x0000000732400000| PB 0x0000000732400000| Untracked 
| 403|0x0000000732600000, 0x0000000732600000, 0x0000000732800000|  0%| F|  |TAMS 0x0000000732600000| PB 0x0000000732600000| Untracked 
| 404|0x0000000732800000, 0x0000000732800000, 0x0000000732a00000|  0%| F|  |TAMS 0x0000000732800000| PB 0x0000000732800000| Untracked 
| 405|0x0000000732a00000, 0x0000000732a00000, 0x0000000732c00000|  0%| F|  |TAMS 0x0000000732a00000| PB 0x0000000732a00000| Untracked 
| 406|0x0000000732c00000, 0x0000000732c00000, 0x0000000732e00000|  0%| F|  |TAMS 0x0000000732c00000| PB 0x0000000732c00000| Untracked 
| 407|0x0000000732e00000, 0x0000000732e00000, 0x0000000733000000|  0%| F|  |TAMS 0x0000000732e00000| PB 0x0000000732e00000| Untracked 
| 408|0x0000000733000000, 0x0000000733000000, 0x0000000733200000|  0%| F|  |TAMS 0x0000000733000000| PB 0x0000000733000000| Untracked 
| 409|0x0000000733200000, 0x0000000733200000, 0x0000000733400000|  0%| F|  |TAMS 0x0000000733200000| PB 0x0000000733200000| Untracked 
| 410|0x0000000733400000, 0x0000000733400000, 0x0000000733600000|  0%| F|  |TAMS 0x0000000733400000| PB 0x0000000733400000| Untracked 
| 411|0x0000000733600000, 0x0000000733600000, 0x0000000733800000|  0%| F|  |TAMS 0x0000000733600000| PB 0x0000000733600000| Untracked 
| 412|0x0000000733800000, 0x0000000733800000, 0x0000000733a00000|  0%| F|  |TAMS 0x0000000733800000| PB 0x0000000733800000| Untracked 
| 413|0x0000000733a00000, 0x0000000733a00000, 0x0000000733c00000|  0%| F|  |TAMS 0x0000000733a00000| PB 0x0000000733a00000| Untracked 
| 414|0x0000000733c00000, 0x0000000733c00000, 0x0000000733e00000|  0%| F|  |TAMS 0x0000000733c00000| PB 0x0000000733c00000| Untracked 
| 415|0x0000000733e00000, 0x0000000733e00000, 0x0000000734000000|  0%| F|  |TAMS 0x0000000733e00000| PB 0x0000000733e00000| Untracked 
| 416|0x0000000734000000, 0x0000000734000000, 0x0000000734200000|  0%| F|  |TAMS 0x0000000734000000| PB 0x0000000734000000| Untracked 
| 417|0x0000000734200000, 0x0000000734200000, 0x0000000734400000|  0%| F|  |TAMS 0x0000000734200000| PB 0x0000000734200000| Untracked 
| 418|0x0000000734400000, 0x0000000734400000, 0x0000000734600000|  0%| F|  |TAMS 0x0000000734400000| PB 0x0000000734400000| Untracked 
| 419|0x0000000734600000, 0x0000000734600000, 0x0000000734800000|  0%| F|  |TAMS 0x0000000734600000| PB 0x0000000734600000| Untracked 
| 420|0x0000000734800000, 0x0000000734800000, 0x0000000734a00000|  0%| F|  |TAMS 0x0000000734800000| PB 0x0000000734800000| Untracked 
| 421|0x0000000734a00000, 0x0000000734a00000, 0x0000000734c00000|  0%| F|  |TAMS 0x0000000734a00000| PB 0x0000000734a00000| Untracked 
| 422|0x0000000734c00000, 0x0000000734c00000, 0x0000000734e00000|  0%| F|  |TAMS 0x0000000734c00000| PB 0x0000000734c00000| Untracked 
| 423|0x0000000734e00000, 0x0000000734e00000, 0x0000000735000000|  0%| F|  |TAMS 0x0000000734e00000| PB 0x0000000734e00000| Untracked 
| 424|0x0000000735000000, 0x0000000735000000, 0x0000000735200000|  0%| F|  |TAMS 0x0000000735000000| PB 0x0000000735000000| Untracked 
| 425|0x0000000735200000, 0x0000000735200000, 0x0000000735400000|  0%| F|  |TAMS 0x0000000735200000| PB 0x0000000735200000| Untracked 
| 426|0x0000000735400000, 0x0000000735400000, 0x0000000735600000|  0%| F|  |TAMS 0x0000000735400000| PB 0x0000000735400000| Untracked 
| 427|0x0000000735600000, 0x0000000735600000, 0x0000000735800000|  0%| F|  |TAMS 0x0000000735600000| PB 0x0000000735600000| Untracked 
| 428|0x0000000735800000, 0x0000000735800000, 0x0000000735a00000|  0%| F|  |TAMS 0x0000000735800000| PB 0x0000000735800000| Untracked 
| 429|0x0000000735a00000, 0x0000000735a00000, 0x0000000735c00000|  0%| F|  |TAMS 0x0000000735a00000| PB 0x0000000735a00000| Untracked 
| 430|0x0000000735c00000, 0x0000000735c00000, 0x0000000735e00000|  0%| F|  |TAMS 0x0000000735c00000| PB 0x0000000735c00000| Untracked 
| 431|0x0000000735e00000, 0x0000000735e00000, 0x0000000736000000|  0%| F|  |TAMS 0x0000000735e00000| PB 0x0000000735e00000| Untracked 
| 432|0x0000000736000000, 0x0000000736000000, 0x0000000736200000|  0%| F|  |TAMS 0x0000000736000000| PB 0x0000000736000000| Untracked 
| 433|0x0000000736200000, 0x0000000736200000, 0x0000000736400000|  0%| F|  |TAMS 0x0000000736200000| PB 0x0000000736200000| Untracked 
| 434|0x0000000736400000, 0x0000000736400000, 0x0000000736600000|  0%| F|  |TAMS 0x0000000736400000| PB 0x0000000736400000| Untracked 
| 435|0x0000000736600000, 0x0000000736600000, 0x0000000736800000|  0%| F|  |TAMS 0x0000000736600000| PB 0x0000000736600000| Untracked 
| 436|0x0000000736800000, 0x0000000736800000, 0x0000000736a00000|  0%| F|  |TAMS 0x0000000736800000| PB 0x0000000736800000| Untracked 
| 437|0x0000000736a00000, 0x0000000736a00000, 0x0000000736c00000|  0%| F|  |TAMS 0x0000000736a00000| PB 0x0000000736a00000| Untracked 
| 438|0x0000000736c00000, 0x0000000736c00000, 0x0000000736e00000|  0%| F|  |TAMS 0x0000000736c00000| PB 0x0000000736c00000| Untracked 
| 439|0x0000000736e00000, 0x0000000736e00000, 0x0000000737000000|  0%| F|  |TAMS 0x0000000736e00000| PB 0x0000000736e00000| Untracked 
| 440|0x0000000737000000, 0x0000000737000000, 0x0000000737200000|  0%| F|  |TAMS 0x0000000737000000| PB 0x0000000737000000| Untracked 
| 441|0x0000000737200000, 0x0000000737200000, 0x0000000737400000|  0%| F|  |TAMS 0x0000000737200000| PB 0x0000000737200000| Untracked 
| 442|0x0000000737400000, 0x0000000737400000, 0x0000000737600000|  0%| F|  |TAMS 0x0000000737400000| PB 0x0000000737400000| Untracked 
| 443|0x0000000737600000, 0x0000000737600000, 0x0000000737800000|  0%| F|  |TAMS 0x0000000737600000| PB 0x0000000737600000| Untracked 
| 444|0x0000000737800000, 0x0000000737800000, 0x0000000737a00000|  0%| F|  |TAMS 0x0000000737800000| PB 0x0000000737800000| Untracked 
| 445|0x0000000737a00000, 0x0000000737a00000, 0x0000000737c00000|  0%| F|  |TAMS 0x0000000737a00000| PB 0x0000000737a00000| Untracked 
| 446|0x0000000737c00000, 0x0000000737c00000, 0x0000000737e00000|  0%| F|  |TAMS 0x0000000737c00000| PB 0x0000000737c00000| Untracked 
| 447|0x0000000737e00000, 0x0000000737e00000, 0x0000000738000000|  0%| F|  |TAMS 0x0000000737e00000| PB 0x0000000737e00000| Untracked 
| 448|0x0000000738000000, 0x0000000738000000, 0x0000000738200000|  0%| F|  |TAMS 0x0000000738000000| PB 0x0000000738000000| Untracked 
| 449|0x0000000738200000, 0x0000000738200000, 0x0000000738400000|  0%| F|  |TAMS 0x0000000738200000| PB 0x0000000738200000| Untracked 
| 450|0x0000000738400000, 0x0000000738400000, 0x0000000738600000|  0%| F|  |TAMS 0x0000000738400000| PB 0x0000000738400000| Untracked 
| 451|0x0000000738600000, 0x0000000738600000, 0x0000000738800000|  0%| F|  |TAMS 0x0000000738600000| PB 0x0000000738600000| Untracked 
| 452|0x0000000738800000, 0x0000000738800000, 0x0000000738a00000|  0%| F|  |TAMS 0x0000000738800000| PB 0x0000000738800000| Untracked 
| 453|0x0000000738a00000, 0x0000000738a00000, 0x0000000738c00000|  0%| F|  |TAMS 0x0000000738a00000| PB 0x0000000738a00000| Untracked 
| 454|0x0000000738c00000, 0x0000000738c00000, 0x0000000738e00000|  0%| F|  |TAMS 0x0000000738c00000| PB 0x0000000738c00000| Untracked 
| 455|0x0000000738e00000, 0x0000000738e00000, 0x0000000739000000|  0%| F|  |TAMS 0x0000000738e00000| PB 0x0000000738e00000| Untracked 
| 456|0x0000000739000000, 0x0000000739000000, 0x0000000739200000|  0%| F|  |TAMS 0x0000000739000000| PB 0x0000000739000000| Untracked 
| 457|0x0000000739200000, 0x0000000739200000, 0x0000000739400000|  0%| F|  |TAMS 0x0000000739200000| PB 0x0000000739200000| Untracked 
| 458|0x0000000739400000, 0x0000000739400000, 0x0000000739600000|  0%| F|  |TAMS 0x0000000739400000| PB 0x0000000739400000| Untracked 
| 459|0x0000000739600000, 0x0000000739600000, 0x0000000739800000|  0%| F|  |TAMS 0x0000000739600000| PB 0x0000000739600000| Untracked 
| 460|0x0000000739800000, 0x0000000739800000, 0x0000000739a00000|  0%| F|  |TAMS 0x0000000739800000| PB 0x0000000739800000| Untracked 
| 461|0x0000000739a00000, 0x0000000739a00000, 0x0000000739c00000|  0%| F|  |TAMS 0x0000000739a00000| PB 0x0000000739a00000| Untracked 
|1945|0x00000007f3200000, 0x00000007f3200000, 0x00000007f3400000|  0%| F|  |TAMS 0x00000007f3200000| PB 0x00000007f3200000| Untracked 
|1946|0x00000007f3400000, 0x00000007f3400000, 0x00000007f3600000|  0%| F|  |TAMS 0x00000007f3400000| PB 0x00000007f3400000| Untracked 
|1947|0x00000007f3600000, 0x00000007f3600000, 0x00000007f3800000|  0%| F|  |TAMS 0x00000007f3600000| PB 0x00000007f3600000| Untracked 
|1948|0x00000007f3800000, 0x00000007f3800000, 0x00000007f3a00000|  0%| F|  |TAMS 0x00000007f3800000| PB 0x00000007f3800000| Untracked 
|1949|0x00000007f3a00000, 0x00000007f3a00000, 0x00000007f3c00000|  0%| F|  |TAMS 0x00000007f3a00000| PB 0x00000007f3a00000| Untracked 
|1950|0x00000007f3c00000, 0x00000007f3c00000, 0x00000007f3e00000|  0%| F|  |TAMS 0x00000007f3c00000| PB 0x00000007f3c00000| Untracked 
|1951|0x00000007f3e00000, 0x00000007f3e00000, 0x00000007f4000000|  0%| F|  |TAMS 0x00000007f3e00000| PB 0x00000007f3e00000| Untracked 
|1952|0x00000007f4000000, 0x00000007f4000000, 0x00000007f4200000|  0%| F|  |TAMS 0x00000007f4000000| PB 0x00000007f4000000| Untracked 
|1953|0x00000007f4200000, 0x00000007f4200000, 0x00000007f4400000|  0%| F|  |TAMS 0x00000007f4200000| PB 0x00000007f4200000| Untracked 
|1954|0x00000007f4400000, 0x00000007f4400000, 0x00000007f4600000|  0%| F|  |TAMS 0x00000007f4400000| PB 0x00000007f4400000| Untracked 
|1955|0x00000007f4600000, 0x00000007f4600000, 0x00000007f4800000|  0%| F|  |TAMS 0x00000007f4600000| PB 0x00000007f4600000| Untracked 
|1956|0x00000007f4800000, 0x00000007f4800000, 0x00000007f4a00000|  0%| F|  |TAMS 0x00000007f4800000| PB 0x00000007f4800000| Untracked 
|1957|0x00000007f4a00000, 0x00000007f4a00000, 0x00000007f4c00000|  0%| F|  |TAMS 0x00000007f4a00000| PB 0x00000007f4a00000| Untracked 
|1958|0x00000007f4c00000, 0x00000007f4c00000, 0x00000007f4e00000|  0%| F|  |TAMS 0x00000007f4c00000| PB 0x00000007f4c00000| Untracked 
|1959|0x00000007f4e00000, 0x00000007f4e00000, 0x00000007f5000000|  0%| F|  |TAMS 0x00000007f4e00000| PB 0x00000007f4e00000| Untracked 
|1960|0x00000007f5000000, 0x00000007f5000000, 0x00000007f5200000|  0%| F|  |TAMS 0x00000007f5000000| PB 0x00000007f5000000| Untracked 
|1961|0x00000007f5200000, 0x00000007f5200000, 0x00000007f5400000|  0%| F|  |TAMS 0x00000007f5200000| PB 0x00000007f5200000| Untracked 
|1962|0x00000007f5400000, 0x00000007f5600000, 0x00000007f5600000|100%| O|  |TAMS 0x00000007f5400000| PB 0x00000007f5400000| Untracked 
|1963|0x00000007f5600000, 0x00000007f5600000, 0x00000007f5800000|  0%| F|  |TAMS 0x00000007f5600000| PB 0x00000007f5600000| Untracked 
|1964|0x00000007f5800000, 0x00000007f5a00000, 0x00000007f5a00000|100%| O|  |TAMS 0x00000007f5800000| PB 0x00000007f5800000| Untracked 
|1965|0x00000007f5a00000, 0x00000007f5c00000, 0x00000007f5c00000|100%| O|  |TAMS 0x00000007f5a00000| PB 0x00000007f5a00000| Untracked 
|1966|0x00000007f5c00000, 0x00000007f5e00000, 0x00000007f5e00000|100%| O|  |TAMS 0x00000007f5c00000| PB 0x00000007f5c00000| Untracked 
|1967|0x00000007f5e00000, 0x00000007f6000000, 0x00000007f6000000|100%| O|  |TAMS 0x00000007f5e00000| PB 0x00000007f5e00000| Untracked 
|1968|0x00000007f6000000, 0x00000007f6200000, 0x00000007f6200000|100%| O|  |TAMS 0x00000007f6000000| PB 0x00000007f6000000| Untracked 
|1969|0x00000007f6200000, 0x00000007f6400000, 0x00000007f6400000|100%| O|  |TAMS 0x00000007f6200000| PB 0x00000007f6200000| Untracked 
|1970|0x00000007f6400000, 0x00000007f6600000, 0x00000007f6600000|100%| O|  |TAMS 0x00000007f6400000| PB 0x00000007f6400000| Untracked 
|1971|0x00000007f6600000, 0x00000007f6800000, 0x00000007f6800000|100%| O|  |TAMS 0x00000007f6600000| PB 0x00000007f6600000| Untracked 
|1972|0x00000007f6800000, 0x00000007f6a00000, 0x00000007f6a00000|100%| O|  |TAMS 0x00000007f6800000| PB 0x00000007f6800000| Untracked 
|1973|0x00000007f6a00000, 0x00000007f6c00000, 0x00000007f6c00000|100%| O|  |TAMS 0x00000007f6a00000| PB 0x00000007f6a00000| Untracked 
|1974|0x00000007f6c00000, 0x00000007f6e00000, 0x00000007f6e00000|100%| O|  |TAMS 0x00000007f6c00000| PB 0x00000007f6c00000| Untracked 
|1975|0x00000007f6e00000, 0x00000007f6e00000, 0x00000007f7000000|  0%| F|  |TAMS 0x00000007f6e00000| PB 0x00000007f6e00000| Untracked 
|1976|0x00000007f7000000, 0x00000007f7000000, 0x00000007f7200000|  0%| F|  |TAMS 0x00000007f7000000| PB 0x00000007f7000000| Untracked 
|1977|0x00000007f7200000, 0x00000007f7200000, 0x00000007f7400000|  0%| F|  |TAMS 0x00000007f7200000| PB 0x00000007f7200000| Untracked 
|1978|0x00000007f7400000, 0x00000007f7400000, 0x00000007f7600000|  0%| F|  |TAMS 0x00000007f7400000| PB 0x00000007f7400000| Untracked 
|1979|0x00000007f7600000, 0x00000007f7600000, 0x00000007f7800000|  0%| F|  |TAMS 0x00000007f7600000| PB 0x00000007f7600000| Untracked 
|1980|0x00000007f7800000, 0x00000007f7800000, 0x00000007f7a00000|  0%| F|  |TAMS 0x00000007f7800000| PB 0x00000007f7800000| Untracked 
|1981|0x00000007f7a00000, 0x00000007f7a00000, 0x00000007f7c00000|  0%| F|  |TAMS 0x00000007f7a00000| PB 0x00000007f7a00000| Untracked 
|1982|0x00000007f7c00000, 0x00000007f7c00000, 0x00000007f7e00000|  0%| F|  |TAMS 0x00000007f7c00000| PB 0x00000007f7c00000| Untracked 
|1983|0x00000007f7e00000, 0x00000007f7e00000, 0x00000007f8000000|  0%| F|  |TAMS 0x00000007f7e00000| PB 0x00000007f7e00000| Untracked 
|1984|0x00000007f8000000, 0x00000007f8000000, 0x00000007f8200000|  0%| F|  |TAMS 0x00000007f8000000| PB 0x00000007f8000000| Untracked 
|1985|0x00000007f8200000, 0x00000007f8200000, 0x00000007f8400000|  0%| F|  |TAMS 0x00000007f8200000| PB 0x00000007f8200000| Untracked 
|1986|0x00000007f8400000, 0x00000007f8400000, 0x00000007f8600000|  0%| F|  |TAMS 0x00000007f8400000| PB 0x00000007f8400000| Untracked 
|1987|0x00000007f8600000, 0x00000007f8600000, 0x00000007f8800000|  0%| F|  |TAMS 0x00000007f8600000| PB 0x00000007f8600000| Untracked 
|1988|0x00000007f8800000, 0x00000007f8800000, 0x00000007f8a00000|  0%| F|  |TAMS 0x00000007f8800000| PB 0x00000007f8800000| Untracked 
|1989|0x00000007f8a00000, 0x00000007f8a00000, 0x00000007f8c00000|  0%| F|  |TAMS 0x00000007f8a00000| PB 0x00000007f8a00000| Untracked 
|1990|0x00000007f8c00000, 0x00000007f8c00000, 0x00000007f8e00000|  0%| F|  |TAMS 0x00000007f8c00000| PB 0x00000007f8c00000| Untracked 
|1991|0x00000007f8e00000, 0x00000007f8e00000, 0x00000007f9000000|  0%| F|  |TAMS 0x00000007f8e00000| PB 0x00000007f8e00000| Untracked 
|1992|0x00000007f9000000, 0x00000007f9000000, 0x00000007f9200000|  0%| F|  |TAMS 0x00000007f9000000| PB 0x00000007f9000000| Untracked 
|1993|0x00000007f9200000, 0x00000007f9200000, 0x00000007f9400000|  0%| F|  |TAMS 0x00000007f9200000| PB 0x00000007f9200000| Untracked 
|1994|0x00000007f9400000, 0x00000007f9400000, 0x00000007f9600000|  0%| F|  |TAMS 0x00000007f9400000| PB 0x00000007f9400000| Untracked 
|1995|0x00000007f9600000, 0x00000007f9600000, 0x00000007f9800000|  0%| F|  |TAMS 0x00000007f9600000| PB 0x00000007f9600000| Untracked 
|1996|0x00000007f9800000, 0x00000007f9800000, 0x00000007f9a00000|  0%| F|  |TAMS 0x00000007f9800000| PB 0x00000007f9800000| Untracked 
|1997|0x00000007f9a00000, 0x00000007f9a00000, 0x00000007f9c00000|  0%| F|  |TAMS 0x00000007f9a00000| PB 0x00000007f9a00000| Untracked 
|1998|0x00000007f9c00000, 0x00000007f9c00000, 0x00000007f9e00000|  0%| F|  |TAMS 0x00000007f9c00000| PB 0x00000007f9c00000| Untracked 
|1999|0x00000007f9e00000, 0x00000007f9e00000, 0x00000007fa000000|  0%| F|  |TAMS 0x00000007f9e00000| PB 0x00000007f9e00000| Untracked 
|2000|0x00000007fa000000, 0x00000007fa000000, 0x00000007fa200000|  0%| F|  |TAMS 0x00000007fa000000| PB 0x00000007fa000000| Untracked 
|2001|0x00000007fa200000, 0x00000007fa200000, 0x00000007fa400000|  0%| F|  |TAMS 0x00000007fa200000| PB 0x00000007fa200000| Untracked 
|2002|0x00000007fa400000, 0x00000007fa400000, 0x00000007fa600000|  0%| F|  |TAMS 0x00000007fa400000| PB 0x00000007fa400000| Untracked 
|2003|0x00000007fa600000, 0x00000007fa600000, 0x00000007fa800000|  0%| F|  |TAMS 0x00000007fa600000| PB 0x00000007fa600000| Untracked 
|2004|0x00000007fa800000, 0x00000007fa800000, 0x00000007faa00000|  0%| F|  |TAMS 0x00000007fa800000| PB 0x00000007fa800000| Untracked 
|2005|0x00000007faa00000, 0x00000007faa00000, 0x00000007fac00000|  0%| F|  |TAMS 0x00000007faa00000| PB 0x00000007faa00000| Untracked 
|2006|0x00000007fac00000, 0x00000007fac00000, 0x00000007fae00000|  0%| F|  |TAMS 0x00000007fac00000| PB 0x00000007fac00000| Untracked 
|2007|0x00000007fae00000, 0x00000007fae00000, 0x00000007fb000000|  0%| F|  |TAMS 0x00000007fae00000| PB 0x00000007fae00000| Untracked 
|2008|0x00000007fb000000, 0x00000007fb000000, 0x00000007fb200000|  0%| F|  |TAMS 0x00000007fb000000| PB 0x00000007fb000000| Untracked 
|2009|0x00000007fb200000, 0x00000007fb200000, 0x00000007fb400000|  0%| F|  |TAMS 0x00000007fb200000| PB 0x00000007fb200000| Untracked 
|2010|0x00000007fb400000, 0x00000007fb400000, 0x00000007fb600000|  0%| F|  |TAMS 0x00000007fb400000| PB 0x00000007fb400000| Untracked 
|2011|0x00000007fb600000, 0x00000007fb600000, 0x00000007fb800000|  0%| F|  |TAMS 0x00000007fb600000| PB 0x00000007fb600000| Untracked 
|2012|0x00000007fb800000, 0x00000007fb800000, 0x00000007fba00000|  0%| F|  |TAMS 0x00000007fb800000| PB 0x00000007fb800000| Untracked 
|2013|0x00000007fba00000, 0x00000007fba00000, 0x00000007fbc00000|  0%| F|  |TAMS 0x00000007fba00000| PB 0x00000007fba00000| Untracked 
|2014|0x00000007fbc00000, 0x00000007fbc00000, 0x00000007fbe00000|  0%| F|  |TAMS 0x00000007fbc00000| PB 0x00000007fbc00000| Untracked 
|2015|0x00000007fbe00000, 0x00000007fbe00000, 0x00000007fc000000|  0%| F|  |TAMS 0x00000007fbe00000| PB 0x00000007fbe00000| Untracked 
|2016|0x00000007fc000000, 0x00000007fc000000, 0x00000007fc200000|  0%| F|  |TAMS 0x00000007fc000000| PB 0x00000007fc000000| Untracked 
|2017|0x00000007fc200000, 0x00000007fc200000, 0x00000007fc400000|  0%| F|  |TAMS 0x00000007fc200000| PB 0x00000007fc200000| Untracked 
|2018|0x00000007fc400000, 0x00000007fc400000, 0x00000007fc600000|  0%| F|  |TAMS 0x00000007fc400000| PB 0x00000007fc400000| Untracked 
|2019|0x00000007fc600000, 0x00000007fc600000, 0x00000007fc800000|  0%| F|  |TAMS 0x00000007fc600000| PB 0x00000007fc600000| Untracked 
|2020|0x00000007fc800000, 0x00000007fc800000, 0x00000007fca00000|  0%| F|  |TAMS 0x00000007fc800000| PB 0x00000007fc800000| Untracked 
|2021|0x00000007fca00000, 0x00000007fca00000, 0x00000007fcc00000|  0%| F|  |TAMS 0x00000007fca00000| PB 0x00000007fca00000| Untracked 
|2022|0x00000007fcc00000, 0x00000007fcc00000, 0x00000007fce00000|  0%| F|  |TAMS 0x00000007fcc00000| PB 0x00000007fcc00000| Untracked 
|2023|0x00000007fce00000, 0x00000007fce00000, 0x00000007fd000000|  0%| F|  |TAMS 0x00000007fce00000| PB 0x00000007fce00000| Untracked 
|2024|0x00000007fd000000, 0x00000007fd000000, 0x00000007fd200000|  0%| F|  |TAMS 0x00000007fd000000| PB 0x00000007fd000000| Untracked 
|2025|0x00000007fd200000, 0x00000007fd200000, 0x00000007fd400000|  0%| F|  |TAMS 0x00000007fd200000| PB 0x00000007fd200000| Untracked 
|2026|0x00000007fd400000, 0x00000007fd400000, 0x00000007fd600000|  0%| F|  |TAMS 0x00000007fd400000| PB 0x00000007fd400000| Untracked 
|2027|0x00000007fd600000, 0x00000007fd600000, 0x00000007fd800000|  0%| F|  |TAMS 0x00000007fd600000| PB 0x00000007fd600000| Untracked 
|2028|0x00000007fd800000, 0x00000007fd800000, 0x00000007fda00000|  0%| F|  |TAMS 0x00000007fd800000| PB 0x00000007fd800000| Untracked 
|2029|0x00000007fda00000, 0x00000007fda00000, 0x00000007fdc00000|  0%| F|  |TAMS 0x00000007fda00000| PB 0x00000007fda00000| Untracked 
|2030|0x00000007fdc00000, 0x00000007fdc00000, 0x00000007fde00000|  0%| F|  |TAMS 0x00000007fdc00000| PB 0x00000007fdc00000| Untracked 
|2031|0x00000007fde00000, 0x00000007fde00000, 0x00000007fe000000|  0%| F|  |TAMS 0x00000007fde00000| PB 0x00000007fde00000| Untracked 
|2032|0x00000007fe000000, 0x00000007fe000000, 0x00000007fe200000|  0%| F|  |TAMS 0x00000007fe000000| PB 0x00000007fe000000| Untracked 
|2033|0x00000007fe200000, 0x00000007fe200000, 0x00000007fe400000|  0%| F|  |TAMS 0x00000007fe200000| PB 0x00000007fe200000| Untracked 
|2034|0x00000007fe400000, 0x00000007fe400000, 0x00000007fe600000|  0%| F|  |TAMS 0x00000007fe400000| PB 0x00000007fe400000| Untracked 
|2035|0x00000007fe600000, 0x00000007fe600000, 0x00000007fe800000|  0%| F|  |TAMS 0x00000007fe600000| PB 0x00000007fe600000| Untracked 
|2036|0x00000007fe800000, 0x00000007fe800000, 0x00000007fea00000|  0%| F|  |TAMS 0x00000007fe800000| PB 0x00000007fe800000| Untracked 
|2037|0x00000007fea00000, 0x00000007fec00000, 0x00000007fec00000|100%| O|  |TAMS 0x00000007fea00000| PB 0x00000007fea00000| Untracked 
|2038|0x00000007fec00000, 0x00000007fec00000, 0x00000007fee00000|  0%| F|  |TAMS 0x00000007fec00000| PB 0x00000007fec00000| Untracked 
|2039|0x00000007fee00000, 0x00000007fee00000, 0x00000007ff000000|  0%| F|  |TAMS 0x00000007fee00000| PB 0x00000007fee00000| Untracked 
|2040|0x00000007ff000000, 0x00000007ff000000, 0x00000007ff200000|  0%| F|  |TAMS 0x00000007ff000000| PB 0x00000007ff000000| Untracked 
|2041|0x00000007ff200000, 0x00000007ff200000, 0x00000007ff400000|  0%| F|  |TAMS 0x00000007ff200000| PB 0x00000007ff200000| Untracked 
|2042|0x00000007ff400000, 0x00000007ff400000, 0x00000007ff600000|  0%| F|  |TAMS 0x00000007ff400000| PB 0x00000007ff400000| Untracked 
|2043|0x00000007ff600000, 0x00000007ff600000, 0x00000007ff800000|  0%| F|  |TAMS 0x00000007ff600000| PB 0x00000007ff600000| Untracked 
|2044|0x00000007ff800000, 0x00000007ff800000, 0x00000007ffa00000|  0%| F|  |TAMS 0x00000007ff800000| PB 0x00000007ff800000| Untracked 
|2045|0x00000007ffa00000, 0x00000007ffa00000, 0x00000007ffc00000|  0%| F|  |TAMS 0x00000007ffa00000| PB 0x00000007ffa00000| Untracked 
|2046|0x00000007ffc00000, 0x00000007ffc00000, 0x00000007ffe00000|  0%| F|  |TAMS 0x00000007ffc00000| PB 0x00000007ffc00000| Untracked 
|2047|0x00000007ffe00000, 0x00000007ffe00000, 0x0000000800000000|  0%| F|  |TAMS 0x00000007ffe00000| PB 0x00000007ffe00000| Untracked 

Card table byte_map: [0x000001e2f6660000,0x000001e2f6e60000] _byte_map_base: 0x000001e2f2e60000

Marking Bits: (CMBitMap*) 0x000001e2de2494d0
 Bits: [0x000001e2f6e60000, 0x000001e2fae60000)

Polling page: 0x000001e2dbe50000

Metaspace:

Usage:
  Non-class:    233.62 MB used.
      Class:     35.00 MB used.
       Both:    268.62 MB used.

Virtual space:
  Non-class space:      256.00 MB reserved,     235.44 MB ( 92%) committed,  4 nodes.
      Class space:        1.00 GB reserved,      36.88 MB (  4%) committed,  1 nodes.
             Both:        1.25 GB reserved,     272.31 MB ( 21%) committed. 

Chunk freelists:
   Non-Class:  4.14 MB
       Class:  11.04 MB
        Both:  15.18 MB

MaxMetaspaceSize: unlimited
CompressedClassSpaceSize: 1.00 GB
Initial GC threshold: 21.00 MB
Current GC threshold: 453.69 MB
CDS: on
 - commit_granule_bytes: 65536.
 - commit_granule_words: 8192.
 - virtual_space_node_default_size: 8388608.
 - enlarge_chunks_in_place: 1.
 - use_allocation_guard: 0.


Internal statistics:

num_allocs_failed_limit: 12.
num_arena_births: 7222.
num_arena_deaths: 90.
num_vsnodes_births: 5.
num_vsnodes_deaths: 0.
num_space_committed: 4349.
num_space_uncommitted: 0.
num_chunks_returned_to_freelist: 137.
num_chunks_taken_from_freelist: 19781.
num_chunk_merges: 35.
num_chunk_splits: 13113.
num_chunks_enlarged: 8472.
num_inconsistent_stats: 0.

CodeHeap 'non-profiled nmethods': size=120000Kb used=8628Kb max_used=26723Kb free=111371Kb
 bounds [0x000001e2ee3e0000, 0x000001e2efe00000, 0x000001e2f5910000]
CodeHeap 'profiled nmethods': size=120000Kb used=2039Kb max_used=63276Kb free=117960Kb
 bounds [0x000001e2e6910000, 0x000001e2ea760000, 0x000001e2ede40000]
CodeHeap 'non-nmethods': size=5760Kb used=2531Kb max_used=2616Kb free=3228Kb
 bounds [0x000001e2ede40000, 0x000001e2ee0e0000, 0x000001e2ee3e0000]
CodeCache: size=245760Kb, used=13198Kb, max_used=92615Kb, free=232559Kb
 total_blobs=4540, nmethods=3218, adapters=1222, full_count=0
Compilation: enabled, stopped_count=0, restarted_count=0

Compilation events (20 events):
Event: 1599.955 Thread 0x000001e30510afa0 60479       4       com.android.tools.r8.graph.lc::a (28 bytes)
Event: 1599.956 Thread 0x000001e30510b670 nmethod 60480 0x000001e2ee67ff90 code [0x000001e2ee680120, 0x000001e2ee680208]
Event: 1599.956 Thread 0x000001e2fdadaba0 nmethod 60475 0x000001e2ee6d1410 code [0x000001e2ee6d15a0, 0x000001e2ee6d1738]
Event: 1600.117 Thread 0x000001e2fdadaba0 60481       4       com.android.tools.r8.internal.le1::a (27 bytes)
Event: 1600.117 Thread 0x000001e2fdadaba0 nmethod 60481 0x000001e2ee6fa890 code [0x000001e2ee6faa20, 0x000001e2ee6faad8]
Event: 1600.129 Thread 0x000001e30510afa0 nmethod 60479 0x000001e2eed1e390 code [0x000001e2eed1e880, 0x000001e2eed22dd8]
Event: 1600.317 Thread 0x000001e30510afa0 60482       4       com.android.tools.r8.internal.yk::a (31 bytes)
Event: 1600.322 Thread 0x000001e2fdadaba0 60484       4       com.android.tools.r8.internal.lr::<init> (17 bytes)
Event: 1600.324 Thread 0x000001e2fdadaba0 nmethod 60484 0x000001e2ee764e10 code [0x000001e2ee764fa0, 0x000001e2ee765138]
Event: 1600.324 Thread 0x000001e2fdadaba0 60483       4       com.android.tools.r8.internal.v31::a (73 bytes)
Event: 1600.338 Thread 0x000001e30510afa0 nmethod 60482 0x000001e2ee5a5610 code [0x000001e2ee5a59a0, 0x000001e2ee5a6ec8]
Event: 1600.346 Thread 0x000001e2fdadaba0 nmethod 60483 0x000001e2ee917690 code [0x000001e2ee9179a0, 0x000001e2ee9187a8]
Event: 1600.748 Thread 0x000001e2fdadaba0 60485       4       com.android.tools.r8.internal.eh2::<init> (10 bytes)
Event: 1600.750 Thread 0x000001e2fdadaba0 nmethod 60485 0x000001e2ee767310 code [0x000001e2ee7674a0, 0x000001e2ee767600]
Event: 1600.750 Thread 0x000001e2fdadaba0 60486       4       com.android.tools.r8.internal.a52::f (16 bytes)
Event: 1600.770 Thread 0x000001e2fdadaba0 nmethod 60486 0x000001e2ef0b6310 code [0x000001e2ef0b64e0, 0x000001e2ef0b6ae8]
Event: 1600.838 Thread 0x000001e2fdadaba0 60487       4       com.android.tools.r8.internal.dc1::get (104 bytes)
Event: 1600.840 Thread 0x000001e2fdadaba0 nmethod 60487 0x000001e2ee8eb010 code [0x000001e2ee8eb1c0, 0x000001e2ee8eb4a8]
Event: 1601.036 Thread 0x000001e2fdadaba0 60488       4       com.android.tools.r8.internal.ap::a (37 bytes)
Event: 1601.039 Thread 0x000001e2fdadaba0 nmethod 60488 0x000001e2ee734e10 code [0x000001e2ee734fe0, 0x000001e2ee735320]

GC Heap History (20 events):
Event: 1595.032 GC heap after
{Heap after GC invocations=139 (full 0):
 garbage-first heap   total 1157120K, used 641270K [0x0000000700000000, 0x0000000800000000)
  region size 2048K, 10 young (20480K), 10 survivors (20480K)
 Metaspace       used 275068K, committed 278848K, reserved 1310720K
  class space    used 35838K, committed 37760K, reserved 1048576K
}
Event: 1595.640 GC heap before
{Heap before GC invocations=139 (full 0):
 garbage-first heap   total 1157120K, used 1095926K [0x0000000700000000, 0x0000000800000000)
  region size 2048K, 232 young (475136K), 10 survivors (20480K)
 Metaspace       used 275068K, committed 278848K, reserved 1310720K
  class space    used 35838K, committed 37760K, reserved 1048576K
}
Event: 1595.658 GC heap after
{Heap after GC invocations=140 (full 0):
 garbage-first heap   total 1157120K, used 629522K [0x0000000700000000, 0x0000000800000000)
  region size 2048K, 10 young (20480K), 10 survivors (20480K)
 Metaspace       used 275068K, committed 278848K, reserved 1310720K
  class space    used 35838K, committed 37760K, reserved 1048576K
}
Event: 1596.298 GC heap before
{Heap before GC invocations=140 (full 0):
 garbage-first heap   total 1157120K, used 1096466K [0x0000000700000000, 0x0000000800000000)
  region size 2048K, 238 young (487424K), 10 survivors (20480K)
 Metaspace       used 275068K, committed 278848K, reserved 1310720K
  class space    used 35838K, committed 37760K, reserved 1048576K
}
Event: 1596.305 GC heap after
{Heap after GC invocations=141 (full 0):
 garbage-first heap   total 1157120K, used 632200K [0x0000000700000000, 0x0000000800000000)
  region size 2048K, 10 young (20480K), 10 survivors (20480K)
 Metaspace       used 275068K, committed 278848K, reserved 1310720K
  class space    used 35838K, committed 37760K, reserved 1048576K
}
Event: 1596.926 GC heap before
{Heap before GC invocations=142 (full 0):
 garbage-first heap   total 1157120K, used 1097096K [0x0000000700000000, 0x0000000800000000)
  region size 2048K, 237 young (485376K), 10 survivors (20480K)
 Metaspace       used 275068K, committed 278848K, reserved 1310720K
  class space    used 35838K, committed 37760K, reserved 1048576K
}
Event: 1596.933 GC heap after
{Heap after GC invocations=143 (full 0):
 garbage-first heap   total 1157120K, used 633691K [0x0000000700000000, 0x0000000800000000)
  region size 2048K, 10 young (20480K), 10 survivors (20480K)
 Metaspace       used 275068K, committed 278848K, reserved 1310720K
  class space    used 35838K, committed 37760K, reserved 1048576K
}
Event: 1597.518 GC heap before
{Heap before GC invocations=143 (full 0):
 garbage-first heap   total 1157120K, used 1096539K [0x0000000700000000, 0x0000000800000000)
  region size 2048K, 236 young (483328K), 10 survivors (20480K)
 Metaspace       used 275068K, committed 278848K, reserved 1310720K
  class space    used 35838K, committed 37760K, reserved 1048576K
}
Event: 1597.533 GC heap after
{Heap after GC invocations=144 (full 0):
 garbage-first heap   total 1157120K, used 623579K [0x0000000700000000, 0x0000000800000000)
  region size 2048K, 10 young (20480K), 10 survivors (20480K)
 Metaspace       used 275068K, committed 278848K, reserved 1310720K
  class space    used 35838K, committed 37760K, reserved 1048576K
}
Event: 1598.133 GC heap before
{Heap before GC invocations=144 (full 0):
 garbage-first heap   total 1157120K, used 1094619K [0x0000000700000000, 0x0000000800000000)
  region size 2048K, 240 young (491520K), 10 survivors (20480K)
 Metaspace       used 275068K, committed 278848K, reserved 1310720K
  class space    used 35838K, committed 37760K, reserved 1048576K
}
Event: 1598.145 GC heap after
{Heap after GC invocations=145 (full 0):
 garbage-first heap   total 1157120K, used 627107K [0x0000000700000000, 0x0000000800000000)
  region size 2048K, 10 young (20480K), 10 survivors (20480K)
 Metaspace       used 275068K, committed 278848K, reserved 1310720K
  class space    used 35838K, committed 37760K, reserved 1048576K
}
Event: 1598.778 GC heap before
{Heap before GC invocations=146 (full 0):
 garbage-first heap   total 1157120K, used 1096099K [0x0000000700000000, 0x0000000800000000)
  region size 2048K, 239 young (489472K), 10 survivors (20480K)
 Metaspace       used 275068K, committed 278848K, reserved 1310720K
  class space    used 35838K, committed 37760K, reserved 1048576K
}
Event: 1598.784 GC heap after
{Heap after GC invocations=147 (full 0):
 garbage-first heap   total 1157120K, used 628208K [0x0000000700000000, 0x0000000800000000)
  region size 2048K, 10 young (20480K), 10 survivors (20480K)
 Metaspace       used 275068K, committed 278848K, reserved 1310720K
  class space    used 35838K, committed 37760K, reserved 1048576K
}
Event: 1599.337 GC heap before
{Heap before GC invocations=147 (full 0):
 garbage-first heap   total 1157120K, used 1095152K [0x0000000700000000, 0x0000000800000000)
  region size 2048K, 238 young (487424K), 10 survivors (20480K)
 Metaspace       used 275068K, committed 278848K, reserved 1310720K
  class space    used 35838K, committed 37760K, reserved 1048576K
}
Event: 1599.347 GC heap after
{Heap after GC invocations=148 (full 0):
 garbage-first heap   total 1157120K, used 617683K [0x0000000700000000, 0x0000000800000000)
  region size 2048K, 10 young (20480K), 10 survivors (20480K)
 Metaspace       used 275068K, committed 278848K, reserved 1310720K
  class space    used 35838K, committed 37760K, reserved 1048576K
}
Event: 1600.015 GC heap before
{Heap before GC invocations=148 (full 0):
 garbage-first heap   total 1157120K, used 1096915K [0x0000000700000000, 0x0000000800000000)
  region size 2048K, 244 young (499712K), 10 survivors (20480K)
 Metaspace       used 275068K, committed 278848K, reserved 1310720K
  class space    used 35838K, committed 37760K, reserved 1048576K
}
Event: 1600.024 GC heap after
{Heap after GC invocations=149 (full 0):
 garbage-first heap   total 1157120K, used 620517K [0x0000000700000000, 0x0000000800000000)
  region size 2048K, 10 young (20480K), 10 survivors (20480K)
 Metaspace       used 275068K, committed 278848K, reserved 1310720K
  class space    used 35838K, committed 37760K, reserved 1048576K
}
Event: 1600.627 GC heap before
{Heap before GC invocations=150 (full 0):
 garbage-first heap   total 1157120K, used 1095653K [0x0000000700000000, 0x0000000800000000)
  region size 2048K, 242 young (495616K), 10 survivors (20480K)
 Metaspace       used 275068K, committed 278848K, reserved 1310720K
  class space    used 35838K, committed 37760K, reserved 1048576K
}
Event: 1600.633 GC heap after
{Heap after GC invocations=151 (full 0):
 garbage-first heap   total 1157120K, used 622313K [0x0000000700000000, 0x0000000800000000)
  region size 2048K, 10 young (20480K), 10 survivors (20480K)
 Metaspace       used 275068K, committed 278848K, reserved 1310720K
  class space    used 35838K, committed 37760K, reserved 1048576K
}
Event: 1601.235 GC heap before
{Heap before GC invocations=151 (full 0):
 garbage-first heap   total 1157120K, used 1097449K [0x0000000700000000, 0x0000000800000000)
  region size 2048K, 242 young (495616K), 10 survivors (20480K)
 Metaspace       used 275068K, committed 278848K, reserved 1310720K
  class space    used 35838K, committed 37760K, reserved 1048576K
}

Dll operation events (17 events):
Event: 0.011 Loaded shared library D:\.gradle\jdks\amazon_com_inc_-21-amd64-windows.2\bin\java.dll
Event: 0.060 Loaded shared library D:\.gradle\jdks\amazon_com_inc_-21-amd64-windows.2\bin\jsvml.dll
Event: 0.109 Loaded shared library D:\.gradle\jdks\amazon_com_inc_-21-amd64-windows.2\bin\zip.dll
Event: 0.113 Loaded shared library D:\.gradle\jdks\amazon_com_inc_-21-amd64-windows.2\bin\instrument.dll
Event: 0.118 Loaded shared library D:\.gradle\jdks\amazon_com_inc_-21-amd64-windows.2\bin\net.dll
Event: 0.120 Loaded shared library D:\.gradle\jdks\amazon_com_inc_-21-amd64-windows.2\bin\nio.dll
Event: 0.123 Loaded shared library D:\.gradle\jdks\amazon_com_inc_-21-amd64-windows.2\bin\zip.dll
Event: 0.248 Loaded shared library D:\.gradle\jdks\amazon_com_inc_-21-amd64-windows.2\bin\jimage.dll
Event: 0.419 Loaded shared library D:\.gradle\jdks\amazon_com_inc_-21-amd64-windows.2\bin\verify.dll
Event: 0.451 Loaded shared library D:\.gradle\native\660c5614fbf4a5f2a75b1949f50a0caf5cd603558e7d8a26e50b933a0cfb79d1\windows-amd64\native-platform.dll
Event: 0.460 Loaded shared library D:\.gradle\native\0.2.8\x86_64-windows-gnu\gradle-fileevents.dll
Event: 1.091 Loaded shared library D:\.gradle\jdks\amazon_com_inc_-21-amd64-windows.2\bin\management.dll
Event: 1.093 Loaded shared library D:\.gradle\jdks\amazon_com_inc_-21-amd64-windows.2\bin\management_ext.dll
Event: 1.249 Loaded shared library D:\.gradle\jdks\amazon_com_inc_-21-amd64-windows.2\bin\extnet.dll
Event: 1.487 Loaded shared library D:\.gradle\jdks\amazon_com_inc_-21-amd64-windows.2\bin\sunmscapi.dll
Event: 1050.652 Loaded shared library D:\.gradle\jdks\amazon_com_inc_-21-amd64-windows.2\bin\awt.dll
Event: 1053.921 Loaded shared library D:\.gradle\jdks\amazon_com_inc_-21-amd64-windows.2\bin\rmi.dll

Deoptimization events (20 events):
Event: 1588.306 Thread 0x000001e304d0a610 DEOPT PACKING pc=0x000001e2e936c44b sp=0x0000003801afa190
Event: 1588.307 Thread 0x000001e304d0a610 DEOPT UNPACKING pc=0x000001e2ede94bc2 sp=0x0000003801af9760 mode 0
Event: 1588.353 Thread 0x000001e304d0a610 Uncommon trap: trap_request=0xffffff6e fr.pc=0x000001e2ef439958 relative=0x0000000000007b18
Event: 1588.353 Thread 0x000001e304d0a610 Uncommon trap: reason=loop_limit_check action=maybe_recompile pc=0x000001e2ef439958 method=com.android.tools.r8.ir.optimize.i1.a(Lcom/android/tools/r8/internal/a41;Lcom/android/tools/r8/internal/ii3;I)V @ 232 c2
Event: 1588.353 Thread 0x000001e304d0a610 DEOPT PACKING pc=0x000001e2ef439958 sp=0x0000003801afa2d0
Event: 1588.353 Thread 0x000001e304d0a610 DEOPT UNPACKING pc=0x000001e2ede94422 sp=0x0000003801afa2a0 mode 2
Event: 1590.318 Thread 0x000001e304d0a610 DEOPT PACKING pc=0x000001e2e6fab02f sp=0x0000003801afa0a0
Event: 1590.318 Thread 0x000001e304d0a610 DEOPT UNPACKING pc=0x000001e2ede94bc2 sp=0x0000003801af9588 mode 0
Event: 1591.553 Thread 0x000001e304d0a610 DEOPT PACKING pc=0x000001e2e6a5f410 sp=0x0000003801afa5b0
Event: 1591.553 Thread 0x000001e304d0a610 DEOPT UNPACKING pc=0x000001e2ede94bc2 sp=0x0000003801af9a78 mode 0
Event: 1594.860 Thread 0x000001e304d0a610 DEOPT PACKING pc=0x000001e2e6d27f47 sp=0x0000003801afa4f0
Event: 1594.860 Thread 0x000001e304d0a610 DEOPT UNPACKING pc=0x000001e2ede94bc2 sp=0x0000003801af9a08 mode 0
Event: 1595.179 Thread 0x000001e304d0a610 Uncommon trap: trap_request=0xffffff6e fr.pc=0x000001e2eec54448 relative=0x0000000000002968
Event: 1595.179 Thread 0x000001e304d0a610 Uncommon trap: reason=loop_limit_check action=maybe_recompile pc=0x000001e2eec54448 method=com.android.tools.r8.internal.ap.b(Lcom/android/tools/r8/internal/v31;)V @ 314 c2
Event: 1595.179 Thread 0x000001e304d0a610 DEOPT PACKING pc=0x000001e2eec54448 sp=0x0000003801afa5a0
Event: 1595.179 Thread 0x000001e304d0a610 DEOPT UNPACKING pc=0x000001e2ede94422 sp=0x0000003801afa588 mode 2
Event: 1598.351 Thread 0x000001e304d0a610 Uncommon trap: trap_request=0xffffffcc fr.pc=0x000001e2ee5f26cc relative=0x000000000000012c
Event: 1598.351 Thread 0x000001e304d0a610 Uncommon trap: reason=intrinsic_or_type_checked_inlining action=make_not_entrant pc=0x000001e2ee5f26cc method=com.android.tools.r8.internal.wi3.a([Ljava/lang/Object;I)I @ 13 c2
Event: 1598.351 Thread 0x000001e304d0a610 DEOPT PACKING pc=0x000001e2ee5f26cc sp=0x0000003801afa4d0
Event: 1598.351 Thread 0x000001e304d0a610 DEOPT UNPACKING pc=0x000001e2ede94422 sp=0x0000003801afa458 mode 2

Classes loaded (20 events):
Event: 1083.924 Loading class java/lang/StackStreamFactory
Event: 1083.925 Loading class java/lang/StackStreamFactory done
Event: 1083.925 Loading class java/lang/StackWalker$ExtendedOption
Event: 1083.925 Loading class java/lang/StackWalker$ExtendedOption done
Event: 1083.925 Loading class java/lang/StackStreamFactory$StackFrameTraverser
Event: 1083.925 Loading class java/lang/StackStreamFactory$StackFrameTraverser done
Event: 1083.925 Loading class java/lang/StackStreamFactory$WalkerState
Event: 1083.925 Loading class java/lang/StackStreamFactory$WalkerState done
Event: 1083.925 Loading class java/lang/StackStreamFactory$StackFrameTraverser$StackFrameBuffer
Event: 1083.926 Loading class java/lang/StackStreamFactory$FrameBuffer
Event: 1083.926 Loading class java/lang/StackStreamFactory$FrameBuffer done
Event: 1083.926 Loading class java/lang/StackStreamFactory$StackFrameTraverser$StackFrameBuffer done
Event: 1528.452 Loading class sun/rmi/transport/DGCClient$EndpointEntry$CleanRequest
Event: 1528.452 Loading class sun/rmi/transport/DGCClient$EndpointEntry$CleanRequest done
Event: 1546.219 Loading class java/rmi/server/Unreferenced
Event: 1546.219 Loading class java/rmi/server/Unreferenced done
Event: 1567.181 Loading class com/sun/org/apache/xerces/internal/dom/DeferredElementNSImpl
Event: 1567.182 Loading class com/sun/org/apache/xerces/internal/dom/DeferredElementNSImpl done
Event: 1567.187 Loading class com/sun/org/apache/xerces/internal/dom/DeferredAttrNSImpl
Event: 1567.189 Loading class com/sun/org/apache/xerces/internal/dom/DeferredAttrNSImpl done

Classes unloaded (20 events):
Event: 1054.808 Thread 0x000001e2fdaafc00 Unloading class 0x000001e28311cc00 'java/lang/invoke/LambdaForm$DMH+0x000001e28311cc00'
Event: 1054.808 Thread 0x000001e2fdaafc00 Unloading class 0x000001e2830ad800 'java/lang/invoke/LambdaForm$DMH+0x000001e2830ad800'
Event: 1054.808 Thread 0x000001e2fdaafc00 Unloading class 0x000001e2830ad400 'java/lang/invoke/LambdaForm$DMH+0x000001e2830ad400'
Event: 1054.808 Thread 0x000001e2fdaafc00 Unloading class 0x000001e2830ad000 'java/lang/invoke/LambdaForm$DMH+0x000001e2830ad000'
Event: 1054.808 Thread 0x000001e2fdaafc00 Unloading class 0x000001e2830acc00 'java/lang/invoke/LambdaForm$DMH+0x000001e2830acc00'
Event: 1054.808 Thread 0x000001e2fdaafc00 Unloading class 0x000001e2830ac800 'java/lang/invoke/LambdaForm$DMH+0x000001e2830ac800'
Event: 1054.808 Thread 0x000001e2fdaafc00 Unloading class 0x000001e2830ac000 'java/lang/invoke/LambdaForm$DMH+0x000001e2830ac000'
Event: 1054.808 Thread 0x000001e2fdaafc00 Unloading class 0x000001e282e09800 'java/lang/invoke/LambdaForm$DMH+0x000001e282e09800'
Event: 1054.808 Thread 0x000001e2fdaafc00 Unloading class 0x000001e282e09400 'java/lang/invoke/LambdaForm$DMH+0x000001e282e09400'
Event: 1054.808 Thread 0x000001e2fdaafc00 Unloading class 0x000001e282e09000 'java/lang/invoke/LambdaForm$DMH+0x000001e282e09000'
Event: 1054.808 Thread 0x000001e2fdaafc00 Unloading class 0x000001e282e08800 'java/lang/invoke/LambdaForm$DMH+0x000001e282e08800'
Event: 1054.808 Thread 0x000001e2fdaafc00 Unloading class 0x000001e282e08400 'java/lang/invoke/LambdaForm$DMH+0x000001e282e08400'
Event: 1054.808 Thread 0x000001e2fdaafc00 Unloading class 0x000001e282e08c00 'java/lang/invoke/LambdaForm$DMH+0x000001e282e08c00'
Event: 1533.415 Thread 0x000001e2fdaafc00 Unloading class 0x000001e283492c00 'java/lang/invoke/LambdaForm$MH+0x000001e283492c00'
Event: 1533.415 Thread 0x000001e2fdaafc00 Unloading class 0x000001e283492800 'java/lang/invoke/LambdaForm$MH+0x000001e283492800'
Event: 1533.415 Thread 0x000001e2fdaafc00 Unloading class 0x000001e282e85800 'java/lang/invoke/LambdaForm$MH+0x000001e282e85800'
Event: 1533.415 Thread 0x000001e2fdaafc00 Unloading class 0x000001e282b02400 'java/lang/invoke/LambdaForm$MH+0x000001e282b02400'
Event: 1533.415 Thread 0x000001e2fdaafc00 Unloading class 0x000001e282b01400 'java/lang/invoke/LambdaForm$MH+0x000001e282b01400'
Event: 1574.401 Thread 0x000001e2fdaafc00 Unloading class 0x000001e28349f000 'java/lang/invoke/LambdaForm$MH+0x000001e28349f000'
Event: 1574.401 Thread 0x000001e2fdaafc00 Unloading class 0x000001e28349a000 'java/lang/invoke/LambdaForm$MH+0x000001e28349a000'

Classes redefined (0 events):
No events

Internal exceptions (20 events):
Event: 1574.594 Thread 0x000001e304d13670 Exception <a 'sun/nio/fs/WindowsException'{0x00000007fffffbc8}> (0x00000007fffffbc8) 
thrown [s\src\hotspot\share\prims\jni.cpp, line 520]
Event: 1574.595 Thread 0x000001e304d13670 Exception <a 'sun/nio/fs/WindowsException'{0x0000000734b0e260}> (0x0000000734b0e260) 
thrown [s\src\hotspot\share\prims\jni.cpp, line 520]
Event: 1574.597 Thread 0x000001e304d13670 Exception <a 'sun/nio/fs/WindowsException'{0x0000000734b14278}> (0x0000000734b14278) 
thrown [s\src\hotspot\share\prims\jni.cpp, line 520]
Event: 1574.598 Thread 0x000001e304d13670 Exception <a 'sun/nio/fs/WindowsException'{0x0000000734b1a1d8}> (0x0000000734b1a1d8) 
thrown [s\src\hotspot\share\prims\jni.cpp, line 520]
Event: 1574.599 Thread 0x000001e304d13670 Exception <a 'sun/nio/fs/WindowsException'{0x0000000734b20398}> (0x0000000734b20398) 
thrown [s\src\hotspot\share\prims\jni.cpp, line 520]
Event: 1575.408 Thread 0x000001e304d13670 Exception <a 'sun/nio/fs/WindowsException'{0x0000000735284698}> (0x0000000735284698) 
thrown [s\src\hotspot\share\prims\jni.cpp, line 520]
Event: 1575.411 Thread 0x000001e304d13670 Exception <a 'java/io/FileNotFoundException'{0x000000073528dfe0}> (0x000000073528dfe0) 
thrown [s\src\hotspot\share\prims\jni.cpp, line 520]
Event: 1575.449 Thread 0x000001e304d13670 Exception <a 'sun/nio/fs/WindowsException'{0x0000000734b10208}> (0x0000000734b10208) 
thrown [s\src\hotspot\share\prims\jni.cpp, line 520]
Event: 1575.486 Thread 0x000001e2c6f41c80 Exception <a 'sun/nio/fs/WindowsException'{0x00000007335b22b0}> (0x00000007335b22b0) 
thrown [s\src\hotspot\share\prims\jni.cpp, line 520]
Event: 1575.490 Thread 0x000001e304d122c0 Exception <a 'sun/nio/fs/WindowsException'{0x00000007332a0bd8}> (0x00000007332a0bd8) 
thrown [s\src\hotspot\share\prims\jni.cpp, line 520]
Event: 1575.504 Thread 0x000001e2c6f3d450 Exception <a 'sun/nio/fs/WindowsException'{0x0000000733053ed0}> (0x0000000733053ed0) 
thrown [s\src\hotspot\share\prims\jni.cpp, line 520]
Event: 1575.504 Thread 0x000001e2cbfdd700 Exception <a 'sun/nio/fs/WindowsException'{0x0000000732c90a98}> (0x0000000732c90a98) 
thrown [s\src\hotspot\share\prims\jni.cpp, line 520]
Event: 1575.530 Thread 0x000001e2cbfdc9e0 Exception <a 'sun/nio/fs/WindowsException'{0x000000073287ba98}> (0x000000073287ba98) 
thrown [s\src\hotspot\share\prims\jni.cpp, line 520]
Event: 1575.531 Thread 0x000001e2c6f3dae0 Exception <a 'sun/nio/fs/WindowsException'{0x0000000732962b08}> (0x0000000732962b08) 
thrown [s\src\hotspot\share\prims\jni.cpp, line 520]
Event: 1575.568 Thread 0x000001e2c6f40f60 Exception <a 'sun/nio/fs/WindowsException'{0x0000000731558400}> (0x0000000731558400) 
thrown [s\src\hotspot\share\prims\jni.cpp, line 520]
Event: 1575.583 Thread 0x000001e2c6f3e800 Exception <a 'sun/nio/fs/WindowsException'{0x0000000730b06e08}> (0x0000000730b06e08) 
thrown [s\src\hotspot\share\prims\jni.cpp, line 520]
Event: 1575.594 Thread 0x000001e2c6f41c80 Exception <a 'sun/nio/fs/WindowsException'{0x0000000730403828}> (0x0000000730403828) 
thrown [s\src\hotspot\share\prims\jni.cpp, line 520]
Event: 1575.611 Thread 0x000001e2c6f415f0 Exception <a 'sun/nio/fs/WindowsException'{0x000000072fb2d8e0}> (0x000000072fb2d8e0) 
thrown [s\src\hotspot\share\prims\jni.cpp, line 520]
Event: 1575.670 Thread 0x000001e304d12950 Exception <a 'sun/nio/fs/WindowsException'{0x000000072da1c470}> (0x000000072da1c470) 
thrown [s\src\hotspot\share\prims\jni.cpp, line 520]
Event: 1576.720 Thread 0x000001e2cbfde420 Exception <a 'sun/nio/fs/WindowsException'{0x00000007335f05c8}> (0x00000007335f05c8) 
thrown [s\src\hotspot\share\prims\jni.cpp, line 520]

ZGC Phase Switch (0 events):
No events

VM Operations (20 events):
Event: 1597.533 Executing safepoint VM operation: G1CollectForAllocation (G1 Evacuation Pause) done
Event: 1598.133 Executing safepoint VM operation: G1CollectForAllocation (G1 Evacuation Pause)
Event: 1598.145 Executing safepoint VM operation: G1CollectForAllocation (G1 Evacuation Pause) done
Event: 1598.502 Executing safepoint VM operation: G1PauseRemark
Event: 1598.506 Executing safepoint VM operation: G1PauseRemark done
Event: 1598.769 Executing safepoint VM operation: G1PauseCleanup
Event: 1598.769 Executing safepoint VM operation: G1PauseCleanup done
Event: 1598.778 Executing safepoint VM operation: G1CollectForAllocation (G1 Evacuation Pause)
Event: 1598.784 Executing safepoint VM operation: G1CollectForAllocation (G1 Evacuation Pause) done
Event: 1599.337 Executing safepoint VM operation: G1CollectForAllocation (G1 Evacuation Pause)
Event: 1599.348 Executing safepoint VM operation: G1CollectForAllocation (G1 Evacuation Pause) done
Event: 1600.015 Executing safepoint VM operation: G1CollectForAllocation (G1 Evacuation Pause)
Event: 1600.024 Executing safepoint VM operation: G1CollectForAllocation (G1 Evacuation Pause) done
Event: 1600.340 Executing safepoint VM operation: G1PauseRemark
Event: 1600.344 Executing safepoint VM operation: G1PauseRemark done
Event: 1600.606 Executing safepoint VM operation: G1PauseCleanup
Event: 1600.607 Executing safepoint VM operation: G1PauseCleanup done
Event: 1600.627 Executing safepoint VM operation: G1CollectForAllocation (G1 Evacuation Pause)
Event: 1600.634 Executing safepoint VM operation: G1CollectForAllocation (G1 Evacuation Pause) done
Event: 1601.235 Executing safepoint VM operation: G1CollectForAllocation (G1 Evacuation Pause)

Memory protections (0 events):
No events

Nmethod flushes (20 events):
Event: 1598.506 Thread 0x000001e2fdaafc00 flushing  nmethod 0x000001e2e892ae10
Event: 1598.506 Thread 0x000001e2fdaafc00 flushing  nmethod 0x000001e2e8ba9790
Event: 1598.506 Thread 0x000001e2fdaafc00 flushing  nmethod 0x000001e2ea061990
Event: 1598.506 Thread 0x000001e2fdaafc00 flushing  nmethod 0x000001e2ea07fb10
Event: 1600.343 Thread 0x000001e2fdaafc00 flushing  nmethod 0x000001e2e6a12890
Event: 1600.343 Thread 0x000001e2fdaafc00 flushing  nmethod 0x000001e2e6eca410
Event: 1600.343 Thread 0x000001e2fdaafc00 flushing  nmethod 0x000001e2e6919210
Event: 1600.343 Thread 0x000001e2fdaafc00 flushing  nmethod 0x000001e2e691b410
Event: 1600.343 Thread 0x000001e2fdaafc00 flushing  nmethod 0x000001e2e84d0890
Event: 1600.343 Thread 0x000001e2fdaafc00 flushing  nmethod 0x000001e2e9fd9990
Event: 1600.343 Thread 0x000001e2fdaafc00 flushing  nmethod 0x000001e2e9b99310
Event: 1600.343 Thread 0x000001e2fdaafc00 flushing  nmethod 0x000001e2e6a55890
Event: 1600.343 Thread 0x000001e2fdaafc00 flushing  nmethod 0x000001e2e6a71a10
Event: 1600.343 Thread 0x000001e2fdaafc00 flushing  nmethod 0x000001e2e7010a90
Event: 1600.343 Thread 0x000001e2fdaafc00 flushing  nmethod 0x000001e2e6d62190
Event: 1600.343 Thread 0x000001e2fdaafc00 flushing  nmethod 0x000001e2e7575990
Event: 1600.343 Thread 0x000001e2fdaafc00 flushing  nmethod 0x000001e2e7c19890
Event: 1600.343 Thread 0x000001e2fdaafc00 flushing  nmethod 0x000001e2e9582f90
Event: 1600.343 Thread 0x000001e2fdaafc00 flushing  nmethod 0x000001e2ea5f0c90
Event: 1600.343 Thread 0x000001e2fdaafc00 flushing  nmethod 0x000001e2ea64c190

Events (20 events):
Event: 1588.986 Thread 0x000001e305b1f490 Thread exited: 0x000001e305b1f490
Event: 1589.450 Thread 0x000001e2fdadaba0 Thread added: 0x000001e304764c30
Event: 1589.635 Thread 0x000001e304764c30 Thread exited: 0x000001e304764c30
Event: 1591.132 Thread 0x000001e305b1edc0 Thread exited: 0x000001e305b1edc0
Event: 1592.381 Thread 0x000001e2fdadaba0 Thread added: 0x000001e30510afa0
Event: 1592.530 Thread 0x000001e2fdadeb40 Thread added: 0x000001e2d1406ca0
Event: 1592.714 Thread 0x000001e2d1406ca0 Thread exited: 0x000001e2d1406ca0
Event: 1593.067 Thread 0x000001e30510afa0 Thread exited: 0x000001e30510afa0
Event: 1593.498 Thread 0x000001e2fdadeb40 Thread added: 0x000001e30510b670
Event: 1593.498 Thread 0x000001e2fdadeb40 Thread added: 0x000001e30510afa0
Event: 1594.705 Thread 0x000001e30510afa0 Thread exited: 0x000001e30510afa0
Event: 1594.706 Thread 0x000001e30510b670 Thread exited: 0x000001e30510b670
Event: 1595.248 Thread 0x000001e2fdadaba0 Thread added: 0x000001e30ec12cc0
Event: 1597.260 Thread 0x000001e30ec12cc0 Thread exited: 0x000001e30ec12cc0
Event: 1597.437 Thread 0x000001e2fdadaba0 Thread added: 0x000001e30510afa0
Event: 1597.836 Thread 0x000001e30510afa0 Thread exited: 0x000001e30510afa0
Event: 1599.952 Thread 0x000001e2fdadaba0 Thread added: 0x000001e30510afa0
Event: 1599.952 Thread 0x000001e2fdadaba0 Thread added: 0x000001e30510b670
Event: 1600.117 Thread 0x000001e30510b670 Thread exited: 0x000001e30510b670
Event: 1600.748 Thread 0x000001e30510afa0 Thread exited: 0x000001e30510afa0


Dynamic libraries:
0x00007ff74b6c0000 - 0x00007ff74b6ce000 	D:\.gradle\jdks\amazon_com_inc_-21-amd64-windows.2\bin\java.exe
0x00007ffd752c0000 - 0x00007ffd75526000 	C:\WINDOWS\SYSTEM32\ntdll.dll
0x00007ffd73880000 - 0x00007ffd73949000 	C:\WINDOWS\System32\KERNEL32.DLL
0x00007ffd729f0000 - 0x00007ffd72df0000 	C:\WINDOWS\System32\KERNELBASE.dll
0x00007ffd72e90000 - 0x00007ffd72fdc000 	C:\WINDOWS\System32\ucrtbase.dll
0x00007ffd38540000 - 0x00007ffd38558000 	D:\.gradle\jdks\amazon_com_inc_-21-amd64-windows.2\bin\jli.dll
0x00007ffd382a0000 - 0x00007ffd382be000 	D:\.gradle\jdks\amazon_com_inc_-21-amd64-windows.2\bin\VCRUNTIME140.dll
0x00007ffd73960000 - 0x00007ffd73b27000 	C:\WINDOWS\System32\USER32.dll
0x00007ffd52790000 - 0x00007ffd52a22000 	C:\WINDOWS\WinSxS\amd64_microsoft.windows.common-controls_6595b64144ccf1df_6.0.26100.8737_none_3e092eaee333b772\COMCTL32.dll
0x00007ffd725a0000 - 0x00007ffd725c7000 	C:\WINDOWS\System32\win32u.dll
0x00007ffd73c60000 - 0x00007ffd73d09000 	C:\WINDOWS\System32\msvcrt.dll
0x00007ffd73b30000 - 0x00007ffd73b5b000 	C:\WINDOWS\System32\GDI32.dll
0x00007ffd728c0000 - 0x00007ffd729e9000 	C:\WINDOWS\System32\gdi32full.dll
0x00007ffd72690000 - 0x00007ffd72733000 	C:\WINDOWS\System32\msvcp_win.dll
0x00007ffd74c50000 - 0x00007ffd74c82000 	C:\WINDOWS\System32\IMM32.DLL
0x00007ffd62390000 - 0x00007ffd6239c000 	D:\.gradle\jdks\amazon_com_inc_-21-amd64-windows.2\bin\vcruntime140_1.dll
0x00007ffd38210000 - 0x00007ffd38299000 	D:\.gradle\jdks\amazon_com_inc_-21-amd64-windows.2\bin\msvcp140.dll
0x00007ffc851a0000 - 0x00007ffc85f48000 	D:\.gradle\jdks\amazon_com_inc_-21-amd64-windows.2\bin\server\jvm.dll
0x00007ffd73460000 - 0x00007ffd73517000 	C:\WINDOWS\System32\ADVAPI32.dll
0x00007ffd731b0000 - 0x00007ffd7325a000 	C:\WINDOWS\System32\sechost.dll
0x00007ffd72ff0000 - 0x00007ffd73108000 	C:\WINDOWS\System32\RPCRT4.dll
0x00007ffd74d50000 - 0x00007ffd74dd0000 	C:\WINDOWS\System32\WS2_32.dll
0x00007ffd72360000 - 0x00007ffd723be000 	C:\WINDOWS\SYSTEM32\POWRPROF.dll
0x00007ffd6c600000 - 0x00007ffd6c636000 	C:\WINDOWS\SYSTEM32\WINMM.dll
0x00007ffd52b50000 - 0x00007ffd52b5b000 	C:\WINDOWS\SYSTEM32\VERSION.dll
0x00007ffd72340000 - 0x00007ffd72354000 	C:\WINDOWS\SYSTEM32\UMPDC.dll
0x00007ffd711c0000 - 0x00007ffd711db000 	C:\WINDOWS\SYSTEM32\kernel.appcore.dll
0x00007ffd3f6d0000 - 0x00007ffd3f6da000 	D:\.gradle\jdks\amazon_com_inc_-21-amd64-windows.2\bin\jimage.dll
0x00007ffd6f960000 - 0x00007ffd6fba2000 	C:\WINDOWS\SYSTEM32\DBGHELP.DLL
0x00007ffd74620000 - 0x00007ffd749a3000 	C:\WINDOWS\System32\combase.dll
0x00007ffd74540000 - 0x00007ffd74619000 	C:\WINDOWS\System32\OLEAUT32.dll
0x00007ffd4a5b0000 - 0x00007ffd4a5eb000 	C:\WINDOWS\SYSTEM32\dbgcore.DLL
0x00007ffd725d0000 - 0x00007ffd7267c000 	C:\WINDOWS\System32\bcryptPrimitives.dll
0x00007ffd602b0000 - 0x00007ffd602c0000 	D:\.gradle\jdks\amazon_com_inc_-21-amd64-windows.2\bin\instrument.dll
0x00007ffd381e0000 - 0x00007ffd38201000 	D:\.gradle\jdks\amazon_com_inc_-21-amd64-windows.2\bin\java.dll
0x00007ffd73da0000 - 0x00007ffd74532000 	C:\WINDOWS\System32\SHELL32.dll
0x00007ffd6fdf0000 - 0x00007ffd70682000 	C:\WINDOWS\SYSTEM32\windows.storage.dll
0x00007ffd73760000 - 0x00007ffd73857000 	C:\WINDOWS\System32\SHCORE.dll
0x00007ffd73580000 - 0x00007ffd735e7000 	C:\WINDOWS\System32\shlwapi.dll
0x00007ffd72400000 - 0x00007ffd72429000 	C:\WINDOWS\SYSTEM32\profapi.dll
0x00007ffd37c90000 - 0x00007ffd37d67000 	D:\.gradle\jdks\amazon_com_inc_-21-amd64-windows.2\bin\jsvml.dll
0x00007ffd381c0000 - 0x00007ffd381d8000 	D:\.gradle\jdks\amazon_com_inc_-21-amd64-windows.2\bin\zip.dll
0x00007ffd381a0000 - 0x00007ffd381b1000 	D:\.gradle\jdks\amazon_com_inc_-21-amd64-windows.2\bin\net.dll
0x00007ffd6ad00000 - 0x00007ffd6ae29000 	C:\WINDOWS\SYSTEM32\WINHTTP.dll
0x00007ffd71770000 - 0x00007ffd717dc000 	C:\WINDOWS\system32\mswsock.dll
0x00007ffd38180000 - 0x00007ffd38196000 	D:\.gradle\jdks\amazon_com_inc_-21-amd64-windows.2\bin\nio.dll
0x00007ffd383b0000 - 0x00007ffd383c0000 	D:\.gradle\jdks\amazon_com_inc_-21-amd64-windows.2\bin\verify.dll
0x00007ffd3cef0000 - 0x00007ffd3cf17000 	D:\.gradle\native\660c5614fbf4a5f2a75b1949f50a0caf5cd603558e7d8a26e50b933a0cfb79d1\windows-amd64\native-platform.dll
0x00007ffd37e80000 - 0x00007ffd37ef7000 	D:\.gradle\native\0.2.8\x86_64-windows-gnu\gradle-fileevents.dll
0x00007ffd380e0000 - 0x00007ffd380ea000 	D:\.gradle\jdks\amazon_com_inc_-21-amd64-windows.2\bin\management.dll
0x00007ffd380d0000 - 0x00007ffd380dc000 	D:\.gradle\jdks\amazon_com_inc_-21-amd64-windows.2\bin\management_ext.dll
0x00007ffd73400000 - 0x00007ffd73408000 	C:\WINDOWS\System32\PSAPI.DLL
0x00007ffd70b50000 - 0x00007ffd70b83000 	C:\WINDOWS\SYSTEM32\IPHLPAPI.DLL
0x00007ffd74de0000 - 0x00007ffd74dea000 	C:\WINDOWS\System32\NSI.dll
0x00007ffd37c00000 - 0x00007ffd37c09000 	D:\.gradle\jdks\amazon_com_inc_-21-amd64-windows.2\bin\extnet.dll
0x00007ffd71a90000 - 0x00007ffd71aab000 	C:\WINDOWS\SYSTEM32\CRYPTSP.dll
0x00007ffd71120000 - 0x00007ffd71159000 	C:\WINDOWS\system32\rsaenh.dll
0x00007ffd71830000 - 0x00007ffd71862000 	C:\WINDOWS\SYSTEM32\USERENV.dll
0x00007ffd723d0000 - 0x00007ffd723fa000 	C:\WINDOWS\SYSTEM32\bcrypt.dll
0x00007ffd71a70000 - 0x00007ffd71a7c000 	C:\WINDOWS\SYSTEM32\CRYPTBASE.dll
0x00007ffd5ee50000 - 0x00007ffd5ee5e000 	D:\.gradle\jdks\amazon_com_inc_-21-amd64-windows.2\bin\sunmscapi.dll
0x00007ffd72740000 - 0x00007ffd728b8000 	C:\WINDOWS\System32\CRYPT32.dll
0x00007ffd71cb0000 - 0x00007ffd71ce0000 	C:\WINDOWS\SYSTEM32\ncrypt.dll
0x00007ffd71c60000 - 0x00007ffd71c9f000 	C:\WINDOWS\SYSTEM32\NTASN1.dll
0x00007ffd2abd0000 - 0x00007ffd2abd8000 	C:\WINDOWS\system32\wshunix.dll
0x00007ffd70be0000 - 0x00007ffd70d35000 	C:\WINDOWS\SYSTEM32\DNSAPI.dll
0x00007ffd71570000 - 0x00007ffd7157d000 	C:\WINDOWS\SYSTEM32\DSPARSE.dll
0x00007ffd6a350000 - 0x00007ffd6a35b000 	C:\Windows\System32\rasadhlp.dll
0x00007ffd6c320000 - 0x00007ffd6c3a6000 	C:\WINDOWS\System32\fwpuclnt.dll
0x00007ffd712f0000 - 0x00007ffd71326000 	C:\WINDOWS\SYSTEM32\ntmarta.dll
0x00007ffd1dc90000 - 0x00007ffd1de23000 	D:\.gradle\jdks\amazon_com_inc_-21-amd64-windows.2\bin\awt.dll
0x00007ffd6ee80000 - 0x00007ffd6ef20000 	C:\WINDOWS\SYSTEM32\apphelp.dll
0x00007ffd10a80000 - 0x00007ffd10a98000 	C:\WINDOWS\system32\napinsp.dll
0x00007ffd10ac0000 - 0x00007ffd10ad3000 	C:\WINDOWS\System32\winrnr.dll
0x00007ffd10ae0000 - 0x00007ffd10b02000 	C:\WINDOWS\system32\nlansp_c.dll
0x00007ffd2e2c0000 - 0x00007ffd2e2d6000 	C:\WINDOWS\system32\wshbth.dll
0x00007ffd373e0000 - 0x00007ffd373e7000 	D:\.gradle\jdks\amazon_com_inc_-21-amd64-windows.2\bin\rmi.dll

JVMTI agents:
D:\.gradle\wrapper\dists\gradle-9.4.1-bin\arn2x92ynaizyzdaamcbpbhtj\gradle-9.4.1\lib\agents\gradle-instrumentation-agent-9.4.1.jar path:D:\.gradle\jdks\amazon_com_inc_-21-amd64-windows.2\bin\instrument.dll, loaded, initialized, instrumentlib options:none

dbghelp: loaded successfully - version: 4.0.5 - missing functions: none
symbol engine: initialized successfully - sym options: 0x614 - pdb path: .;D:\.gradle\jdks\amazon_com_inc_-21-amd64-windows.2\bin;C:\WINDOWS\SYSTEM32;C:\WINDOWS\WinSxS\amd64_microsoft.windows.common-controls_6595b64144ccf1df_6.0.26100.8737_none_3e092eaee333b772;D:\.gradle\jdks\amazon_com_inc_-21-amd64-windows.2\bin\server;D:\.gradle\native\660c5614fbf4a5f2a75b1949f50a0caf5cd603558e7d8a26e50b933a0cfb79d1\windows-amd64;D:\.gradle\native\0.2.8\x86_64-windows-gnu

VM Arguments:
jvm_args: --add-opens=java.base/java.lang=ALL-UNNAMED --add-opens=java.base/java.lang.invoke=ALL-UNNAMED --add-opens=java.base/java.util=ALL-UNNAMED --add-opens=java.prefs/java.util.prefs=ALL-UNNAMED --add-exports=jdk.compiler/com.sun.tools.javac.api=ALL-UNNAMED --add-exports=jdk.compiler/com.sun.tools.javac.util=ALL-UNNAMED --add-opens=java.base/java.util=ALL-UNNAMED --add-opens=java.prefs/java.util.prefs=ALL-UNNAMED --add-opens=java.base/java.nio.charset=ALL-UNNAMED --add-opens=java.base/java.net=ALL-UNNAMED --add-opens=java.base/java.util.concurrent=ALL-UNNAMED --add-opens=java.base/java.util.concurrent.atomic=ALL-UNNAMED --add-opens=java.xml/javax.xml.namespace=ALL-UNNAMED --add-opens=java.base/java.time=ALL-UNNAMED -Xmx4096M -Dfile.encoding=UTF-8 -Duser.country=US -Duser.language=en -Duser.variant -javaagent:D:\.gradle\wrapper\dists\gradle-9.4.1-bin\arn2x92ynaizyzdaamcbpbhtj\gradle-9.4.1\lib\agents\gradle-instrumentation-agent-9.4.1.jar 
java_command: org.gradle.launcher.daemon.bootstrap.GradleDaemon 9.4.1
java_class_path (initial): D:\.gradle\wrapper\dists\gradle-9.4.1-bin\arn2x92ynaizyzdaamcbpbhtj\gradle-9.4.1\lib\gradle-daemon-main-9.4.1.jar
Launcher Type: SUN_STANDARD

[Global flags]
     intx CICompilerCount                          = 4                                         {product} {ergonomic}
     uint ConcGCThreads                            = 3                                         {product} {ergonomic}
     uint G1ConcRefinementThreads                  = 10                                        {product} {ergonomic}
   size_t G1HeapRegionSize                         = 2097152                                   {product} {ergonomic}
    uintx GCDrainStackTargetSize                   = 64                                        {product} {ergonomic}
   size_t InitialHeapSize                          = 264241152                                 {product} {ergonomic}
   size_t MarkStackSize                            = 4194304                                   {product} {ergonomic}
   size_t MaxHeapSize                              = 4294967296                                {product} {command line}
   size_t MaxNewSize                               = 2575302656                                {product} {ergonomic}
   size_t MinHeapDeltaBytes                        = 2097152                                   {product} {ergonomic}
   size_t MinHeapSize                              = 8388608                                   {product} {ergonomic}
    uintx NonNMethodCodeHeapSize                   = 5839372                                {pd product} {ergonomic}
    uintx NonProfiledCodeHeapSize                  = 122909434                              {pd product} {ergonomic}
    uintx ProfiledCodeHeapSize                     = 122909434                              {pd product} {ergonomic}
    uintx ReservedCodeCacheSize                    = 251658240                              {pd product} {ergonomic}
     bool SegmentedCodeCache                       = true                                      {product} {ergonomic}
   size_t SoftMaxHeapSize                          = 4294967296                             {manageable} {ergonomic}
     bool UseCompressedOops                        = true                           {product lp64_product} {ergonomic}
     bool UseG1GC                                  = true                                      {product} {ergonomic}
     bool UseLargePagesIndividualAllocation        = false                                  {pd product} {ergonomic}

Logging:
Log output configuration:
 #0: stdout all=warning uptime,level,tags foldmultilines=false
 #1: stderr all=off uptime,level,tags foldmultilines=false

Release file:
IMPLEMENTOR="Amazon.com Inc." 
IMPLEMENTOR_VERSION="Corretto-21.0.11.10.1" 
JAVA_RUNTIME_VERSION="21.0.11+10-LTS" 
JAVA_VERSION="21.0.11" 
JAVA_VERSION_DATE="2026-04-21" 
LIBC="default" 
MODULES="java.base java.compiler java.datatransfer java.xml java.prefs java.desktop java.instrument java.logging java.management java.security.sasl java.naming java.rmi java.management.rmi java.net.http java.scripting java.security.jgss java.transaction.xa java.sql java.sql.rowset java.xml.crypto java.se java.smartcardio jdk.accessibility jdk.internal.jvmstat jdk.attach jdk.charsets jdk.internal.opt jdk.zipfs jdk.compiler jdk.crypto.ec jdk.crypto.cryptoki jdk.crypto.mscapi jdk.dynalink jdk.internal.ed jdk.editpad jdk.hotspot.agent jdk.httpserver jdk.incubator.vector jdk.internal.le jdk.internal.vm.ci jdk.internal.vm.compiler jdk.internal.vm.compiler.management jdk.jartool jdk.javadoc jdk.jcmd jdk.management jdk.management.agent jdk.jconsole jdk.jdeps jdk.jdwp.agent jdk.jdi jdk.jfr jdk.jlink jdk.jpackage jdk.jshell jdk.jsobject jdk.jstatd jdk.localedata jdk.management.jfr jdk.naming.dns jdk.naming.rmi jdk.net jdk.nio.mapmode jdk.random jdk.sctp jdk.security.auth jdk.security.jgss jdk.unsupported jdk.unsupported.desktop jdk.xml.dom" 
OS_ARCH="x86_64" 
OS_NAME="Windows" 
SOURCE="" 

Environment Variables:
PATH=D:\JDK with Hotspot\bin;C:\WINDOWS\system32;C:\WINDOWS;C:\WINDOWS\System32\Wbem;C:\WINDOWS\System32\WindowsPowerShell\v1.0\;C:\WINDOWS\System32\OpenSSH\;C:\Program Files\dotnet\;D:\mongosh-2.5.0-win32-x64;D:\Program Files\Git\cmd;C:\Program Files\Docker\Docker\resources\bin;D:\Program Files\nodejs\;C:\ProgramData\chocolatey\bin;D:\php-8.4.13-src;C:\php-8.4.13-nts-Win32-vs17-x64;C:\composer;C:\Users\USER\AppData\Local\Microsoft\WindowsApps;D:\Microsoft VS Code\bin;C:\msys64\ucrt64\bin;C:\Users\USER\AppData\Local\Programs\Python\Python313\python.exe;C:\Users\USER\AppData\Local\Programs\Python\Python313\Scripts;C:\Users\USER\AppData\Roaming\npm;D:\tubes1-IF2211-game-engine-1.1.0\tubes1-IF2211-game-engine-1.1.0\scripts\copy-env.bat;C:\Users\USER\OneDrive\College\phpmyadmin;D:\php-8.4.13-src;C:\php-8.4.13-nts-Win32-vs17-x64;C:\Users\USER\AppData\Roaming\Composer\vendor\bin;D:\.android\emulator;D:\.android\platform-tools;C:\Users\USER\AppData\Local\Android\Sdk\platform-tools;C:\Users\USER\AppData\Local\Android\Sdk\emulator;
USERNAME=USER
OS=Windows_NT
PROCESSOR_IDENTIFIER=Intel64 Family 6 Model 186 Stepping 2, GenuineIntel
TMP=C:\Users\USER\AppData\Local\Temp
TEMP=C:\Users\USER\AppData\Local\Temp




Periodic native trim disabled

---------------  S Y S T E M  ---------------

OS:
 Windows 11 , 64 bit Build 26100 (10.0.26100.8737)
OS uptime: 0 days 5:40 hours
Hyper-V role detected

CPU: total 12 (initial active 12) (6 cores per cpu, 2 threads per core) family 6 model 186 stepping 2 microcode 0x4121, cx8, cmov, fxsr, ht, mmx, 3dnowpref, sse, sse2, sse3, ssse3, sse4.1, sse4.2, popcnt, lzcnt, tsc, tscinvbit, avx, avx2, aes, erms, clmul, bmi1, bmi2, adx, sha, fma, vzeroupper, clflush, clflushopt, clwb, hv, serialize, rdtscp, rdpid, fsrm, f16c, cet_ibt, cet_ss
Processor Information for processor 0
  Max Mhz: 2100, Current Mhz: 2100, Mhz Limit: 2100
Processor Information for processor 1
  Max Mhz: 2100, Current Mhz: 2100, Mhz Limit: 2100
Processor Information for processor 2
  Max Mhz: 2100, Current Mhz: 2100, Mhz Limit: 2100
Processor Information for processor 3
  Max Mhz: 2100, Current Mhz: 2100, Mhz Limit: 2100
Processor Information for processor 4
  Max Mhz: 2100, Current Mhz: 2100, Mhz Limit: 2100
Processor Information for processor 5
  Max Mhz: 2100, Current Mhz: 2100, Mhz Limit: 2100
Processor Information for processor 6
  Max Mhz: 2100, Current Mhz: 2100, Mhz Limit: 2100
Processor Information for processor 7
  Max Mhz: 2100, Current Mhz: 2100, Mhz Limit: 2100
Processor Information for processor 8
  Max Mhz: 2100, Current Mhz: 1500, Mhz Limit: 1491
Processor Information for processor 9
  Max Mhz: 2100, Current Mhz: 1500, Mhz Limit: 1491
Processor Information for processor 10
  Max Mhz: 2100, Current Mhz: 1500, Mhz Limit: 1491
Processor Information for processor 11
  Max Mhz: 2100, Current Mhz: 1500, Mhz Limit: 1491

Memory: 4k page, system-wide physical 16122M (1837M free)
TotalPageFile size 22231M (AvailPageFile size 1184M)
current process WorkingSet (physical memory assigned to process): 1779M, peak: 1814M
current process commit charge ("private bytes"): 1869M, peak: 3057M

vm_info: OpenJDK 64-Bit Server VM (21.0.11+10-LTS) for windows-amd64 JRE (21.0.11+10-LTS), built on 2026-04-18T07:30:30Z by "Administrator" with MS VC++ 17.14 (VS2022)

END.
